annual_income,debt_to_income_ratio,credit_utilization,late_payments,credit_history_years,loan_amount,interest_rate,employment_years,default
70482.61,0.161,0.42,0,23.3,10003.11,7.68,3.2,0
123653.64,0.155,0.01,0,10.2,29900.62,8.03,15.8,0
29747.52,0.192,0.438,0,7.2,5522.45,6.6,1.8,0
51012.68,0.29,0.741,3,6.0,14220.53,11.67,4.4,1
138333.43,0.046,0.01,1,14.7,44708.11,6.19,3.0,0
86430.83,0.116,0.223,0,13.6,25130.84,6.11,2.6,0
134743.57,0.245,0.295,1,6.0,27650.06,10.84,5.1,0
33571.02,0.128,0.434,0,10.9,11775.67,7.58,1.6,0
30295.37,0.115,0.612,0,11.2,10561.45,7.82,9.6,0
112780.59,0.355,0.369,0,21.3,42854.15,6.16,8.6,0
89513.68,0.244,0.831,0,6.2,24650.21,13.08,17.5,0
54723.92,0.321,0.357,1,13.5,19223.07,9.39,7.2,0
81543.13,0.357,0.567,0,13.4,38726.65,7.06,5.9,0
81194.58,0.474,0.236,0,13.8,18261.46,6.91,4.8,0
42693.72,0.168,0.36,0,8.1,9046.41,8.09,15.4,0
55573.55,0.286,0.01,0,15.8,19306.93,4.99,12.8,0
70216.0,0.451,0.345,0,21.0,33075.45,9.02,3.9,0
122350.71,0.343,0.021,0,5.9,24769.69,3.5,6.2,0
33760.66,0.212,0.927,0,9.9,15315.0,11.0,9.3,0
62332.38,0.311,0.504,0,3.7,11843.61,6.63,8.1,0
62293.19,0.387,0.44,0,13.6,13449.88,9.61,5.4,0
92672.97,0.309,0.076,0,9.3,42147.55,7.87,2.3,0
55685.84,0.291,0.746,1,10.0,13080.56,10.72,1.7,1
53635.35,0.264,0.414,0,6.3,19162.72,6.95,7.0,1
132601.94,0.353,0.664,0,11.5,34003.03,10.26,2.8,0
55534.56,0.361,0.396,0,26.4,9076.64,9.24,4.7,0
54278.71,0.363,0.37,1,10.3,5496.61,8.34,12.5,0
29877.86,0.204,0.533,2,13.0,10498.58,8.53,1.6,0
45192.45,0.391,0.246,0,11.4,21426.26,8.36,18.7,0
81311.94,0.171,0.423,0,34.4,8120.11,7.31,5.1,0
56302.17,0.232,0.807,0,4.0,24364.36,10.51,3.5,1
96766.64,0.195,0.432,0,10.4,14234.18,9.85,2.9,0
96152.75,0.124,0.316,0,22.4,39442.74,5.86,14.3,0
210990.7,0.28,0.234,0,7.6,52271.08,3.8,9.2,0
43033.49,0.349,0.397,1,9.3,9946.16,8.15,3.1,0
26089.91,0.373,0.691,0,2.8,4195.18,10.05,5.9,1
41824.15,0.139,0.282,0,5.3,8895.66,5.04,1.6,0
55488.73,0.177,0.107,0,16.0,22809.67,6.31,6.2,0
48606.04,0.147,0.268,0,9.0,10646.41,4.83,1.4,0
64095.24,0.25,0.345,2,3.9,10365.26,9.21,3.0,0
110152.02,0.204,0.591,1,4.2,52672.74,5.62,7.5,0
130534.74,0.211,0.843,1,12.6,22785.82,10.78,3.4,1
96356.74,0.373,0.213,0,10.4,31647.61,6.77,2.1,0
183125.66,0.298,0.489,0,11.2,45187.03,9.7,9.5,0
56248.47,0.3,0.737,2,5.6,8607.94,13.42,2.7,1
29991.33,0.223,0.343,0,12.1,5877.81,6.17,15.7,0
98062.46,0.375,0.667,0,9.2,32630.4,12.17,5.6,0
27145.39,0.462,0.576,1,13.6,11651.62,8.21,2.6,0
42456.5,0.178,0.488,1,11.3,14800.46,8.88,7.6,0
86344.83,0.302,0.6,1,6.7,20094.7,11.9,18.1,0
61812.49,0.402,0.888,0,2.9,25079.06,12.17,4.2,1
56083.65,0.26,0.415,1,4.0,6424.21,7.67,11.2,0
48709.47,0.282,0.307,0,12.2,9783.44,6.25,11.5,0
71198.37,0.428,0.219,0,10.1,27474.79,9.2,7.3,0
118691.22,0.315,0.01,1,8.7,53659.39,6.43,4.5,0
76044.05,0.391,0.467,0,10.0,34024.09,9.2,6.6,0
47704.32,0.209,0.358,1,2.6,9482.49,9.25,12.7,0
29414.82,0.329,0.298,2,1.8,10874.35,9.99,5.3,1
52954.62,0.1,0.699,0,14.4,15512.43,7.8,4.4,0
70309.25,0.3,0.757,2,23.7,10517.1,10.16,4.3,0
104972.24,0.083,0.01,0,18.5,11819.36,4.32,9.5,0
48854.47,0.337,0.561,0,18.7,22898.56,10.27,9.2,0
22926.71,0.204,0.512,3,20.9,5565.44,10.43,5.2,1
75740.9,0.372,0.602,1,15.2,21798.85,9.72,5.6,0
39441.24,0.367,0.396,0,3.3,17861.46,9.5,5.2,0
83372.8,0.179,0.436,0,7.7,32114.89,10.47,3.1,0
50017.41,0.223,0.178,0,12.2,20749.76,4.69,4.9,0
45571.92,0.13,0.064,1,8.5,8092.15,9.19,10.6,0
63800.06,0.427,0.34,0,7.2,12968.74,10.49,4.1,0
217415.88,0.239,0.623,0,4.9,80000.0,7.78,5.4,0
119480.35,0.162,0.192,0,3.5,49980.29,5.7,4.9,0
87027.04,0.38,0.568,1,5.1,28090.72,9.91,9.4,1
93584.88,0.179,0.358,1,20.5,17047.81,8.33,4.2,0
27097.09,0.342,0.293,0,18.6,6819.37,5.27,4.1,0
38783.55,0.355,0.482,1,2.6,10887.04,13.46,7.4,0
18243.05,0.259,0.47,0,0.9,6505.08,9.91,4.4,0
167035.71,0.355,0.226,0,15.1,31175.97,5.24,5.0,0
138004.55,0.334,0.433,0,5.5,28368.03,8.03,11.2,0
74289.24,0.382,0.483,0,3.0,36021.49,10.95,13.7,0
76237.88,0.261,0.145,0,13.1,28509.89,8.0,4.4,0
30013.9,0.168,0.626,0,5.1,8062.97,7.09,14.8,1
68043.82,0.293,0.64,0,21.0,15855.99,13.09,6.9,0
170365.21,0.262,0.175,2,17.7,15062.52,3.89,0.7,1
76989.22,0.242,0.626,0,3.5,35847.24,7.71,5.1,0
62791.0,0.065,0.126,0,8.8,15270.73,6.95,19.3,0
27050.84,0.293,0.394,0,13.3,7693.4,7.89,6.7,0
142189.24,0.215,0.333,0,9.8,20721.7,7.73,14.0,0
65619.21,0.198,0.228,1,7.3,21464.03,7.56,4.4,0
27095.18,0.261,0.579,0,6.9,13294.35,7.38,8.4,0
40626.28,0.347,0.887,0,8.0,14450.03,11.13,22.7,1
33109.75,0.387,0.328,0,12.7,15927.86,8.69,3.8,0
64846.86,0.142,0.3,2,4.1,26027.61,7.43,2.9,1
80379.42,0.242,0.379,1,5.5,37012.25,7.37,3.9,0
54093.74,0.341,0.33,0,2.4,6768.96,10.39,3.9,0
129342.46,0.365,0.111,1,6.0,27376.84,7.23,7.9,0
89020.86,0.132,0.21,0,7.1,33650.2,6.68,6.1,0
139917.03,0.216,0.44,0,13.9,18884.6,6.15,10.4,0
67196.02,0.102,0.192,0,7.6,19962.87,9.95,4.9,0
250000.0,0.356,0.357,0,7.7,41376.97,9.74,9.8,0
59945.14,0.341,0.482,0,12.6,15168.81,7.07,3.3,0
46824.91,0.362,0.029,1,18.3,12794.35,5.83,4.9,0
33750.89,0.441,0.339,1,3.3,7312.15,8.56,8.2,0
65056.65,0.261,0.103,0,5.2,21711.99,6.49,9.8,0
26473.07,0.31,0.339,1,3.6,3105.32,11.04,4.7,0
90946.98,0.271,0.569,1,4.1,30354.18,11.08,16.6,0
28158.01,0.351,0.545,1,14.1,8001.41,12.84,9.6,1
85551.05,0.278,0.383,0,13.5,9678.13,6.7,14.5,0
37530.43,0.41,0.521,1,11.7,5842.32,11.0,2.3,0
49503.21,0.433,0.185,0,8.7,7349.47,4.45,8.1,0
119828.12,0.24,0.532,0,5.4,45838.48,10.22,12.5,0
191701.22,0.414,0.749,0,19.5,80000.0,6.76,15.8,0
39018.26,0.186,0.302,1,20.2,13659.45,4.19,9.1,0
69575.98,0.336,0.621,0,22.0,22882.7,11.37,6.2,0
60550.2,0.256,0.01,0,27.8,23926.2,6.12,1.2,0
44275.4,0.426,0.612,0,7.3,13471.29,9.75,3.9,0
52511.88,0.245,0.325,0,12.1,3851.86,7.09,2.6,0
97303.16,0.252,0.682,1,11.9,41283.14,10.72,10.1,0
53610.48,0.397,0.488,1,4.9,7626.38,9.54,1.9,0
154917.57,0.266,0.971,1,14.7,27779.82,11.44,4.0,1
86269.37,0.216,0.294,0,3.7,36194.87,7.78,3.7,0
49326.54,0.317,0.541,0,5.7,21510.9,9.11,8.8,0
55412.5,0.28,0.136,0,9.2,6760.56,6.13,3.8,0
44675.34,0.305,0.393,0,4.4,7911.99,11.35,15.1,0
80324.18,0.512,0.521,3,14.4,33778.5,11.63,1.6,1
27093.01,0.348,0.431,3,32.4,9433.64,7.76,5.2,0
33742.28,0.343,0.435,0,7.6,11337.2,7.52,2.2,0
40505.47,0.323,0.724,0,3.9,7719.49,11.0,6.8,1
114151.24,0.05,0.424,1,5.7,8056.51,10.25,13.3,0
136147.23,0.071,0.625,0,4.7,19414.53,8.64,6.5,0
152997.27,0.331,0.224,0,13.3,21759.61,6.92,14.2,0
93333.77,0.178,0.183,0,6.9,38790.69,7.44,13.3,0
81450.1,0.056,0.01,0,6.7,16799.58,3.5,4.9,0
89954.5,0.295,0.782,0,0.8,17904.91,9.85,5.9,0
40678.64,0.37,0.521,0,6.1,19090.52,8.03,4.2,0
35495.33,0.167,0.045,0,11.9,10050.1,6.03,6.5,0
98650.81,0.22,0.102,0,9.3,28785.85,7.06,4.0,0
39909.72,0.483,0.694,0,3.4,19219.24,11.66,8.3,0
57630.98,0.219,0.471,1,9.2,7539.55,7.61,1.4,1
52323.82,0.264,0.661,0,9.6,11564.36,10.42,2.7,0
48056.97,0.487,0.783,2,5.3,13975.56,12.92,5.2,1
99817.36,0.216,0.626,0,22.8,24882.23,9.71,5.9,0
118774.88,0.084,0.259,1,5.0,9456.6,9.17,3.2,0
105028.86,0.246,0.01,0,4.8,38402.16,5.1,0.8,0
52694.26,0.288,0.328,2,29.9,21344.3,7.81,22.4,0
81557.16,0.311,0.377,1,12.6,28235.22,9.59,9.8,0
54586.35,0.199,0.201,1,15.2,22709.18,6.33,7.1,0
68248.63,0.122,0.341,0,5.0,13188.33,6.81,4.7,0
244388.09,0.159,0.438,0,6.0,24318.15,11.3,0.7,0
62577.26,0.456,0.637,0,5.3,19057.65,10.33,4.7,0
82310.41,0.336,0.797,0,13.3,9067.75,9.47,10.1,0
49712.61,0.295,0.338,1,9.4,6772.87,9.78,8.1,1
130954.19,0.218,0.046,0,16.5,49578.99,3.67,6.7,0
128045.77,0.082,0.62,0,8.8,11347.65,10.0,6.3,0
106234.21,0.271,0.1,0,11.1,18612.31,6.22,3.6,0
76040.09,0.5,0.596,0,14.3,22881.72,11.79,1.0,0
84187.81,0.299,0.552,0,23.2,39906.61,9.35,1.5,0
122617.86,0.441,0.559,0,5.5,54279.99,9.22,8.6,1
66563.53,0.422,0.958,0,0.7,33133.27,13.24,10.0,1
69712.6,0.383,0.238,0,10.6,6361.35,8.33,2.2,0
126278.88,0.423,0.152,0,13.3,50569.62,9.56,4.3,0
51415.84,0.143,0.28,1,10.3,10856.02,5.08,8.8,0
54104.8,0.118,0.764,0,12.1,5250.01,12.11,8.1,0
47151.62,0.458,0.675,2,2.1,9082.98,13.85,6.1,1
33618.56,0.307,0.076,0,12.9,12570.38,7.92,9.2,0
88463.95,0.23,0.483,2,22.5,28133.84,8.45,1.3,0
49490.33,0.352,0.254,0,15.8,12970.23,4.51,6.1,0
46718.5,0.379,0.285,1,2.2,10989.59,10.17,4.1,0
57716.4,0.364,0.853,0,12.9,25100.49,14.41,3.1,0
71053.1,0.158,0.584,1,6.4,7837.54,10.99,8.0,0
58036.73,0.418,0.067,1,4.7,9318.79,4.36,8.0,0
73107.84,0.452,0.322,2,21.5,16341.91,8.55,12.6,0
61529.39,0.31,0.322,1,7.9,23788.32,8.2,12.0,0
59011.37,0.272,0.136,0,17.0,21707.51,6.4,5.5,0
57081.0,0.203,0.144,0,11.0,7584.71,5.75,6.2,0
140202.13,0.273,0.01,0,9.8,8084.48,5.38,2.5,0
24089.57,0.131,0.341,0,13.8,5035.39,7.07,6.1,0
47851.85,0.361,0.357,3,5.7,11229.42,9.27,7.5,0
52922.96,0.39,0.316,0,13.4,18938.08,5.21,7.2,0
84733.39,0.199,0.26,1,11.7,16410.42,6.66,2.3,0
32320.93,0.428,0.548,1,14.2,8398.84,11.19,12.3,0
43408.29,0.573,0.832,2,28.2,18641.09,11.44,6.2,1
62506.71,0.433,0.461,0,9.5,18028.93,10.33,3.7,0
121375.79,0.265,0.292,1,7.4,31981.72,7.98,10.0,0
66816.52,0.404,0.894,1,10.7,8411.27,13.82,5.7,1
35975.29,0.248,0.57,3,6.5,12000.0,10.31,18.8,1
42089.48,0.605,0.695,1,6.6,8851.15,15.25,6.8,1
101037.81,0.164,0.745,1,7.9,19830.22,10.19,6.0,0
46481.33,0.402,0.349,1,10.0,4103.77,9.56,7.6,0
81504.96,0.332,0.01,0,2.3,25159.44,5.95,12.5,0
51986.36,0.285,0.985,1,12.6,17015.02,12.43,2.5,1
42886.0,0.47,0.74,1,8.5,17598.31,10.5,6.7,1
250000.0,0.273,0.439,0,2.7,79514.18,6.46,5.3,0
59305.77,0.252,0.794,0,18.2,25457.2,12.74,7.6,0
66790.7,0.338,0.606,1,20.6,20459.61,9.5,8.8,0
56194.03,0.201,0.144,0,8.5,17222.68,3.5,5.1,0
101087.15,0.286,0.049,0,6.5,41603.67,4.82,5.5,0
93181.9,0.484,0.405,0,10.9,34806.19,7.31,1.6,0
54621.18,0.103,0.235,0,14.8,13964.14,8.03,14.0,0
66292.07,0.165,0.537,1,6.1,30636.72,10.27,2.1,0
45418.72,0.13,0.599,0,7.3,19268.21,8.29,15.1,0
37195.28,0.415,0.166,0,18.4,11734.97,8.22,5.5,0
89297.4,0.376,0.357,0,18.8,45769.75,7.97,2.5,0
51372.02,0.188,0.201,0,7.1,15524.9,8.03,2.4,0
19258.33,0.305,0.719,0,6.6,3566.86,11.33,7.2,0
220281.48,0.22,0.081,0,6.1,55394.5,7.38,7.5,0
46632.46,0.18,0.535,1,10.2,21623.11,10.23,1.7,1
69142.22,0.241,0.319,0,5.3,4666.62,6.2,9.6,0
181662.93,0.249,0.395,0,16.3,28311.85,8.2,6.0,0
73110.78,0.056,0.232,0,7.6,25180.33,6.53,2.4,0
66324.93,0.347,0.348,1,4.2,31090.42,10.92,7.4,0
32571.58,0.482,0.583,2,2.4,14096.82,10.24,9.4,1
38359.81,0.275,0.335,0,6.7,4322.82,8.45,6.3,0
62473.42,0.263,0.496,0,5.9,5789.61,10.13,10.3,0
87454.92,0.249,0.166,0,7.0,6180.91,7.28,3.1,0
82979.0,0.199,0.171,0,10.1,17657.47,7.37,4.1,0
45973.32,0.4,0.957,1,12.2,11403.42,12.56,4.2,1
62999.89,0.415,0.734,1,17.7,23123.74,7.76,11.8,1
22729.49,0.281,0.779,3,5.8,5637.07,15.01,11.0,1
86930.49,0.289,0.164,0,9.7,39325.25,3.75,11.4,0
82132.46,0.226,0.497,0,13.5,17887.76,6.07,0.5,0
181759.13,0.372,0.606,0,11.1,26913.83,8.77,7.4,0
65647.43,0.374,0.193,0,28.2,25818.76,6.49,0.3,0
42046.44,0.314,0.368,0,8.2,3558.05,9.92,2.0,0
78938.0,0.127,0.684,0,6.5,23032.67,11.01,2.8,1
57264.76,0.218,0.71,0,15.7,24346.55,7.7,8.5,0
80773.66,0.287,0.178,1,4.0,20235.41,7.02,9.0,1
46045.04,0.479,0.485,1,7.5,24376.67,9.04,4.3,0
27506.93,0.538,1.0,3,16.7,10442.6,16.04,1.3,1
35547.5,0.438,0.372,0,3.9,10328.37,10.54,5.4,0
80776.41,0.17,0.139,0,10.5,19535.01,3.5,3.5,0
166926.47,0.356,0.462,0,7.6,19543.52,9.27,1.6,0
77641.95,0.263,0.252,1,7.2,7846.89,7.79,13.4,0
95525.54,0.512,0.262,0,4.6,42070.13,6.57,7.4,0
91169.42,0.32,0.5,0,10.8,13533.72,10.35,10.8,0
86853.36,0.067,0.553,0,4.0,25730.44,8.92,10.4,0
51070.92,0.225,0.01,0,13.2,3527.42,5.55,3.7,0
105300.89,0.242,0.565,0,4.2,40532.11,10.65,2.8,0
124577.65,0.122,0.701,0,13.9,29982.05,11.55,3.9,0
103942.88,0.365,0.315,0,7.3,32554.13,8.3,4.6,0
105993.29,0.222,0.206,0,7.0,18417.75,7.06,3.2,0
62663.76,0.347,0.013,0,12.8,4937.5,5.27,2.4,0
62643.5,0.272,0.135,1,18.3,7835.1,4.24,6.4,0
85093.88,0.311,0.01,0,14.6,34544.27,3.5,4.7,0
83897.24,0.271,0.696,1,11.9,5064.17,9.4,5.9,0
84728.17,0.395,1.0,4,11.2,34148.85,13.58,5.0,1
27081.53,0.197,0.249,0,14.0,10958.84,4.59,2.0,0
82240.82,0.354,0.358,1,6.3,14628.4,11.25,4.3,0
48785.99,0.386,0.537,2,8.5,22660.64,10.71,12.3,1
22117.66,0.425,0.52,6,18.4,4912.66,11.74,4.0,1
113228.36,0.225,0.524,1,6.9,6448.21,9.1,4.6,0
50940.97,0.164,0.092,0,6.4,18784.51,6.91,9.0,0
54243.5,0.168,0.151,0,4.5,16034.92,6.42,3.8,0
125252.46,0.562,0.702,0,20.1,47475.78,13.2,1.9,0
129307.36,0.094,0.299,2,12.8,23369.29,5.61,11.6,0
93177.46,0.295,0.097,1,10.7,29230.2,9.09,9.1,0
72089.37,0.492,0.421,0,6.3,8973.2,7.65,5.2,0
58609.61,0.202,0.858,1,8.0,19375.28,11.12,2.2,1
188555.76,0.339,0.225,0,22.4,55587.12,6.55,5.7,0
102100.73,0.287,0.526,0,5.1,28299.27,9.31,11.8,0
59128.15,0.18,0.699,1,6.5,4779.04,12.62,6.0,0
36073.78,0.28,0.297,1,9.4,2883.3,8.76,4.5,0
93150.08,0.14,0.01,0,14.8,18142.86,3.5,3.6,0
63786.61,0.176,0.44,0,12.9,18910.86,5.05,4.6,0
37429.9,0.171,0.146,0,11.2,14044.68,8.12,7.8,0
77461.64,0.221,0.88,2,13.7,10940.05,13.95,7.4,0
50822.55,0.368,0.809,0,12.1,21044.82,9.06,9.3,1
85572.0,0.118,0.912,0,14.7,20693.31,9.7,19.4,0
79460.65,0.282,0.699,0,10.7,13864.89,11.13,3.7,1
50351.89,0.369,0.339,3,9.9,12693.49,8.41,2.9,1
92135.44,0.275,0.467,0,14.3,28628.41,7.48,1.7,0
60097.16,0.101,0.276,0,10.5,20931.35,6.73,5.3,0
52514.29,0.519,0.803,0,5.2,14355.72,10.58,5.4,0
53494.74,0.386,0.166,1,11.6,19512.17,8.81,2.3,0
83719.21,0.318,0.845,1,10.4,34105.95,15.42,16.4,1
46205.38,0.287,0.881,0,6.9,22023.45,11.52,10.7,1
123537.53,0.154,0.682,0,20.6,34037.66,6.19,13.8,0
180850.3,0.283,0.429,0,8.4,56750.96,9.59,3.2,0
56991.85,0.358,0.147,0,13.9,11938.27,5.71,11.3,0
18000.0,0.374,0.757,0,10.0,6485.89,8.68,3.0,1
107644.31,0.294,0.211,0,6.8,35441.7,4.59,9.9,0
53438.86,0.182,0.613,0,4.7,8374.37,11.27,4.8,0
59315.58,0.335,0.072,0,13.6,12643.85,5.19,7.0,0
44191.52,0.442,0.222,0,13.1,20063.45,7.34,21.1,0
51815.53,0.303,0.226,0,18.6,9702.28,6.15,5.9,0
151385.46,0.072,0.01,1,6.8,43752.14,6.13,10.4,0
79178.84,0.093,0.176,0,4.5,19977.01,5.59,7.1,0
120715.95,0.441,0.825,1,1.8,49208.17,11.75,4.5,1
85484.81,0.337,0.492,1,14.5,34779.98,9.12,6.1,0
61425.46,0.262,0.553,0,14.9,15432.16,7.63,4.6,0
57322.57,0.304,0.01,1,12.2,11032.44,8.84,1.7,0
92702.58,0.161,0.162,0,7.2,18161.94,7.62,0.9,0
98386.34,0.26,0.355,0,15.1,34933.72,9.46,4.8,0
86706.55,0.238,0.66,2,7.9,28834.88,10.66,6.0,0
90435.29,0.174,0.019,0,3.1,35849.72,5.93,2.3,0
76822.88,0.324,0.258,1,7.6,33195.85,9.32,11.6,0
87497.05,0.175,0.339,0,22.6,23795.56,8.14,5.1,0
53938.55,0.101,0.19,0,10.0,5496.35,4.27,5.8,0
41856.32,0.284,0.311,0,4.3,8401.91,9.35,17.0,0
61164.87,0.199,0.476,0,9.2,15843.22,8.49,7.5,0
57473.93,0.268,0.793,2,20.3,19832.71,16.54,6.6,1
70880.2,0.456,0.573,1,5.7,32339.64,10.12,11.5,0
159052.56,0.26,0.01,0,9.1,41896.06,7.02,5.2,0
30888.77,0.285,0.342,0,18.2,9729.16,5.35,11.5,0
53803.91,0.226,0.167,0,9.1,22566.23,6.64,11.2,0
57832.19,0.285,0.279,0,16.9,26297.18,5.67,3.9,0
117852.71,0.292,0.431,1,7.4,20368.86,12.94,7.4,0
55674.8,0.294,0.642,0,9.7,16643.65,11.25,19.6,0
44935.54,0.246,0.555,0,6.2,18325.34,7.95,11.3,0
31454.01,0.177,0.349,0,2.3,7859.48,8.92,4.0,0
64999.1,0.415,0.312,1,6.8,32491.68,9.51,1.3,0
52125.29,0.339,0.655,2,3.9,13646.85,12.69,4.6,1
46307.88,0.297,0.197,0,7.0,14577.63,6.09,5.2,0
45418.15,0.215,0.331,0,5.0,5991.1,5.73,2.4,0
108877.85,0.339,0.232,1,15.2,32016.19,6.27,7.0,0
36770.06,0.233,0.606,2,8.3,9711.72,7.95,2.1,0
47606.17,0.403,0.217,2,21.4,4064.64,8.16,10.3,0
122724.44,0.213,0.312,2,5.1,20476.72,7.96,5.3,0
78843.7,0.12,0.201,0,13.8,33577.72,4.68,6.8,0
80050.38,0.455,0.575,0,13.8,28617.96,9.95,9.6,0
99571.62,0.063,0.131,0,3.4,24267.1,8.65,1.4,0
58990.18,0.215,0.152,3,10.0,24514.31,8.7,3.8,1
59312.99,0.461,0.298,1,6.9,14491.04,7.93,1.8,0
84036.9,0.311,0.609,0,7.5,16612.71,10.28,0.8,0
105350.22,0.437,0.482,0,7.2,40858.86,9.48,11.5,0
85508.41,0.219,0.981,1,9.2,26419.66,12.2,20.3,0
34245.58,0.242,0.494,0,5.6,5421.72,10.05,6.4,0
163594.6,0.136,0.158,1,3.2,12912.84,7.23,1.4,0
57882.28,0.229,0.416,0,22.4,23509.57,7.17,2.2,0
57089.18,0.207,0.329,1,6.7,15901.91,10.51,2.8,0
68112.12,0.369,0.086,1,8.4,26294.67,8.91,10.7,0
79571.25,0.202,0.722,0,7.7,15689.26,9.18,3.3,0
79592.92,0.149,0.156,0,7.3,25465.41,4.75,6.9,0
67272.47,0.185,0.748,0,2.3,4430.15,11.47,6.0,0
119555.67,0.176,0.01,0,16.7,40197.87,4.92,9.5,0
72341.33,0.502,0.137,0,9.1,21829.0,7.28,5.7,0
62748.27,0.427,0.357,0,4.0,24253.8,7.16,0.5,0
53894.76,0.159,0.127,1,10.1,17908.9,5.62,8.7,0
78767.38,0.124,0.095,0,9.4,36813.11,6.6,11.3,0
54328.52,0.321,0.776,1,7.9,8762.97,12.01,0.7,0
31876.32,0.138,0.53,1,5.3,6552.78,4.97,12.2,0
147341.28,0.036,0.351,0,5.2,23186.18,4.87,3.7,0
51432.85,0.273,0.111,0,6.5,18166.28,6.65,0.5,0
144344.06,0.479,0.338,2,14.5,49948.67,8.46,5.4,0
32454.86,0.363,0.261,0,12.3,13557.02,10.12,3.9,0
48142.92,0.368,0.926,0,20.0,19051.04,10.71,6.2,1
67601.93,0.243,0.077,0,9.5,12434.26,6.75,5.1,0
46799.92,0.214,0.1,0,4.7,4818.44,5.79,3.6,0
48974.67,0.426,0.523,0,14.4,14420.9,10.38,16.3,0
204882.22,0.042,0.01,0,17.8,23055.99,5.76,2.3,0
57522.35,0.404,0.455,0,5.0,11097.91,10.04,5.9,0
43840.18,0.377,0.333,1,5.0,21344.9,9.61,1.1,0
24687.88,0.299,0.21,1,8.4,11290.38,6.51,8.6,1
32609.53,0.238,0.381,0,15.6,3020.81,7.15,2.1,0
46145.67,0.361,0.155,0,12.0,19229.47,7.45,17.4,0
42282.87,0.197,0.441,1,14.7,16265.81,9.19,4.2,0
58833.0,0.496,0.536,1,11.7,9290.44,10.8,2.7,1
22006.88,0.198,0.54,1,13.3,6925.43,9.75,4.5,0
62317.71,0.428,0.368,1,25.8,13502.01,9.8,4.4,0
127862.22,0.287,0.833,0,18.3,11097.88,10.4,7.3,0
151725.97,0.119,0.366,0,5.4,14461.82,8.13,1.6,0
28066.51,0.16,0.142,0,5.5,3905.91,6.11,4.0,0
43531.99,0.199,0.42,2,12.8,8304.84,10.28,6.4,0
38455.57,0.282,0.601,1,4.9,11498.56,10.83,3.5,1
86385.49,0.173,0.456,0,18.0,11235.82,6.32,9.5,0
38629.58,0.451,0.468,0,13.6,4829.24,9.68,9.9,0
120296.7,0.314,0.51,0,15.0,61381.66,10.02,11.0,0
78208.05,0.146,0.612,0,8.4,25456.64,8.57,13.2,0
73109.44,0.122,0.189,0,7.3,29043.36,7.42,4.2,0
141406.87,0.411,0.382,0,4.0,52605.79,9.58,18.0,0
58950.8,0.191,0.498,0,9.5,24298.65,10.18,4.2,0
82255.08,0.429,0.306,1,9.2,26235.4,7.29,7.6,0
38339.89,0.517,0.631,1,4.2,11849.59,14.71,2.4,1
30709.73,0.27,0.378,1,12.8,13235.02,7.37,6.3,0
44338.04,0.417,0.324,0,9.8,21800.07,7.72,2.5,0
177789.0,0.316,0.656,1,14.7,21463.04,9.33,9.8,0
63493.23,0.28,0.426,0,4.1,28286.59,8.09,15.4,0
80166.87,0.292,0.513,0,12.9,12253.03,7.29,4.8,0
58639.71,0.251,0.371,0,14.5,7291.73,5.02,3.2,0
81469.39,0.44,0.534,0,2.8,10976.41,10.15,6.1,0
38131.73,0.264,0.207,1,31.0,15386.8,8.59,1.7,0
31502.27,0.123,0.688,1,5.1,15110.93,11.92,5.8,1
42170.2,0.193,0.733,3,4.5,7282.94,11.76,1.4,1
224533.49,0.166,0.498,0,23.5,63385.72,9.11,3.2,0
206595.03,0.29,0.01,0,11.9,59960.84,4.59,4.5,0
70747.59,0.101,0.079,0,24.8,8604.9,3.5,1.1,0
55865.89,0.263,0.232,0,22.3,5032.35,9.11,1.6,0
28840.83,0.255,0.709,1,19.5,10592.43,12.06,1.6,0
64915.89,0.246,0.415,0,17.8,31386.32,11.21,9.9,0
70320.96,0.29,0.408,0,5.0,9129.37,5.11,7.6,0
124528.83,0.282,0.1,0,5.3,17312.21,6.89,11.5,0
152362.7,0.035,0.2,1,6.5,44667.8,9.23,3.4,0
61316.48,0.186,0.585,0,4.4,19304.92,10.52,9.2,0
95763.85,0.373,0.425,0,5.4,44638.28,9.16,4.9,0
45136.87,0.166,0.309,0,14.4,9713.4,6.96,10.9,0
78647.48,0.364,0.703,0,17.4,15714.52,10.67,2.4,0
52139.23,0.207,0.343,0,17.4,10617.91,7.35,1.1,0
75070.41,0.191,0.485,0,16.4,20368.0,11.89,14.6,0
78611.23,0.285,0.59,0,9.4,16274.45,11.25,4.5,0
64568.27,0.431,0.554,0,12.8,16587.13,10.05,5.4,1
111456.51,0.124,0.53,1,15.1,38166.23,8.61,11.8,1
32932.3,0.346,0.154,0,14.7,2780.53,7.18,2.9,0
39522.25,0.182,0.096,1,6.8,13065.98,3.78,17.3,0
52383.65,0.388,0.567,0,4.9,14097.37,10.14,6.2,0
36224.65,0.278,0.109,1,14.0,10075.24,7.39,2.5,0
51461.09,0.293,0.792,0,6.9,21052.16,11.55,2.8,1
59276.88,0.291,0.4,1,1.0,19172.99,7.57,12.0,1
129925.69,0.115,0.711,0,1.8,46824.64,9.44,3.6,0
63764.77,0.181,0.908,1,14.9,31894.6,12.37,26.6,0
153319.44,0.041,0.108,0,7.2,54882.45,5.08,6.9,0
96712.93,0.19,0.15,0,6.2,40297.18,10.58,4.6,0
66655.47,0.354,0.417,0,5.8,12645.83,10.35,9.4,0
105327.06,0.198,0.01,0,14.7,19506.82,4.48,3.6,0
107571.38,0.349,0.472,0,11.7,8395.55,7.85,2.5,0
106957.43,0.27,0.547,1,3.1,23996.55,8.03,4.1,1
66791.8,0.127,0.462,0,4.3,16702.23,8.75,12.8,0
29876.02,0.296,0.578,1,5.7,3377.8,11.8,7.5,1
25045.34,0.351,0.431,0,4.1,8635.31,10.98,14.1,0
47011.86,0.409,0.587,1,17.2,10489.81,10.65,7.4,0
22384.69,0.259,0.327,0,2.0,4959.3,5.12,10.9,0
129617.02,0.288,0.79,1,13.0,29858.63,11.86,13.6,1
89236.97,0.161,0.378,1,3.3,37129.86,10.58,26.4,0
57304.05,0.286,0.105,0,6.0,16401.41,5.48,7.3,0
43902.92,0.181,0.273,1,5.4,13782.63,6.78,12.9,0
141159.54,0.142,0.209,0,7.4,42802.34,7.55,1.5,0
45927.46,0.235,0.033,0,4.5,17887.66,6.98,9.4,0
44169.81,0.359,0.517,0,11.0,4701.92,9.19,6.4,1
41399.97,0.284,0.532,0,2.9,12460.32,11.82,1.2,0
54540.66,0.24,0.448,0,7.5,9435.96,8.1,19.6,0
114278.62,0.139,0.191,1,1.9,25819.81,9.4,8.7,0
113197.94,0.279,0.344,0,6.3,15422.93,7.9,5.3,0
132632.34,0.251,0.01,0,15.0,40495.45,4.42,16.0,0
63049.97,0.219,0.3,2,8.3,11566.61,7.47,1.3,0
113333.2,0.169,0.44,0,14.9,10676.14,9.9,6.0,0
66047.41,0.196,0.337,1,16.8,10428.66,8.48,1.2,0
24458.17,0.283,0.307,0,6.6,7141.85,9.67,6.2,0
54280.49,0.347,0.635,0,18.4,24372.31,11.74,1.8,0
50296.06,0.098,0.263,0,11.3,10250.73,4.22,4.6,0
59579.66,0.186,0.082,0,16.0,25820.01,3.74,8.6,0
47640.97,0.242,0.269,0,13.7,6526.99,5.97,15.0,0
50892.35,0.263,0.621,0,9.7,20804.97,8.28,5.0,0
94386.22,0.315,0.161,0,5.4,13343.7,5.62,3.7,0
146972.46,0.254,0.281,0,19.6,33917.25,6.82,7.8,0
28034.44,0.237,0.305,0,8.2,10677.8,4.95,4.7,0
29668.6,0.48,0.531,1,6.1,10655.65,10.58,8.3,1
49129.48,0.263,0.243,0,9.0,21949.6,8.69,8.8,0
124382.45,0.28,0.55,0,7.8,25506.2,11.5,8.8,0
51954.97,0.44,0.368,1,6.0,14549.01,11.58,9.5,0
50651.73,0.274,0.218,0,28.0,8003.38,4.72,11.5,0
80254.65,0.385,0.401,1,17.0,13582.0,5.44,6.7,0
101213.76,0.3,0.109,0,4.5,37615.17,6.27,5.1,0
68819.35,0.414,0.205,1,10.0,28502.37,5.37,8.7,1
43463.36,0.116,0.478,0,8.5,14680.12,7.55,4.0,0
56660.65,0.282,0.578,0,14.3,10215.65,10.03,0.2,0
43607.19,0.455,0.654,5,5.0,10083.49,12.27,2.6,1
59902.63,0.348,0.134,1,11.1,11671.31,9.23,10.0,0
51827.72,0.347,0.701,1,6.8,18603.94,15.01,6.2,1
89237.49,0.334,0.166,0,5.1,39261.02,12.03,15.6,1
87773.18,0.241,0.474,0,4.0,31378.49,6.92,8.0,0
105990.86,0.356,0.902,1,3.7,33671.48,16.59,4.8,0
129681.61,0.32,0.285,0,7.4,35320.66,8.81,5.6,0
80607.62,0.403,0.647,1,9.7,30457.81,10.61,4.0,1
60930.73,0.299,0.127,1,10.7,11534.36,6.12,5.7,0
144487.8,0.245,0.34,0,6.7,37563.16,7.04,2.0,0
118475.25,0.256,0.299,0,12.6,49795.0,5.63,10.2,0
250000.0,0.188,0.271,1,2.6,31309.78,7.59,7.0,0
84923.01,0.257,0.575,0,12.4,28187.42,10.17,6.3,0
99614.59,0.315,0.588,0,6.7,16014.95,9.41,1.7,0
57337.46,0.515,0.458,0,5.9,7970.82,10.41,5.6,0
54324.83,0.195,0.561,0,5.8,22995.58,10.7,3.3,0
70050.92,0.262,0.01,0,5.1,4450.59,5.56,14.6,0
74077.47,0.442,0.297,0,4.1,12319.35,7.88,11.2,0
93205.3,0.353,0.575,0,10.7,31730.98,9.95,11.0,0
123855.07,0.316,0.627,0,4.2,44111.57,11.87,3.0,0
76562.23,0.319,0.468,0,7.0,33513.03,8.63,12.4,1
49316.24,0.372,0.813,0,6.1,11187.79,12.37,2.3,0
61368.65,0.164,0.307,0,10.4,27685.06,7.74,8.3,0
30395.11,0.486,0.656,0,11.4,9223.37,11.85,6.2,0
181199.83,0.047,0.249,0,26.6,20214.75,5.48,6.0,0
52390.75,0.379,0.468,0,19.5,4677.88,8.71,2.4,0
71396.68,0.254,0.781,2,7.7,17273.59,11.56,0.0,1
74930.38,0.412,0.298,0,2.1,23077.27,7.87,9.2,0
62551.15,0.407,0.769,0,10.3,29598.95,13.65,0.8,0
63338.26,0.277,0.556,0,4.6,17922.13,9.56,2.1,0
42454.8,0.339,0.763,0,15.6,16454.64,8.46,0.1,0
43107.46,0.28,0.201,0,6.5,8888.21,9.54,10.1,0
160202.13,0.085,0.681,1,2.3,62160.45,9.82,6.3,0
81363.45,0.205,0.715,0,29.5,32506.34,8.38,1.7,0
108938.99,0.365,0.315,0,8.1,22200.31,7.58,2.4,0
151488.39,0.419,0.218,2,21.7,27862.7,8.14,1.6,0
50189.59,0.302,0.749,0,5.2,10595.92,12.72,3.6,0
70045.47,0.298,0.382,0,9.8,7899.49,7.0,2.3,0
65527.37,0.133,0.572,0,11.3,28068.48,8.47,5.9,0
40847.47,0.202,0.013,0,5.7,17050.72,4.13,1.5,0
57849.39,0.303,0.306,0,7.1,8926.06,9.07,9.2,0
94717.48,0.327,0.181,0,6.6,25922.42,5.43,11.0,0
46075.72,0.225,0.282,0,21.6,16352.65,8.27,19.4,0
77992.13,0.286,0.265,0,18.3,27475.67,7.01,5.3,0
66022.05,0.302,0.172,0,8.1,17353.32,7.27,17.4,0
250000.0,0.159,0.27,0,6.6,80000.0,5.9,12.9,0
35815.26,0.363,0.522,0,6.3,8027.91,8.92,1.5,0
69552.27,0.359,0.559,0,10.8,11540.99,9.61,4.6,0
52178.75,0.433,0.693,1,12.1,25723.15,11.49,2.2,0
56098.56,0.288,0.392,0,5.8,11847.79,9.94,2.3,0
75681.06,0.218,0.333,0,10.2,4158.74,9.67,5.8,0
150531.58,0.092,0.053,0,9.6,60341.93,6.59,8.6,0
105029.19,0.118,0.655,0,8.8,35341.85,8.33,3.3,0
50477.59,0.265,0.474,1,6.1,23639.5,12.34,5.1,1
107172.75,0.294,0.307,0,3.0,27731.39,9.11,4.9,0
136739.7,0.266,0.09,0,4.2,34573.76,6.17,5.9,0
93405.98,0.231,0.763,2,1.1,12891.47,11.19,4.0,1
67160.73,0.268,0.17,0,8.7,9732.98,5.59,4.3,0
90415.11,0.124,0.583,1,8.0,16125.46,11.14,4.0,0
85047.3,0.262,0.607,0,5.2,12851.96,10.95,7.8,0
46608.4,0.343,0.313,0,9.3,6725.52,7.25,1.6,0
28209.2,0.356,0.36,0,5.1,11514.18,9.69,5.0,0
24371.93,0.229,0.177,1,6.2,6560.0,6.4,1.5,0
63187.48,0.341,0.726,3,3.7,8860.38,12.82,13.6,1
87593.46,0.143,0.315,0,5.3,29926.01,10.34,8.0,0
33401.54,0.409,0.312,0,11.6,13427.22,6.66,9.0,0
86571.73,0.416,0.379,0,12.8,13263.68,8.69,2.0,0
85438.46,0.203,0.091,0,9.7,23280.57,6.38,6.3,1
149796.28,0.145,0.235,1,11.4,57074.94,6.35,7.8,0
65604.18,0.333,0.742,1,10.2,19360.98,12.38,1.6,0
42025.75,0.385,0.472,0,6.2,12829.99,5.45,7.0,1
67685.45,0.272,0.535,0,10.5,28199.47,9.27,7.1,0
100681.95,0.242,0.013,0,14.4,34156.82,6.15,1.9,0
41423.2,0.175,1.0,0,5.3,8491.38,11.12,3.1,0
33323.58,0.407,0.376,0,11.7,15651.21,9.88,5.8,0
68465.72,0.373,0.713,1,4.6,11063.86,10.79,7.8,0
32744.91,0.369,0.723,1,6.3,7230.01,12.38,6.6,0
123398.27,0.336,0.155,0,5.9,34174.02,5.57,1.2,0
65016.59,0.335,0.59,0,8.8,17941.4,8.57,10.5,1
167182.58,0.201,0.32,1,11.7,12046.96,6.47,11.0,0
22817.74,0.308,0.215,2,7.8,7990.01,6.46,2.8,0
93198.45,0.13,0.116,0,13.6,28731.3,4.0,4.3,0
121951.18,0.425,0.6,1,5.6,21716.15,12.57,4.1,1
48345.11,0.142,0.405,1,12.6,11854.46,9.3,8.2,0
52428.02,0.533,0.681,1,6.2,21849.45,9.92,7.5,0
82198.1,0.075,0.01,1,9.9,28384.61,6.92,6.4,0
55542.57,0.125,0.605,0,2.5,12442.75,11.94,5.3,0
100159.26,0.301,0.266,0,4.2,38077.88,8.43,9.7,0
41675.03,0.281,0.261,0,8.0,3526.42,7.13,3.4,0
61967.88,0.333,0.163,1,3.5,25372.58,6.05,2.5,0
89645.34,0.296,0.219,1,9.1,35541.49,10.83,4.8,0
63867.02,0.458,0.094,0,7.7,25040.6,5.74,1.8,0
43158.49,0.258,0.722,1,19.2,18306.41,9.78,10.1,0
107926.95,0.12,0.389,0,14.9,25343.52,3.85,4.8,0
113453.93,0.323,0.181,0,34.5,8469.83,7.0,9.9,0
36842.13,0.331,0.911,0,30.1,17427.24,9.6,6.7,0
32861.75,0.249,0.362,0,10.7,13147.59,4.63,9.6,0
40486.88,0.513,0.553,1,3.3,17753.21,10.3,5.2,1
80817.5,0.266,0.9,0,10.1,11801.94,12.7,12.7,0
74021.52,0.151,0.309,1,7.9,33043.35,8.18,19.6,0
71746.26,0.371,0.309,1,19.5,20807.95,7.96,9.1,1
58961.85,0.099,0.182,0,7.9,14190.14,7.16,3.7,0
45822.2,0.307,0.056,0,11.7,12023.95,6.27,13.7,0
119237.63,0.247,0.577,1,9.1,52904.93,11.74,2.6,1
61498.6,0.234,0.073,0,4.5,4425.12,7.77,9.6,0
90755.24,0.343,0.327,0,7.0,26598.83,6.97,2.4,1
37253.7,0.105,0.01,0,10.0,2258.2,6.53,5.1,0
52316.28,0.116,0.433,0,7.2,22297.69,7.48,4.4,0
104640.51,0.353,0.671,1,3.7,23603.44,11.94,7.3,0
47823.31,0.301,0.119,1,14.1,13560.7,6.24,1.8,0
113630.87,0.077,0.01,0,7.4,37975.14,7.73,5.5,0
19232.25,0.519,0.43,3,19.6,6805.3,8.28,9.2,1
46186.78,0.278,0.263,1,10.0,14149.01,8.7,14.5,1
64251.25,0.288,0.54,0,6.6,13868.19,10.04,6.8,1
174233.03,0.146,0.248,0,6.9,21077.62,7.17,13.6,0
35538.23,0.437,0.321,1,5.5,13074.83,7.19,2.2,0
91059.1,0.396,0.469,0,24.2,30439.25,6.3,0.7,0
142385.09,0.084,0.247,0,5.4,41916.72,7.16,3.0,0
48621.68,0.253,0.224,1,1.4,4277.15,6.33,1.4,0
54504.89,0.305,0.395,1,3.6,9439.8,12.58,9.1,0
84052.42,0.164,0.121,0,8.4,14930.83,6.63,9.6,0
32395.51,0.368,0.7,0,14.2,15356.0,11.97,6.4,1
68980.91,0.298,0.093,0,15.0,11036.43,4.15,9.8,0
101316.75,0.238,0.236,0,14.4,36705.39,7.98,5.2,0
71572.44,0.476,0.629,0,4.8,12953.99,13.92,5.0,1
65671.82,0.304,0.121,0,4.2,15100.51,7.25,11.4,0
67736.81,0.226,0.657,1,7.2,9632.41,11.89,4.3,1
132148.96,0.208,0.098,0,11.3,22307.5,5.91,7.9,0
118543.53,0.202,0.01,0,5.0,14221.25,4.58,9.4,0
54567.23,0.326,0.348,0,10.9,5662.36,8.25,11.1,0
168631.36,0.404,0.136,1,14.8,18347.4,8.67,7.3,0
114097.28,0.409,0.209,0,10.3,25788.1,6.69,4.5,0
68376.14,0.317,0.847,2,8.4,16962.24,14.79,3.8,1
54770.15,0.297,0.431,0,10.6,22201.94,7.76,1.4,0
47645.79,0.252,0.755,0,1.1,19722.56,11.2,4.5,1
55984.01,0.38,0.301,0,5.2,17576.28,8.76,4.7,0
54103.36,0.278,0.237,1,3.0,16817.64,6.47,6.4,1
35382.29,0.168,0.566,0,18.4,3765.12,5.96,8.1,0
82856.87,0.221,0.56,0,21.1,34392.52,9.06,7.3,0
94262.34,0.311,0.583,0,13.3,48654.96,10.85,6.2,0
116803.93,0.236,0.111,0,4.5,16589.39,5.65,4.7,0
60338.68,0.297,0.01,0,14.3,6731.09,5.67,4.6,0
49698.32,0.315,0.784,0,21.8,18234.32,7.57,12.0,0
85347.48,0.195,0.037,0,16.9,31763.35,3.5,8.3,0
55473.52,0.349,0.429,1,5.5,20222.98,7.71,0.4,0
80923.31,0.288,0.369,0,16.6,27223.89,7.17,0.6,0
120581.74,0.121,0.454,0,7.9,16862.69,7.67,1.5,0
105757.58,0.362,0.691,0,10.7,49895.57,11.28,3.0,1
43314.81,0.331,0.454,0,20.3,17168.65,6.39,8.5,0
61680.83,0.345,0.465,1,18.6,22657.68,12.48,2.9,1
63146.27,0.167,0.78,0,4.0,22527.31,10.75,7.6,0
71809.83,0.233,0.42,1,13.4,27711.53,9.18,2.8,0
94428.5,0.267,0.451,1,10.0,42728.58,12.44,8.9,1
96018.4,0.328,0.247,1,8.3,19254.54,7.46,7.9,0
123849.21,0.28,0.895,0,4.0,31621.58,10.0,0.7,0
109233.37,0.111,0.355,1,13.3,44156.34,5.32,15.4,0
59181.8,0.263,0.335,0,5.5,11800.29,11.21,3.6,0
71066.45,0.087,0.457,0,24.6,18834.63,5.87,1.5,0
28479.4,0.295,0.641,2,2.9,9643.6,10.38,4.8,1
162451.26,0.171,0.084,0,7.2,36431.63,6.01,9.0,0
54249.02,0.485,0.885,2,9.4,15894.39,14.24,2.0,1
98631.84,0.303,0.746,0,11.6,9161.12,13.59,6.2,0
115659.16,0.191,0.334,0,2.8,17945.35,7.6,4.7,0
33366.25,0.152,0.914,0,26.8,8489.75,11.05,1.9,0
41998.69,0.176,0.616,1,8.8,11683.76,9.38,5.7,1
157639.94,0.336,0.094,1,6.7,51117.25,7.74,2.7,0
61974.82,0.351,0.541,0,5.3,21762.46,10.36,3.6,0
55220.32,0.219,0.282,1,9.0,4389.24,8.02,2.9,0
63670.66,0.37,0.377,0,18.5,21844.28,11.11,3.4,0
109713.81,0.352,0.273,0,3.5,37632.38,10.63,4.5,0
117580.74,0.232,0.453,0,11.9,10454.82,6.59,3.5,0
31199.64,0.275,0.637,1,5.9,10715.02,10.43,3.3,1
162278.88,0.234,0.612,0,5.5,66950.86,8.41,4.6,0
115482.72,0.194,0.674,1,7.7,48731.49,13.2,2.8,0
50820.34,0.293,0.499,1,4.9,17988.0,8.44,1.2,0
45330.26,0.167,0.098,0,31.1,10919.95,6.25,2.3,0
165915.18,0.145,0.01,0,17.1,54366.18,6.75,6.4,0
66052.04,0.374,0.185,1,6.7,20712.59,5.99,17.1,0
22463.06,0.251,0.424,2,14.7,3903.41,6.41,0.7,0
64906.86,0.441,0.652,0,11.0,22868.49,7.43,3.4,1
250000.0,0.171,0.455,0,3.9,45795.63,10.22,2.6,0
72031.68,0.285,0.351,1,11.7,25876.08,9.47,4.8,0
49856.93,0.163,0.062,0,15.8,21670.79,5.85,7.5,0
43198.99,0.393,0.402,0,5.0,16259.51,11.03,11.5,1
190234.46,0.247,0.548,0,16.7,80000.0,7.67,4.4,0
93102.63,0.365,0.238,1,14.5,13070.28,7.44,16.4,0
122873.74,0.282,0.615,2,21.1,48677.45,14.03,2.2,1
97294.41,0.282,0.116,0,35.0,21720.71,5.34,4.0,0
111003.91,0.25,0.302,0,11.0,43183.96,4.63,2.6,0
32586.05,0.625,0.289,0,3.7,4883.61,10.8,7.4,0
71524.33,0.148,0.402,0,9.8,15447.28,10.55,4.3,0
82373.63,0.189,0.426,0,5.3,17273.29,7.05,9.1,0
135071.29,0.133,0.276,0,3.2,59239.92,9.49,5.4,0
71816.29,0.382,0.697,0,14.1,28358.19,10.55,8.3,0
66431.38,0.186,0.686,0,13.5,18648.43,8.96,4.5,0
68303.47,0.291,0.456,1,13.7,7548.34,8.22,0.8,0
32372.32,0.313,0.256,0,12.9,5429.13,7.75,2.6,0
18000.0,0.406,0.994,0,15.0,7779.76,11.31,8.1,1
104211.16,0.291,0.112,1,6.8,26441.64,6.55,6.9,1
43500.33,0.478,0.987,1,18.4,11802.27,14.74,7.0,1
71566.42,0.09,0.085,0,5.2,30280.52,6.3,7.7,0
92240.62,0.397,0.229,1,9.7,20535.51,9.12,2.8,0
126338.98,0.301,0.311,0,10.0,36170.91,6.67,0.2,0
100998.89,0.425,0.282,1,23.3,30126.22,7.36,21.2,0
166767.28,0.414,0.198,0,1.1,21318.64,9.05,5.5,0
71292.81,0.367,0.295,0,3.1,8937.19,8.84,6.2,0
82795.76,0.145,0.452,1,8.4,9913.8,10.2,7.1,0
100043.83,0.069,0.75,0,10.6,27190.68,10.12,5.7,0
36791.98,0.164,0.197,1,10.4,17149.29,4.96,3.9,0
124309.54,0.344,0.259,0,8.0,47201.46,8.39,10.2,0
22208.13,0.339,0.256,1,7.3,8112.71,6.18,2.8,0
51995.67,0.203,0.483,0,12.8,17095.7,8.21,2.7,0
90325.39,0.143,0.104,0,8.4,10732.65,8.09,5.2,0
60275.58,0.129,0.135,1,15.6,19237.23,5.46,1.4,0
50680.14,0.286,0.445,1,4.7,13879.17,7.97,1.0,0
178759.79,0.372,0.151,0,1.7,23476.27,7.81,7.2,0
174129.32,0.086,0.01,0,13.1,63152.51,5.61,9.7,0
43152.29,0.28,0.52,2,5.7,11129.88,9.55,8.3,1
51963.24,0.144,0.562,0,11.8,14428.57,9.16,2.4,0
41296.01,0.41,0.123,0,8.2,5366.22,8.16,11.5,0
117753.98,0.226,0.28,0,5.4,6554.31,4.86,1.3,0
52767.85,0.359,0.778,0,10.0,18453.08,11.68,4.2,0
25020.81,0.404,0.755,0,8.2,7645.63,11.35,4.4,0
48748.16,0.489,0.689,1,2.6,14163.41,10.99,2.5,1
78491.27,0.21,0.539,0,13.5,14829.41,9.92,6.1,0
101472.0,0.232,0.605,0,10.5,22053.52,12.52,4.6,0
67424.33,0.235,0.518,1,14.9,31022.06,7.5,8.7,0
49896.03,0.198,0.913,1,3.2,5470.64,13.83,7.4,1
159636.78,0.334,0.222,0,2.0,58158.25,4.5,5.0,0
55834.56,0.494,0.334,1,7.7,7688.33,6.63,3.9,0
104408.29,0.121,0.276,1,29.7,35387.66,6.36,9.4,0
56271.82,0.351,0.333,0,11.4,18774.96,4.47,9.4,0
102239.78,0.252,0.367,0,6.6,28756.71,7.64,1.4,0
29793.12,0.343,0.416,0,5.1,11229.12,8.34,4.4,0
42861.56,0.365,0.336,0,19.6,11497.12,9.09,5.8,0
40974.53,0.371,0.343,0,13.3,12697.04,5.1,3.0,1
54439.19,0.218,0.134,1,12.1,23284.1,6.16,1.9,0
117858.05,0.29,0.317,2,11.3,48691.78,8.4,4.5,0
52715.69,0.322,0.493,1,2.8,24224.22,8.4,3.5,1
82429.39,0.232,0.467,1,7.9,27681.86,8.13,9.2,0
201961.96,0.201,0.091,0,11.6,14575.94,5.46,2.2,0
76595.89,0.438,0.199,2,21.2,28911.61,10.7,3.2,0
124176.32,0.158,0.796,3,3.1,42502.74,11.24,6.2,0
127190.5,0.215,0.126,0,35.0,26731.38,3.65,10.7,0
83896.14,0.199,0.419,0,12.4,16275.1,10.78,1.9,0
112852.78,0.107,0.079,0,3.1,23679.86,6.01,8.2,0
169839.65,0.376,0.146,0,16.4,66114.73,5.9,14.6,0
41910.82,0.308,1.0,0,17.8,4995.69,14.29,8.5,0
44625.3,0.144,0.274,1,4.5,18013.72,5.6,7.3,0
49197.31,0.317,0.245,1,6.6,20823.92,9.35,4.3,0
110602.85,0.456,0.056,0,19.2,27840.61,3.5,0.2,0
98863.13,0.505,0.773,1,24.0,44916.11,8.97,4.4,0
61429.08,0.217,0.216,0,10.4,23467.44,7.56,3.0,0
28216.68,0.261,0.261,1,16.3,11476.59,5.81,11.3,0
44981.74,0.409,0.536,2,7.4,14572.7,10.28,5.7,1
91645.1,0.311,0.611,1,7.9,32015.52,9.16,1.8,1
59375.58,0.378,0.81,1,5.3,9626.67,12.59,2.0,1
74310.93,0.17,0.286,1,5.8,32009.36,10.9,0.7,1
47277.58,0.257,1.0,1,15.6,14548.01,9.32,2.3,1
130566.54,0.178,0.404,0,13.8,32498.69,6.13,1.8,0
80332.42,0.129,0.339,0,6.0,19739.21,7.61,9.6,0
93197.47,0.287,0.572,0,13.8,39305.32,7.94,0.7,1
89157.26,0.22,0.066,0,10.0,23631.64,6.16,8.2,0
112321.01,0.332,0.094,0,9.6,32931.79,7.82,5.3,0
75936.86,0.521,0.738,0,12.1,22817.99,10.25,6.3,0
46071.03,0.195,0.208,0,5.5,6339.03,5.0,3.5,0
95788.52,0.292,0.377,1,19.6,43157.56,9.9,17.8,0
100969.68,0.191,0.789,0,5.9,21685.82,11.93,5.2,0
98839.03,0.322,0.762,4,11.0,49237.71,14.01,5.2,1
119600.52,0.125,0.229,0,5.3,24693.68,6.94,13.7,0
54361.14,0.13,0.234,0,12.1,6081.53,8.27,7.6,0
53396.07,0.224,0.044,0,16.8,20105.37,3.84,2.4,0
43678.15,0.276,0.384,1,12.3,15821.99,9.42,8.1,0
71181.75,0.276,0.404,0,9.4,23805.75,10.34,7.9,0
56716.41,0.492,0.74,1,6.3,8405.31,13.61,2.1,0
47586.16,0.233,0.062,0,3.9,17551.77,7.52,3.1,1
47293.26,0.254,0.76,0,4.5,17599.29,9.93,3.3,0
23116.97,0.201,0.29,1,7.1,10747.44,8.13,3.5,0
18000.0,0.269,0.156,1,6.8,4223.26,4.46,7.5,0
58466.52,0.237,0.516,0,15.2,26338.38,7.71,1.3,0
213416.5,0.418,0.544,0,26.8,80000.0,8.8,3.8,0
154077.99,0.407,0.846,0,2.4,67938.92,13.06,2.7,1
41457.03,0.205,0.471,0,15.4,18958.1,9.13,4.8,0
64522.79,0.297,0.516,0,9.5,8299.37,9.79,1.0,0
29588.57,0.303,0.195,0,5.2,9690.1,7.11,9.2,0
46940.21,0.084,0.435,0,13.4,3529.6,5.24,7.0,0
54832.54,0.144,0.196,0,23.2,19512.78,5.11,3.6,0
51986.76,0.448,0.631,0,6.1,23710.3,10.77,5.3,0
51515.93,0.351,0.52,0,17.0,10918.02,5.16,8.6,0
90387.35,0.334,0.507,0,19.1,19991.1,11.21,3.2,0
125892.11,0.206,0.072,0,18.5,15622.4,7.6,5.4,0
56937.79,0.295,0.531,0,16.5,13881.74,8.48,5.3,0
59617.58,0.197,0.292,0,13.9,12262.69,7.42,8.3,0
30170.44,0.279,0.569,1,3.2,4640.25,11.69,12.0,0
32836.53,0.262,0.363,1,12.5,8250.25,10.15,4.6,0
35144.76,0.204,0.378,0,2.6,8308.19,11.63,9.4,0
107130.48,0.394,0.593,0,4.3,31294.95,12.95,6.2,0
57712.84,0.322,0.34,0,11.3,11855.62,8.52,2.2,0
29056.79,0.186,0.652,1,8.3,11149.74,9.91,3.5,1
77605.31,0.322,0.176,0,3.1,33267.94,9.09,7.4,0
26903.94,0.475,0.619,3,7.9,4384.29,12.82,5.7,1
113393.33,0.263,0.659,2,10.2,19208.69,10.91,15.4,1
42944.37,0.339,0.303,1,9.1,20195.86,4.79,5.7,0
109285.82,0.383,0.232,0,15.4,39353.58,5.4,2.0,0
100023.67,0.217,0.43,1,13.6,32121.5,11.21,8.3,0
38814.81,0.307,0.749,1,3.5,5256.25,12.36,8.8,1
65706.84,0.461,0.296,1,2.8,19833.75,9.05,3.6,1
72618.95,0.393,0.643,2,8.4,19717.3,10.54,7.9,0
64930.05,0.274,0.774,0,12.3,27686.05,10.9,16.0,0
71839.45,0.263,0.645,0,9.8,32310.43,9.16,11.6,0
32439.62,0.476,0.631,4,8.0,14547.54,14.2,2.4,1
84008.54,0.161,0.339,0,19.9,8104.83,5.39,4.9,0
71630.91,0.272,0.43,1,3.7,19109.61,8.57,7.3,1
79349.72,0.281,0.294,0,3.0,36602.04,5.43,1.2,0
115595.04,0.302,0.184,0,9.4,37309.28,5.86,10.3,0
115043.5,0.242,0.091,0,3.8,21793.19,5.42,8.6,0
61424.12,0.333,0.839,1,4.7,27476.56,11.67,2.1,1
70181.87,0.501,0.588,5,13.3,16587.78,14.62,8.3,1
76132.08,0.284,0.695,0,18.0,28060.36,8.73,8.7,0
133822.48,0.24,0.551,0,9.8,40044.47,11.57,6.7,0
53896.38,0.327,0.452,0,7.3,7051.31,9.56,10.3,1
73426.03,0.367,0.243,0,21.1,28767.83,7.34,9.1,0
102971.5,0.315,0.664,0,9.2,17607.29,9.45,1.6,0
64012.42,0.291,0.29,0,4.5,28831.94,7.44,3.9,0
33617.97,0.314,0.447,0,7.4,12736.55,9.93,4.7,0
85336.0,0.239,0.735,1,3.5,33168.39,10.26,3.1,0
75871.47,0.183,0.274,0,7.4,27854.63,10.13,8.0,0
38401.1,0.122,0.397,0,11.0,3495.65,7.62,0.7,0
87577.54,0.405,0.539,1,2.8,40905.34,11.23,2.4,1
101376.55,0.298,0.687,1,19.1,45207.74,9.81,7.6,0
26954.69,0.404,0.701,1,13.6,12390.24,12.29,6.9,0
110873.78,0.217,0.302,0,7.3,37740.4,9.72,10.6,0
19334.85,0.152,0.723,0,12.2,7540.25,11.74,23.9,1
55717.6,0.404,0.574,0,8.9,26337.23,9.66,6.2,0
169935.95,0.337,0.464,2,15.1,33723.93,11.71,4.0,0
69068.62,0.162,0.592,1,10.3,27218.51,7.97,2.8,0
72736.73,0.277,0.098,0,2.5,12401.22,5.71,4.8,0
110504.83,0.399,0.015,0,8.3,25701.43,7.15,4.7,0
36439.41,0.091,0.01,0,21.0,11228.37,6.84,3.4,0
64865.62,0.369,0.708,0,13.0,8058.43,9.41,4.4,0
65872.93,0.187,0.306,0,6.3,29158.49,6.7,10.6,0
221250.37,0.03,0.01,0,12.3,35756.9,3.96,2.2,0
38320.37,0.196,0.491,1,4.9,12880.8,12.33,2.0,1
48281.89,0.245,0.96,0,6.3,10691.44,10.97,13.3,0
36760.4,0.452,0.684,0,11.5,4838.74,10.66,2.5,0
35123.0,0.281,0.444,0,17.2,9500.09,9.76,8.1,0
116098.03,0.219,0.063,0,4.1,42056.05,4.62,6.9,0
78846.87,0.228,0.471,0,9.5,31901.54,9.66,5.4,0
61943.78,0.329,0.095,0,19.6,20247.15,8.16,4.1,0
50189.45,0.386,0.141,0,8.4,12777.39,3.5,3.0,0
48836.3,0.175,0.361,0,2.5,20825.53,9.48,6.6,0
44084.54,0.379,0.632,0,18.8,9064.82,12.94,7.8,0
31080.39,0.289,0.889,0,12.7,5028.3,12.1,5.0,1
61342.57,0.162,0.391,0,2.1,6204.78,8.08,5.9,0
69836.82,0.105,0.423,0,14.7,14172.81,7.22,7.4,0
49740.64,0.398,0.24,0,6.7,20750.11,5.22,2.5,0
70751.44,0.307,0.753,1,13.1,26240.33,13.66,2.7,1
78805.91,0.273,0.623,0,14.2,20126.24,8.8,1.7,0
57098.63,0.228,0.797,0,5.5,4203.34,12.63,16.5,0
60938.29,0.42,0.216,1,11.9,19002.19,9.84,3.6,1
207738.55,0.404,0.17,0,7.6,52509.61,6.79,6.7,0
208055.79,0.194,0.347,0,3.1,80000.0,7.04,3.2,0
39005.86,0.204,0.654,0,7.6,16112.14,10.81,5.0,0
46753.62,0.125,0.546,1,13.8,5752.63,11.69,4.5,1
39328.03,0.338,0.955,2,15.1,10396.75,13.9,4.3,0
108113.43,0.227,0.426,2,8.4,40760.54,7.76,6.4,0
67391.73,0.185,0.26,0,5.1,29613.59,6.28,13.6,0
82397.07,0.148,0.047,1,5.0,28202.43,7.65,2.9,0
140893.98,0.323,0.585,0,8.5,28382.92,10.31,2.3,0
81484.87,0.132,0.263,0,9.0,32009.99,5.18,9.5,0
133910.52,0.065,0.01,0,4.7,42361.65,6.83,13.2,0
117590.1,0.049,0.313,0,14.3,6154.61,5.97,9.1,0
51034.7,0.205,0.716,0,7.6,10181.68,10.94,6.4,0
112500.6,0.153,0.642,0,9.0,47765.3,7.36,7.0,0
46084.15,0.166,0.203,0,3.3,7552.6,7.29,3.2,0
106524.99,0.176,0.772,1,13.4,42408.72,9.5,3.2,0
78663.93,0.338,0.01,0,20.1,17308.72,4.53,12.0,0
50740.98,0.379,0.56,0,13.1,12094.84,9.03,16.0,0
31412.42,0.19,0.39,0,3.2,5826.46,6.98,6.2,0
52264.02,0.329,0.01,0,10.9,18590.9,6.41,3.7,0
58875.78,0.432,0.59,0,3.5,21998.35,9.57,15.8,1
23877.18,0.187,0.221,1,8.2,4180.14,7.67,6.0,0
70147.74,0.198,0.263,0,9.4,20298.66,7.37,13.9,0
56141.88,0.463,0.307,0,1.6,22112.11,9.79,3.0,0
79068.56,0.358,0.514,1,13.8,13484.41,8.6,5.9,0
62088.24,0.469,0.614,0,7.7,32226.66,9.36,4.7,1
51090.17,0.114,0.118,0,4.2,20312.97,5.64,1.8,0
40229.22,0.214,0.581,1,7.8,20770.01,11.53,8.5,1
60412.67,0.255,0.425,0,10.8,16332.48,7.26,5.5,0
104812.84,0.355,0.612,2,20.6,41121.71,12.13,4.3,0
46512.88,0.34,0.76,0,13.2,13887.95,10.25,19.9,0
47136.77,0.167,0.656,0,12.9,14078.01,8.21,3.1,0
37311.87,0.353,0.337,1,6.5,6862.12,9.86,3.6,0
20075.74,0.5,0.903,2,13.9,9207.5,12.29,3.1,1
68762.86,0.444,0.184,1,11.9,27587.75,6.22,9.5,1
83936.76,0.35,0.185,0,13.4,37954.59,7.54,2.9,0
107790.95,0.299,0.586,0,12.7,17534.82,10.62,4.9,0
118780.5,0.295,0.689,0,9.3,41776.83,9.55,1.4,1
232405.52,0.219,0.107,1,2.9,20365.57,6.91,3.1,0
56750.96,0.313,0.399,2,2.8,26709.21,8.08,14.6,0
59708.82,0.212,0.214,0,6.6,9969.12,4.52,4.0,0
34842.12,0.37,0.456,0,16.6,4908.06,6.58,14.5,0
94786.56,0.495,0.485,0,3.8,25325.37,9.87,6.3,0
68207.25,0.15,0.711,1,11.4,8027.49,7.41,11.8,0
86844.66,0.374,0.612,0,1.9,16356.79,11.98,2.7,1
53658.66,0.21,0.01,0,9.6,13418.17,4.75,5.1,0
72358.0,0.375,0.626,1,8.6,13659.41,13.31,4.2,1
87805.72,0.127,0.777,0,9.4,14945.08,9.97,5.3,0
91561.64,0.049,0.59,0,12.0,20988.68,6.8,8.2,0
49446.23,0.215,0.309,0,7.0,19237.7,11.21,14.8,0
118741.23,0.217,0.355,0,16.2,32660.59,4.86,11.5,0
203286.5,0.352,0.504,0,3.7,80000.0,9.45,2.4,0
34938.08,0.369,0.274,0,5.1,11569.37,7.71,10.1,0
119112.55,0.193,0.426,0,3.8,40993.43,7.75,12.1,0
18233.32,0.242,0.085,1,10.8,6840.74,5.32,2.1,0
102927.04,0.395,0.024,0,11.9,44073.73,5.59,5.9,0
27918.44,0.258,0.33,0,7.9,11384.29,8.46,2.1,0
50547.08,0.368,0.109,1,7.1,15759.96,6.39,8.3,0
42543.15,0.401,0.24,0,15.1,13362.46,9.23,1.2,0
54605.19,0.38,0.096,0,5.9,15061.25,5.97,2.5,0
100690.18,0.285,0.408,0,20.7,38550.61,6.68,6.1,0
37739.55,0.03,0.342,0,5.4,16142.65,7.58,6.2,0
78283.13,0.064,0.691,0,9.1,30063.88,10.11,3.5,1
53253.41,0.198,0.38,1,20.8,22165.39,8.23,3.6,0
150470.32,0.391,0.261,0,10.8,70601.87,7.84,6.8,0
85055.18,0.412,0.465,0,3.8,7691.98,7.56,11.4,1
38819.42,0.28,0.371,0,17.8,14062.81,6.46,1.4,0
52310.48,0.181,0.874,0,2.1,13220.43,12.12,5.3,1
123323.85,0.355,0.523,0,6.1,28333.67,7.97,3.8,0
114454.78,0.257,0.329,1,11.6,18570.79,10.29,4.3,0
52787.32,0.16,0.01,0,3.4,15461.71,7.72,8.1,0
71253.62,0.366,0.214,0,20.3,19077.29,4.6,10.1,0
57999.17,0.447,0.211,3,8.0,15659.06,8.17,4.1,1
43038.06,0.311,0.43,0,20.5,15597.84,7.01,4.1,0
32060.35,0.287,0.517,0,6.4,12876.97,7.05,1.7,0
73297.12,0.089,0.087,0,6.0,3664.86,4.33,1.4,0
173983.81,0.145,0.577,0,14.4,39140.82,9.74,9.7,0
64705.37,0.237,0.042,0,6.4,28594.69,7.5,10.9,0
70752.13,0.158,0.389,0,9.7,19377.06,7.45,7.2,0
77657.04,0.247,0.512,0,6.3,35299.28,7.74,12.1,0
195985.88,0.367,0.064,0,20.2,21095.48,4.95,3.0,0
71782.95,0.134,0.704,0,10.2,26166.89,9.31,0.6,1
97193.82,0.255,0.412,0,6.8,14297.66,8.42,8.3,0
56857.26,0.349,0.537,0,16.2,7640.57,7.99,2.5,0
68921.41,0.09,0.533,0,8.6,4841.27,8.37,6.9,0
63365.08,0.361,0.634,2,5.8,16405.83,12.2,7.8,1
59956.94,0.173,0.216,0,11.8,17306.18,8.75,3.8,0
57937.94,0.29,0.357,1,4.2,23562.38,8.81,3.3,0
102448.85,0.295,0.725,1,5.7,25804.15,12.99,4.7,1
47414.28,0.094,0.65,0,5.1,9353.3,10.73,7.0,0
52742.75,0.358,0.693,1,7.2,26420.73,11.73,0.8,0
105557.2,0.167,0.244,0,6.7,48969.92,7.27,3.7,0
32921.18,0.454,0.574,0,13.2,12900.17,9.48,2.4,1
119268.27,0.273,0.666,1,17.4,10424.2,11.75,3.2,0
86385.03,0.16,0.02,1,11.4,23991.9,4.66,13.6,0
62119.61,0.221,0.427,1,2.0,15578.26,10.62,2.8,0
30808.67,0.291,0.585,0,7.9,5934.48,8.64,4.2,1
64100.66,0.447,0.204,0,6.4,4446.6,8.04,3.1,0
76275.11,0.389,0.142,0,31.1,24132.4,7.13,4.2,0
143793.78,0.369,0.439,1,14.8,58723.63,9.89,1.1,1
98656.22,0.095,0.061,0,2.5,42207.47,4.46,4.8,0
99694.12,0.335,0.284,0,12.0,38106.26,7.05,7.1,0
31624.63,0.422,0.479,0,5.3,5650.17,8.04,4.9,1
50847.18,0.257,0.44,1,13.4,7190.47,8.9,6.5,0
112253.52,0.25,0.39,0,11.9,44377.04,9.67,5.4,0
35703.44,0.48,0.584,3,8.2,5290.72,13.11,5.4,1
146019.81,0.137,0.052,0,7.9,26184.76,6.78,7.1,0
101734.38,0.42,0.056,0,7.9,19805.32,7.6,8.2,0
89129.99,0.449,0.447,0,7.1,38835.91,7.74,6.6,0
56977.38,0.413,0.77,0,10.5,16917.85,12.68,3.9,1
46410.14,0.119,0.53,1,13.4,18447.2,6.33,17.3,0
163739.22,0.435,0.121,1,3.1,52357.43,6.92,4.0,0
68146.09,0.249,0.89,0,11.3,28828.25,12.56,6.4,0
82282.51,0.277,0.612,1,9.9,23214.87,7.36,4.5,0
52202.64,0.264,0.65,0,5.5,15789.21,11.39,3.9,0
71869.3,0.264,0.316,0,19.6,10128.67,6.83,6.2,0
72708.47,0.358,0.107,0,5.3,17177.26,6.58,2.3,0
82309.4,0.173,0.465,0,8.3,36348.43,6.98,18.8,0
90040.47,0.424,0.113,2,10.2,10883.23,4.17,8.7,0
38763.23,0.27,0.989,2,8.3,8038.23,13.19,5.3,1
25840.89,0.378,1.0,2,1.0,6442.07,15.45,3.3,1
67385.06,0.143,0.28,1,29.4,24991.98,8.37,10.4,0
26749.5,0.245,0.422,0,29.0,12476.79,8.04,5.0,0
69985.55,0.122,0.358,0,18.3,9362.2,9.48,5.2,0
54009.33,0.225,0.269,0,10.9,17620.2,6.6,0.3,0
74076.66,0.272,0.229,0,4.2,14562.0,5.9,3.9,0
153331.05,0.262,0.332,0,16.2,50798.35,8.02,3.7,0
25848.35,0.279,0.517,1,10.9,7475.88,12.09,1.9,0
175790.6,0.164,0.431,0,7.9,50729.96,8.42,2.0,0
56210.8,0.325,0.557,2,11.5,7986.14,8.34,13.4,1
66314.39,0.535,0.747,0,5.6,18046.93,11.08,3.2,1
32920.34,0.21,0.785,0,8.1,15104.84,11.27,2.1,1
116154.1,0.375,0.346,0,23.3,47052.2,8.01,5.1,0
65738.18,0.297,0.44,0,10.3,19729.13,8.26,7.9,0
105519.78,0.202,0.391,1,9.5,11739.02,7.61,5.3,0
25236.75,0.237,0.302,0,15.3,11113.84,5.67,8.5,0
126302.05,0.049,0.057,0,8.1,47228.45,4.45,13.7,0
134459.02,0.286,0.401,0,16.9,14488.75,7.76,5.6,0
56475.73,0.294,0.339,0,10.7,10518.11,8.26,3.9,0
110688.36,0.216,0.143,0,5.7,30224.99,4.9,16.0,0
141074.2,0.145,0.492,0,7.4,44971.92,9.44,10.1,0
56020.53,0.282,0.649,0,6.3,12485.67,8.64,9.4,0
117433.92,0.468,1.0,3,11.0,23826.91,13.44,2.6,1
75090.5,0.322,0.208,1,8.8,14542.18,6.96,4.0,0
48643.5,0.327,0.486,1,2.7,23281.76,11.01,10.5,1
71330.63,0.357,0.794,0,3.3,26090.61,14.28,1.1,1
65857.51,0.284,0.611,1,22.2,21326.64,7.85,11.8,0
18000.0,0.265,0.879,2,11.4,2538.08,13.97,6.5,1
60916.27,0.42,0.404,0,3.1,12497.78,7.83,2.1,0
41479.05,0.164,0.287,0,20.7,17640.65,7.92,1.6,0
151064.25,0.413,0.393,1,3.0,67035.13,9.66,7.0,1
146426.74,0.349,0.507,0,3.6,33089.98,7.71,9.7,0
127331.86,0.352,0.32,0,5.7,9609.76,10.27,2.5,0
63179.28,0.356,0.242,0,4.9,21390.19,6.74,7.3,0
47200.82,0.361,0.427,1,22.1,14183.25,7.29,6.1,0
42775.76,0.222,0.753,0,16.8,9143.52,10.44,3.3,0
171818.37,0.342,0.616,0,4.5,69190.95,9.4,4.6,0
51034.42,0.396,0.424,0,9.4,17963.42,8.49,4.2,1
22327.32,0.154,0.586,2,6.3,9555.79,9.89,8.7,0
107585.69,0.321,0.377,0,2.9,38370.28,10.81,2.3,0
126603.34,0.215,0.236,2,4.9,12854.13,5.49,1.0,0
176953.18,0.161,0.207,0,5.9,70596.21,5.01,3.5,0
132233.43,0.326,0.387,0,8.5,57342.89,9.1,10.3,0
101442.13,0.433,0.541,2,6.0,14650.76,12.17,3.0,1
74506.77,0.279,0.208,0,10.1,17474.62,7.03,17.8,0
31487.18,0.032,0.041,0,17.6,5182.19,3.5,3.4,0
64192.13,0.381,0.27,0,5.5,20799.44,7.78,2.6,0
85091.19,0.505,0.284,0,29.8,14691.31,4.49,8.0,0
81409.54,0.13,0.291,1,21.3,16302.8,9.99,12.4,0
60098.77,0.184,0.265,0,2.2,28637.76,8.03,4.8,0
38055.2,0.353,0.343,0,23.7,6047.64,6.13,14.6,0
39597.71,0.421,0.351,2,5.7,19283.77,12.77,5.0,1
148517.38,0.304,0.464,0,2.0,21577.87,12.01,4.7,0
209322.69,0.265,0.036,0,17.8,77377.44,6.96,4.9,0
64410.11,0.383,0.334,1,8.4,19880.32,10.67,7.6,0
81700.34,0.285,0.272,0,7.8,16778.08,6.7,6.7,0
45876.01,0.407,0.368,0,5.9,16345.27,10.23,8.6,0
80532.01,0.402,0.711,1,20.4,25250.54,9.72,3.4,0
124892.75,0.27,0.259,1,7.6,51267.35,9.52,3.6,0
24492.76,0.475,0.456,1,4.5,9222.9,10.86,2.4,1
68841.2,0.355,0.644,0,4.2,16297.24,12.72,1.6,0
89639.48,0.164,0.336,0,10.5,10943.38,7.99,4.9,0
82791.35,0.248,0.44,0,8.0,9449.91,9.11,13.8,0
132339.23,0.166,0.576,0,7.1,45462.95,7.82,5.2,0
177222.85,0.335,0.236,0,11.1,62119.25,4.74,5.7,0
59531.96,0.323,0.571,1,16.9,4982.55,7.94,12.1,0
82337.82,0.283,0.25,0,0.7,19122.91,3.5,3.2,0
71480.53,0.222,0.281,0,4.4,10973.42,7.45,3.0,0
56417.44,0.149,0.114,1,5.0,6630.16,6.82,7.9,0
82749.19,0.232,0.322,1,4.9,6531.93,6.54,5.6,0
84809.01,0.304,0.92,0,14.2,20167.8,14.06,1.8,1
75426.19,0.168,0.306,1,4.7,23037.26,9.76,7.1,0
42186.79,0.366,0.304,2,20.3,10531.78,8.49,6.4,0
48900.42,0.191,0.668,0,7.2,6112.41,10.93,4.1,0
58011.82,0.271,0.633,0,6.0,15703.6,9.86,4.5,0
40210.77,0.276,0.71,1,11.9,14644.0,12.12,2.5,0
74395.23,0.547,0.497,0,8.6,19526.75,9.57,1.1,0
101268.12,0.197,0.234,0,10.3,5098.39,8.0,11.4,0
86393.06,0.168,0.779,1,0.8,30955.85,10.45,5.1,0
48811.61,0.237,0.14,0,4.7,18744.88,9.82,8.4,0
67163.72,0.084,0.715,0,9.8,12706.07,9.22,8.7,0
169509.34,0.26,0.073,0,35.0,41250.11,3.5,4.5,0
73989.04,0.125,0.546,1,8.4,32162.09,7.24,0.6,0
68417.11,0.207,0.479,0,9.3,31156.77,9.32,1.5,0
65318.41,0.26,0.216,1,16.4,10066.93,7.43,12.3,0
123625.35,0.403,0.401,0,12.9,32262.22,6.88,6.7,0
108074.8,0.19,0.747,0,8.5,41197.18,11.69,4.4,0
109888.65,0.461,0.492,1,7.2,22029.85,10.64,8.2,1
65476.58,0.488,0.296,0,3.7,18408.76,9.96,7.5,0
41894.97,0.251,0.089,1,20.1,9946.74,4.67,3.1,0
155248.71,0.322,0.664,1,8.0,29471.03,10.55,6.6,1
143711.61,0.208,0.159,0,14.5,34964.81,7.1,9.9,0
57894.45,0.137,0.025,0,7.1,7980.87,8.44,10.3,0
190904.7,0.221,0.169,0,14.3,69993.29,4.65,3.2,0
52281.67,0.289,0.195,0,26.8,19396.45,5.14,2.2,0
133939.29,0.344,0.113,1,11.4,21673.07,3.5,8.4,0
116956.16,0.409,0.706,0,5.6,26269.91,11.82,17.9,0
36131.84,0.351,0.3,0,10.1,17340.39,4.84,0.7,1
87034.77,0.156,0.44,1,5.3,34786.23,7.47,2.9,0
107234.39,0.256,0.364,0,16.6,35455.21,7.31,15.6,0
220751.66,0.226,0.319,0,14.0,80000.0,5.9,13.0,0
51814.5,0.26,0.01,0,11.0,18122.5,6.31,9.5,1
135280.62,0.176,0.164,2,10.2,14850.23,8.71,3.8,0
58560.01,0.424,0.491,0,4.3,8435.94,9.44,18.6,0
40972.3,0.245,0.595,0,8.3,8860.55,8.56,7.2,0
56430.25,0.467,0.288,0,4.2,23336.29,6.11,4.2,1
61087.46,0.474,0.418,0,17.4,10857.67,8.35,15.2,0
47655.93,0.181,0.658,0,10.6,14391.57,8.48,6.8,0
67594.59,0.221,0.296,0,2.4,21338.44,6.97,8.7,0
96301.66,0.284,0.164,1,26.4,47631.95,7.53,6.6,0
75003.58,0.188,0.333,0,7.4,25175.6,6.51,11.1,0
59227.99,0.07,0.491,0,12.3,10204.14,4.93,4.9,0
72654.41,0.138,0.163,1,10.6,19608.71,5.22,11.5,0
73947.32,0.074,0.164,1,4.7,29738.37,5.44,6.0,0
69200.42,0.181,0.205,0,27.0,13342.62,3.5,14.6,0
134979.98,0.249,0.215,0,18.0,27028.39,9.67,3.3,0
72243.1,0.372,0.787,2,13.1,28907.0,10.63,6.7,0
42304.53,0.273,0.229,0,8.6,11466.69,6.71,8.4,0
53637.29,0.308,0.547,0,5.4,9195.23,10.58,11.9,0
72360.04,0.32,0.095,1,9.4,22220.56,8.82,5.5,0
78875.18,0.519,0.641,2,23.5,19508.11,11.79,3.3,0
158039.42,0.075,0.356,1,5.0,7991.45,10.12,7.5,0
125943.62,0.218,0.522,0,9.5,26108.23,6.83,10.3,0
70684.61,0.407,0.167,0,7.5,16874.49,6.11,7.2,0
91845.57,0.143,0.597,1,8.7,30589.86,10.57,2.1,0
33196.04,0.31,0.401,0,4.0,4309.31,7.8,12.5,0
77843.05,0.316,0.618,0,7.4,20794.9,8.35,5.9,0
41594.61,0.262,0.126,0,1.6,11465.52,5.49,4.7,0
52291.87,0.285,0.61,0,10.1,24263.43,8.49,6.8,0
250000.0,0.182,0.388,0,1.9,56010.03,6.78,7.4,0
65631.53,0.255,0.645,2,5.7,9221.11,10.7,6.5,0
49798.06,0.424,0.072,0,24.5,21176.52,3.5,6.5,0
83503.35,0.182,0.1,0,15.5,21424.71,3.5,3.3,0
62980.53,0.375,0.03,0,3.5,9135.67,6.78,6.1,0
39866.91,0.496,0.512,0,16.3,5201.49,8.3,3.6,0
148086.2,0.374,0.189,1,10.4,25871.12,7.28,4.9,0
114887.62,0.163,0.311,0,5.1,51328.54,6.15,10.3,0
82836.35,0.194,0.6,1,4.0,33962.47,11.7,6.4,1
67341.13,0.193,0.222,0,10.2,13603.96,4.76,2.3,0
60765.1,0.355,0.168,0,13.6,24819.42,5.51,4.3,0
183965.1,0.249,0.111,0,6.9,57679.89,7.56,10.5,0
91169.95,0.059,0.118,0,9.8,8913.17,6.4,7.8,0
18000.0,0.267,0.217,1,17.5,2768.01,7.44,3.8,0
176005.65,0.297,0.728,2,8.8,65140.24,11.58,0.0,0
47365.96,0.367,0.785,1,6.2,16059.6,12.29,8.2,1
88074.09,0.391,0.497,0,11.9,32802.6,7.91,12.6,0
91055.86,0.387,0.416,0,6.6,44854.11,6.82,5.5,0
81769.2,0.177,0.078,0,2.7,23327.84,7.24,3.9,0
99705.76,0.348,0.37,1,9.4,12000.53,9.7,4.1,1
51774.89,0.287,0.585,0,4.6,20023.74,9.77,16.3,0
37311.42,0.426,0.443,0,4.4,13740.55,11.06,4.6,0
76428.54,0.305,0.159,2,6.6,26024.26,9.43,8.0,0
144317.54,0.279,0.133,0,6.5,18557.3,6.51,1.6,0
62318.61,0.105,0.224,0,9.2,24811.22,7.46,7.6,0
61377.06,0.315,0.33,0,7.9,24599.06,8.46,14.3,0
110065.73,0.351,0.236,0,8.4,14354.61,7.94,4.7,0
57071.34,0.213,0.183,1,12.9,23038.14,5.78,2.2,0
61424.77,0.268,0.576,0,5.4,26201.66,12.22,9.9,0
56771.68,0.109,0.4,0,5.0,25481.83,6.23,11.1,0
58039.72,0.319,0.419,0,16.5,11875.65,6.12,7.3,0
31040.82,0.38,0.322,0,8.8,13240.01,9.02,1.2,0
58299.48,0.259,0.746,0,10.7,13948.93,11.54,2.0,0
62419.48,0.369,0.933,0,6.9,11589.33,15.28,0.0,1
58791.2,0.399,0.705,1,4.5,13363.53,8.09,7.7,1
109531.84,0.399,0.805,1,5.4,43490.44,13.41,7.8,1
140699.98,0.388,0.525,0,11.9,52253.26,9.51,6.6,0
115213.41,0.389,0.48,2,20.1,41364.61,11.73,4.5,0
88034.16,0.335,0.666,0,3.7,34257.45,8.77,8.5,0
57389.38,0.251,0.558,1,10.5,24514.2,10.9,2.7,0
45819.01,0.456,0.594,0,13.2,7930.34,8.94,12.6,0
63114.07,0.278,0.887,0,13.2,13549.37,9.66,4.0,0
107356.98,0.143,0.092,0,10.3,25606.02,7.78,4.5,0
90190.32,0.265,0.974,0,9.8,27833.98,12.87,3.4,0
113922.58,0.133,0.218,0,22.3,39741.29,6.86,9.3,0
72855.6,0.232,0.053,2,4.6,27297.1,4.98,14.3,0
80530.11,0.247,0.297,0,5.5,21051.77,9.32,7.7,0
108884.89,0.301,0.343,2,22.0,38064.04,8.09,3.2,1
81777.4,0.503,0.431,0,5.3,21487.54,10.36,1.9,0
69938.01,0.293,0.241,0,7.5,15514.6,5.86,8.1,0
54796.16,0.199,0.359,1,6.6,6071.38,9.03,2.3,0
46821.63,0.121,0.37,0,8.3,16022.2,9.32,6.8,0
48240.47,0.311,0.501,0,6.9,5312.61,8.5,4.1,0
75964.46,0.102,0.563,1,5.0,16549.85,9.23,3.3,0
72793.35,0.425,0.808,0,5.1,36779.53,13.71,9.4,1
36537.37,0.114,0.36,1,21.7,14113.18,4.42,5.7,0
50464.22,0.149,0.723,0,19.5,10748.06,11.13,3.5,0
89520.27,0.277,0.234,0,5.2,14626.04,5.6,6.3,0
41083.66,0.296,0.521,0,3.9,17487.79,11.6,3.7,0
83703.8,0.388,0.747,1,3.2,23275.27,14.66,6.4,1
66149.16,0.326,0.32,1,8.1,9293.25,7.12,5.8,0
49898.89,0.112,0.33,2,11.7,15753.13,8.97,6.8,0
71845.25,0.267,0.607,0,12.4,12197.63,9.11,17.7,0
85714.94,0.189,0.477,0,17.9,16639.14,8.25,8.7,0
34083.02,0.366,0.713,1,4.0,10847.49,9.33,1.5,1
61485.73,0.23,0.571,0,18.1,15984.7,6.86,13.0,0
88501.25,0.269,0.447,0,6.4,40264.13,7.63,14.1,0
65976.36,0.38,0.143,0,4.7,19650.2,5.53,1.3,0
35405.16,0.249,0.01,0,13.5,5249.54,3.63,1.8,0
33921.33,0.105,0.206,1,7.3,15646.38,6.88,4.6,0
62089.68,0.108,0.238,0,14.2,9329.08,5.11,3.9,0
28950.68,0.232,0.53,1,0.5,6624.06,10.17,6.4,1
59085.84,0.273,0.594,0,7.3,18180.8,10.07,1.3,0
123042.42,0.258,1.0,0,7.4,60116.27,12.37,2.2,1
34740.56,0.262,0.644,0,7.4,15659.94,7.89,12.3,1
59021.45,0.356,0.534,1,2.3,7829.99,10.3,1.1,1
191947.39,0.199,0.442,0,11.4,80000.0,6.41,3.1,0
82665.53,0.268,0.51,1,3.7,8501.38,11.17,3.2,0
43293.1,0.248,0.315,2,10.7,18185.42,5.24,19.4,0
91408.8,0.03,0.376,0,4.2,6504.67,4.94,6.2,0
115105.49,0.03,0.443,0,10.5,31811.41,5.92,3.9,0
167399.9,0.364,0.115,0,4.7,72974.82,4.92,2.8,0
52581.98,0.287,0.568,1,3.6,23406.07,10.41,4.2,0
42327.55,0.402,0.272,0,35.0,15291.59,6.64,3.3,0
32524.24,0.422,0.366,0,21.8,5448.61,9.12,3.9,0
75980.23,0.32,0.526,1,6.4,14355.94,9.99,5.4,0
29421.65,0.487,0.505,0,5.9,10920.02,7.5,8.0,1
46157.56,0.311,0.484,2,8.7,20902.55,8.23,4.2,0
42686.83,0.273,0.486,0,5.6,4187.18,8.87,3.3,1
97617.99,0.296,0.811,1,13.9,15284.74,12.34,4.7,0
51001.46,0.29,0.37,1,5.8,5486.3,8.22,0.8,0
90005.57,0.174,0.327,0,7.3,13424.56,6.33,4.4,0
28159.73,0.29,0.925,0,6.5,4276.44,10.69,5.5,0
71160.15,0.414,0.482,0,4.5,13764.59,10.89,10.4,0
38159.56,0.441,0.354,0,6.0,16193.52,6.9,2.7,0
43795.18,0.255,0.248,0,5.4,11633.49,9.2,4.4,0
250000.0,0.03,0.515,0,5.1,80000.0,7.79,16.6,0
133457.21,0.397,0.639,0,6.8,27468.39,10.93,6.6,1
77308.27,0.199,0.299,0,9.9,32144.6,6.76,4.6,0
250000.0,0.121,0.413,0,4.6,33228.25,9.52,4.4,0
45648.06,0.306,0.748,0,9.3,9745.98,9.62,7.8,0
151408.83,0.148,0.027,1,13.8,9227.4,4.71,6.9,0
38147.08,0.113,0.158,0,11.6,10538.8,6.07,7.3,0
69418.92,0.238,0.36,0,5.2,27050.54,9.18,3.5,0
24031.87,0.405,0.84,1,13.4,3668.6,12.62,5.0,1
57669.1,0.389,1.0,0,16.4,24887.44,12.21,12.8,0
74608.42,0.211,0.064,0,13.4,25473.02,4.39,3.9,0
62178.04,0.382,0.208,0,2.4,6521.47,6.63,1.8,0
138043.34,0.299,0.51,0,6.1,39063.11,11.5,4.5,0
70288.0,0.187,0.352,1,7.4,25256.61,6.07,4.4,0
81052.52,0.286,0.25,2,6.4,28385.76,8.47,4.8,1
118277.13,0.238,0.199,0,5.9,27653.09,6.08,12.7,0
33822.88,0.303,0.465,0,8.1,7776.14,7.62,5.8,0
61332.0,0.155,0.095,0,3.9,14718.99,4.8,12.6,0
78828.68,0.296,0.432,2,9.9,9479.76,7.41,1.8,0
89855.34,0.341,0.511,0,1.6,13025.99,10.99,2.5,0
126863.07,0.234,0.671,1,11.8,33984.43,9.27,4.0,0
57345.24,0.388,0.546,1,20.4,23184.54,10.37,15.2,0
72159.56,0.16,0.338,0,19.5,17557.94,5.85,9.9,0
39013.66,0.221,0.946,0,8.5,19486.09,10.57,2.3,1
90552.88,0.4,0.118,0,13.6,35152.22,6.56,6.0,0
53283.89,0.278,0.328,0,9.9,12302.44,10.05,3.2,0
59720.44,0.324,0.795,0,4.8,9715.5,11.71,10.2,0
81017.34,0.316,0.28,0,7.5,10517.1,8.5,1.8,0
93212.4,0.195,0.051,1,5.7,43264.78,7.89,2.5,0
48933.33,0.255,0.356,0,12.9,17143.29,9.47,3.5,0
42555.0,0.344,0.624,1,6.8,20878.01,10.2,10.8,0
85566.46,0.293,0.613,1,25.6,27382.63,9.17,5.3,0
18000.0,0.277,0.68,1,6.5,8859.38,10.5,4.5,1
43316.8,0.341,0.735,0,1.7,10841.17,11.3,1.7,0
40769.89,0.379,0.087,0,2.7,3303.75,8.69,4.1,0
107452.85,0.353,0.607,0,11.1,30856.86,11.4,7.6,0
40384.78,0.368,0.459,1,5.3,16849.3,10.46,6.7,1
37965.83,0.284,0.672,4,12.5,19951.4,12.48,5.1,1
80854.31,0.333,0.01,0,12.6,35681.9,4.62,7.3,0
59262.35,0.335,0.195,0,13.4,20278.1,6.79,6.1,0
44196.68,0.565,0.552,1,9.8,8322.31,10.93,1.2,1
84389.73,0.29,0.01,1,8.5,30079.52,6.9,8.4,0
68616.63,0.174,0.01,0,25.4,9606.04,3.5,4.8,0
59816.07,0.199,0.472,1,3.9,21810.6,10.81,8.0,1
39149.82,0.13,0.532,1,6.1,4123.09,10.33,7.7,0
39728.75,0.222,0.543,1,3.9,13875.49,8.62,7.6,0
77688.22,0.361,0.495,1,8.6,15681.67,9.15,4.4,1
87755.1,0.194,0.465,1,21.6,17022.27,8.86,10.0,0
38396.51,0.305,0.292,0,7.5,14812.47,5.79,5.5,0
112730.63,0.2,0.542,0,34.1,30679.65,7.74,11.9,0
68114.45,0.509,0.541,2,14.2,34633.87,9.43,10.8,1
103519.16,0.227,0.229,0,3.4,36681.07,7.47,8.0,0
68140.59,0.432,0.37,2,6.9,8156.79,14.93,5.5,1
99839.06,0.327,0.287,0,15.1,26748.87,6.44,3.5,0
199951.17,0.209,0.385,0,7.0,54624.31,9.62,5.2,0
65953.24,0.17,0.413,2,5.3,27320.39,8.03,1.1,0
62919.06,0.205,0.36,0,17.6,6160.2,6.56,6.5,0
40594.82,0.351,0.23,0,4.4,2645.8,9.41,8.5,0
211015.2,0.133,0.432,0,27.2,62720.71,3.82,5.0,0
227805.23,0.234,0.118,0,18.1,66515.16,3.5,8.0,0
52823.56,0.248,0.01,0,15.6,16834.31,3.78,12.5,0
38799.25,0.29,0.585,2,12.2,7217.68,8.39,4.7,0
58621.52,0.505,0.385,2,8.5,23917.67,11.6,9.9,1
99550.08,0.353,0.713,0,16.3,11435.43,9.29,2.0,0
34324.02,0.45,0.738,1,12.2,5075.19,9.19,4.0,1
23343.55,0.455,0.683,0,6.0,10555.32,10.63,2.8,0
222306.75,0.371,0.074,0,3.8,41546.49,7.92,8.6,0
72647.19,0.428,0.496,1,2.7,30203.42,8.93,2.2,1
75266.25,0.178,0.744,1,5.3,11387.37,9.92,4.3,0
67580.56,0.185,0.392,1,10.3,5276.93,9.19,8.1,0
77754.62,0.178,0.577,0,11.7,13941.7,7.36,3.7,0
30027.06,0.295,0.801,1,12.8,10013.17,14.11,1.1,1
49590.25,0.232,0.482,1,8.2,19841.18,8.94,5.7,0
85594.96,0.351,0.401,0,6.4,8824.92,9.33,3.6,0
27631.06,0.276,0.279,0,13.1,10992.13,5.94,4.9,0
58000.89,0.427,0.467,1,8.4,16526.49,10.03,6.9,0
54184.08,0.231,0.498,0,11.8,6333.98,11.28,7.9,0
66754.42,0.215,0.421,0,11.6,17597.46,10.13,1.5,0
51973.54,0.173,0.365,0,17.5,22947.46,6.82,4.0,0
38482.12,0.193,0.363,0,3.9,12883.72,5.93,3.6,0
25687.95,0.323,0.283,0,12.4,4149.54,7.21,7.4,0
56865.31,0.481,0.624,0,2.6,25348.51,7.2,6.8,1
47996.65,0.377,0.346,1,18.1,6668.37,9.22,6.6,0
41247.03,0.188,0.136,0,13.5,7125.08,4.17,7.4,0
53525.06,0.379,0.688,0,7.8,6592.54,10.66,4.4,1
64256.82,0.262,0.608,0,7.9,25313.04,9.47,3.3,0
46110.31,0.282,0.275,1,0.9,16294.91,10.04,8.0,0
23886.66,0.203,0.393,0,3.3,4527.67,8.4,1.1,0
100804.2,0.093,0.01,0,7.5,18415.5,4.63,2.1,0
50243.17,0.085,0.01,1,9.0,15598.93,7.63,4.9,0
72047.65,0.373,0.142,1,4.1,9708.74,9.1,18.6,0
59207.02,0.103,0.402,0,10.3,10670.94,6.26,3.2,0
48334.77,0.322,0.3,0,3.2,5310.2,9.03,21.2,0
92751.26,0.263,0.383,1,11.0,31829.61,7.83,5.2,0
99702.44,0.136,0.33,0,13.9,16047.4,6.08,14.0,0
111453.96,0.361,0.126,0,18.0,49817.32,4.66,3.0,0
89492.55,0.12,0.525,0,7.7,22816.69,7.16,1.7,0
90941.29,0.186,0.572,1,7.0,10106.89,8.53,0.8,0
25550.12,0.202,0.513,2,5.9,7194.58,8.53,5.2,1
58748.28,0.282,0.767,0,10.4,27114.69,11.23,1.8,1
46210.53,0.347,0.216,2,9.1,10782.21,7.43,2.0,0
132161.41,0.324,0.533,0,8.6,50954.01,10.42,7.8,1
45450.5,0.41,0.453,1,23.2,7694.46,8.23,0.1,0
76024.38,0.444,0.515,0,8.7,6413.82,11.47,13.5,0
66722.8,0.274,0.304,1,9.9,11278.02,6.34,0.6,0
127324.25,0.287,0.091,0,15.7,44927.9,3.5,6.4,0
64279.45,0.185,0.683,1,28.6,9214.17,9.26,16.4,0
103061.43,0.239,0.63,0,14.4,29998.74,11.54,5.6,0
34293.01,0.142,0.432,0,11.3,13576.86,7.5,1.2,0
28186.56,0.325,0.514,1,23.1,4613.03,9.29,17.4,0
20480.28,0.481,0.881,0,6.5,3925.37,11.01,10.1,1
90180.37,0.342,0.813,0,2.1,17517.9,13.63,8.0,0
73475.6,0.416,0.425,1,7.7,36462.34,9.44,6.8,0
82937.7,0.197,0.668,0,5.7,25045.35,10.62,16.1,0
52162.57,0.362,0.593,1,13.3,17099.66,8.68,1.8,0
48877.47,0.193,0.319,0,4.3,19304.66,6.38,4.7,0
70893.66,0.41,0.547,1,10.7,13641.83,9.93,3.7,0
135469.5,0.234,0.461,0,6.9,45046.45,7.6,9.6,0
168764.65,0.257,0.556,2,4.7,64660.44,12.07,16.1,1
76809.21,0.411,0.646,1,15.5,14220.77,10.1,5.2,0
75204.08,0.406,0.281,1,11.8,23735.4,8.62,7.6,0
133670.27,0.388,0.344,0,12.6,61727.6,10.02,5.3,0
49686.06,0.301,0.465,0,11.0,17281.64,9.71,8.9,0
79770.54,0.15,0.541,0,17.5,4109.45,10.51,3.1,0
88219.98,0.135,0.01,0,8.8,4411.0,3.5,9.4,0
37426.93,0.226,0.256,2,12.2,11881.41,8.32,9.7,0
61919.07,0.414,0.396,0,5.9,10388.45,6.44,6.3,0
38209.36,0.497,0.161,0,7.5,17321.03,6.1,3.3,0
137515.25,0.305,0.512,0,4.4,25957.71,9.37,8.0,0
88605.6,0.349,0.33,0,20.5,31978.6,7.39,3.7,0
98016.53,0.258,0.652,2,16.7,32851.49,10.89,13.7,1
27264.35,0.204,0.281,0,27.0,7999.03,5.91,8.1,0
164871.96,0.321,0.485,0,4.6,15137.79,12.93,2.7,0
34293.92,0.391,0.521,0,13.7,6690.38,8.31,2.0,0
40749.82,0.175,0.426,0,2.7,16487.36,6.95,3.6,0
70964.87,0.344,0.037,0,9.2,18929.33,9.93,5.8,0
122240.59,0.182,0.085,1,5.4,24303.1,9.38,0.4,0
66188.43,0.253,0.547,0,23.9,16234.47,9.43,12.8,0
77833.25,0.281,0.325,1,6.0,5682.13,10.02,8.7,0
51669.79,0.188,0.149,1,10.1,21051.93,6.04,8.2,0
42277.42,0.065,0.01,0,6.6,4726.15,4.58,12.9,0
136677.62,0.374,0.08,0,8.6,42575.48,7.15,4.9,0
98918.62,0.103,0.412,0,6.5,28821.76,8.3,4.8,0
181669.34,0.235,0.257,1,12.5,43004.02,6.45,8.1,0
74566.93,0.343,0.726,0,3.6,22004.22,12.37,12.9,0
18000.0,0.451,0.679,1,22.5,8130.09,14.55,4.5,0
38950.22,0.44,0.755,0,13.2,9318.92,12.19,4.9,1
126413.63,0.158,0.22,0,9.1,16331.72,10.16,3.2,0
66784.47,0.406,0.335,1,8.1,15202.62,9.7,4.5,0
42691.48,0.294,0.294,1,15.5,15175.6,9.46,4.3,0
62454.48,0.104,0.01,0,11.3,16746.93,5.25,7.5,0
113290.4,0.339,0.683,0,12.7,12235.33,11.01,13.8,0
102235.63,0.173,0.534,0,7.5,5437.61,7.83,4.3,0
76046.75,0.349,0.498,1,14.6,9946.33,8.32,8.8,1
55890.64,0.256,0.351,0,11.1,25307.81,8.5,4.4,0
69372.68,0.286,0.432,1,5.0,16786.36,10.95,13.8,0
32684.69,0.349,0.626,1,10.5,3812.28,12.09,3.8,0
47626.73,0.531,0.715,1,16.8,24470.3,13.33,3.1,1
20875.42,0.17,0.316,1,7.8,9209.23,5.45,4.4,0
30163.87,0.341,0.517,2,11.7,14234.32,10.55,11.2,1
73877.4,0.145,0.343,0,11.0,27128.68,8.63,6.0,0
175756.28,0.473,0.484,0,9.1,54848.74,5.83,14.2,0
32357.07,0.282,0.366,0,8.8,7550.29,8.55,0.9,0
40948.28,0.419,0.294,1,6.4,9040.41,8.87,3.6,1
75725.83,0.204,0.243,0,4.7,16525.77,8.23,1.5,0
204157.59,0.065,0.386,0,8.7,36483.7,6.27,7.3,0
72236.63,0.195,0.559,0,9.5,28278.3,10.87,4.8,0
81592.81,0.549,0.406,1,3.5,10651.7,11.05,5.8,0
55179.33,0.316,0.441,0,18.5,11988.98,8.19,2.0,0
68623.36,0.202,0.056,0,6.5,27355.74,5.68,19.4,0
72151.33,0.231,0.361,0,2.1,28101.12,8.01,2.1,0
44027.05,0.434,1.0,1,5.8,4629.59,14.21,14.2,0
130013.1,0.084,0.391,0,19.5,10824.08,6.17,5.3,0
37354.74,0.207,0.428,0,11.1,2421.72,8.42,6.8,0
90600.03,0.364,0.901,0,4.6,11821.92,12.49,7.7,1
66364.53,0.399,0.297,1,9.0,17418.63,8.34,8.1,0
57427.67,0.326,0.423,0,3.2,22570.92,8.02,1.8,1
22950.87,0.519,0.752,0,4.2,3275.17,12.8,2.3,1
39418.71,0.2,0.357,0,8.1,14987.8,9.49,6.8,0
108809.47,0.264,0.153,0,22.8,40677.7,7.76,6.1,0
39871.46,0.55,0.466,3,22.8,18588.9,11.13,1.6,1
80426.82,0.256,0.523,0,10.8,22097.94,10.31,8.1,0
50652.75,0.339,0.288,0,7.0,23094.15,7.14,7.0,0
62621.84,0.286,0.28,0,7.3,21073.05,7.8,3.2,0
32806.81,0.331,0.618,1,10.8,12776.21,10.78,4.2,0
77612.28,0.117,0.592,1,6.9,26279.29,10.75,8.7,1
95832.21,0.31,0.33,0,7.2,12186.98,6.06,11.8,0
54807.53,0.436,0.709,1,3.6,18177.4,10.95,1.6,1
41824.91,0.171,0.414,2,6.3,12826.69,9.69,5.7,0
64876.72,0.225,0.571,0,7.7,25841.23,10.71,3.9,0
76005.98,0.25,0.352,1,4.9,16722.01,10.13,5.8,1
62519.65,0.463,0.574,0,11.1,18154.37,13.2,3.7,0
61686.32,0.214,0.71,0,5.1,22841.17,9.56,7.2,0
154966.43,0.159,0.62,1,16.6,24683.28,10.93,7.2,0
52970.44,0.326,0.517,0,11.9,20554.53,7.52,7.7,0
107952.17,0.38,0.219,0,13.5,36415.22,8.41,3.6,0
28765.83,0.349,0.911,1,14.4,6121.28,13.41,5.5,1
86419.57,0.298,0.38,0,7.6,19969.0,9.62,4.5,1
101454.95,0.297,0.32,1,13.4,45878.25,9.35,5.1,0
57723.78,0.302,0.065,0,12.6,19495.63,4.06,3.1,0
40478.59,0.224,0.116,0,9.4,13099.08,7.97,19.4,0
27504.06,0.295,0.336,1,2.8,12297.01,5.63,1.9,1
53769.28,0.345,0.579,0,7.6,4719.27,9.25,2.3,0
75602.01,0.19,0.263,0,2.7,20189.24,8.09,4.5,0
53493.47,0.072,0.01,0,11.1,15791.99,4.79,5.2,0
62061.33,0.26,0.352,1,10.2,7502.45,6.41,4.6,0
35572.44,0.155,0.027,0,8.4,6187.57,6.07,8.9,0
57221.5,0.491,0.322,2,5.3,12129.85,13.63,5.1,1
46957.58,0.099,0.138,0,6.4,7826.73,6.36,4.9,0
52957.84,0.445,0.385,0,0.5,20643.01,9.53,5.8,0
43802.37,0.214,0.409,1,13.4,20688.33,6.63,2.7,0
32937.03,0.254,0.238,0,7.5,14766.18,5.18,3.8,0
63156.08,0.262,0.403,0,26.9,19999.6,5.35,7.6,0
38032.96,0.451,0.177,0,10.6,18949.07,8.58,1.1,0
33921.43,0.181,0.713,0,15.4,11887.01,10.49,7.6,0
147830.91,0.244,0.01,1,6.1,61811.6,7.75,4.9,0
57426.81,0.121,0.591,1,18.4,17236.64,9.0,9.3,0
22289.46,0.183,0.515,0,2.9,6369.08,8.51,11.7,0
46125.27,0.402,0.48,0,6.8,8056.16,8.06,7.8,0
102535.34,0.472,0.657,0,13.4,32409.53,8.05,4.5,0
45035.84,0.42,0.43,2,9.5,4410.07,9.76,12.6,1
110238.58,0.48,0.589,1,1.8,56890.8,10.55,4.3,1
37045.41,0.369,0.601,2,4.6,12018.98,14.47,1.3,1
136985.13,0.072,0.01,0,9.5,6849.26,6.67,8.9,0
117670.04,0.412,0.695,1,4.4,40331.48,10.25,5.0,1
86655.89,0.301,0.371,0,13.1,8281.27,7.71,11.4,0
46529.49,0.112,0.396,0,13.0,14297.52,3.5,7.7,0
42608.49,0.154,0.51,1,3.0,5106.41,9.89,4.6,0
97645.2,0.277,0.408,2,11.6,37951.83,9.84,7.1,0
54989.65,0.204,0.223,1,3.7,21646.76,8.32,6.4,0
102925.79,0.256,0.527,0,6.5,45971.77,10.43,4.2,0
64039.67,0.323,0.35,0,12.7,16371.4,7.94,21.1,0
81036.81,0.125,0.536,0,17.2,18600.58,7.87,2.0,0
27599.38,0.372,0.417,1,4.4,14063.51,9.77,1.3,1
55387.2,0.084,0.199,0,3.3,8384.8,4.95,7.1,0
41488.1,0.232,0.34,0,7.0,5098.0,7.59,4.9,0
102226.45,0.333,0.122,0,4.0,9725.6,8.06,6.2,0
52787.36,0.296,0.462,1,13.4,23003.32,8.33,5.6,0
77104.01,0.374,0.263,0,10.6,12824.33,9.88,7.4,0
55326.77,0.132,0.778,1,5.7,12296.45,10.89,5.7,0
39682.48,0.238,0.418,1,12.4,5545.09,7.86,0.4,0
93017.6,0.2,0.334,3,4.8,38900.92,8.23,9.0,0
34332.76,0.452,0.409,0,5.4,9849.13,8.87,0.0,1
120179.7,0.29,0.348,0,9.9,34053.73,6.74,4.5,0
66499.08,0.285,0.614,0,8.9,10511.82,10.21,4.7,0
62905.13,0.144,0.446,0,20.4,15995.27,8.2,2.6,0
93154.2,0.235,0.127,0,3.1,28441.82,10.41,3.2,0
58656.91,0.318,0.375,1,2.8,6506.82,8.07,16.7,0
29450.11,0.27,0.568,2,18.5,4373.72,9.76,10.0,0
36808.97,0.442,0.65,1,26.6,13566.34,10.75,3.0,0
113138.76,0.176,0.665,0,14.7,29066.95,10.1,8.2,0
65213.09,0.179,0.527,0,4.0,22672.27,9.99,3.5,0
32439.31,0.256,0.069,0,8.1,6355.69,7.81,9.3,0
56360.27,0.471,0.684,2,7.4,23751.33,11.5,10.5,1
66815.32,0.225,0.384,0,14.6,16276.7,7.63,9.9,0
36525.03,0.431,0.56,1,4.3,16546.79,11.94,9.2,0
31535.18,0.507,0.607,1,4.8,14306.11,8.91,2.8,1
125941.72,0.162,0.186,1,4.9,39346.3,6.21,2.8,0
18529.88,0.286,0.558,0,16.6,5360.77,9.02,11.6,0
38791.99,0.442,0.406,0,1.3,10687.1,10.91,7.9,0
61669.3,0.291,0.216,1,2.2,25570.76,7.85,0.9,1
144407.39,0.267,0.085,0,8.5,35627.74,6.7,1.7,0
91846.24,0.309,0.129,1,22.2,30860.91,3.5,4.9,0
46848.61,0.303,0.325,1,9.0,16393.0,7.02,0.7,0
133101.56,0.532,0.481,0,9.6,56397.15,7.19,3.8,1
28356.57,0.399,0.517,1,9.3,11272.04,10.51,13.1,0
75027.81,0.162,0.315,0,11.0,24196.42,6.32,2.6,0
99432.13,0.43,0.313,0,14.5,39300.27,9.06,9.4,0
39043.01,0.442,0.529,1,5.8,5078.71,10.87,3.3,0
82020.42,0.343,0.391,1,21.7,24420.59,7.62,1.7,0
47851.14,0.381,0.451,0,10.5,10680.22,9.49,8.2,1
84259.07,0.268,0.166,0,11.3,41095.23,7.21,9.8,0
29366.38,0.338,0.271,1,9.7,7972.83,7.44,2.9,1
92659.78,0.131,0.119,0,2.3,8590.66,6.89,9.4,0
64110.45,0.21,0.572,0,11.2,5343.97,7.33,2.0,0
153398.58,0.127,0.491,0,10.5,40556.05,8.65,4.1,0
64102.62,0.321,0.088,0,11.2,28339.52,7.04,8.5,0
125523.09,0.29,0.694,0,5.7,40363.62,10.41,3.4,1
93089.36,0.119,0.122,1,11.3,7510.04,5.38,0.5,0
102637.43,0.155,0.295,0,8.7,27258.01,4.87,7.0,0
121165.79,0.079,0.184,0,23.0,22421.84,5.94,2.0,0
83206.15,0.41,0.418,1,2.9,33724.59,8.47,3.4,1
94856.45,0.291,0.1,0,10.0,39646.09,3.57,5.6,0
21359.75,0.215,0.336,0,11.0,3355.67,7.41,3.3,0
53005.11,0.065,0.55,1,11.3,3856.12,6.97,10.1,0
104971.16,0.417,0.316,0,3.8,33882.11,6.39,2.0,0
38080.34,0.366,0.778,0,14.8,17096.08,11.92,6.5,0
99154.83,0.22,0.631,1,3.3,42075.23,11.05,9.2,0
65790.81,0.22,0.638,3,4.3,22202.87,12.37,5.6,1
37656.9,0.405,0.481,1,10.5,6140.16,12.42,5.9,1
27408.33,0.156,0.207,1,9.1,4856.54,7.36,2.6,0
56902.82,0.096,0.897,1,3.2,9038.79,12.43,5.1,0
194229.83,0.204,0.107,0,22.1,16287.93,4.09,23.4,0
41411.18,0.27,0.392,0,2.1,16477.82,11.24,13.3,0
47233.34,0.114,0.535,1,1.4,4038.58,8.34,2.1,0
44876.18,0.378,0.484,0,17.7,10874.57,11.58,5.8,0
96337.27,0.344,0.806,3,9.9,23408.91,11.04,6.6,1
61632.03,0.198,0.487,0,7.9,24155.89,7.88,2.6,0
34852.97,0.414,0.555,2,8.3,17436.19,12.39,3.6,1
132086.42,0.326,0.414,0,11.8,60068.34,10.18,5.8,0
67492.33,0.213,0.512,1,8.4,31725.76,7.28,5.8,0
41308.87,0.233,0.554,0,8.0,9365.71,9.68,7.8,0
32398.55,0.341,0.363,2,11.8,6389.16,10.42,4.3,0
133135.45,0.26,0.626,1,7.0,17335.21,11.53,0.4,1
78583.95,0.164,0.229,0,26.1,24839.66,6.49,2.6,0
30036.22,0.331,0.562,1,16.0,13623.88,8.22,3.2,0
24666.44,0.463,0.274,2,4.0,10372.81,12.44,6.1,1
39542.19,0.354,0.896,2,9.8,12533.95,11.16,1.0,0
46079.95,0.216,0.01,0,9.1,10138.01,6.28,3.9,0
31659.3,0.199,0.285,0,18.6,13334.32,8.29,7.4,0
50404.79,0.136,0.222,0,16.9,13271.89,8.21,12.5,0
58042.1,0.328,0.62,0,16.3,20617.84,11.59,2.4,1
53511.84,0.35,0.471,0,7.5,16547.88,11.25,7.7,0
128008.61,0.238,0.369,1,8.6,47434.42,10.86,9.9,0
59953.51,0.322,0.4,1,11.3,8800.36,8.66,9.1,0
90083.6,0.164,0.13,0,14.1,4504.18,4.79,11.1,0
89520.89,0.36,0.608,0,8.9,8727.24,11.99,4.2,0
62280.16,0.262,0.312,0,6.2,17139.37,9.39,1.5,0
58922.4,0.268,0.635,0,2.0,28861.34,11.59,2.0,0
98233.27,0.145,0.01,0,11.5,7145.06,4.83,9.4,0
76773.43,0.252,0.599,0,10.5,16153.5,6.32,1.8,0
195287.92,0.336,0.26,1,4.6,78142.06,10.44,0.0,0
97988.64,0.355,0.139,2,3.1,31025.02,9.04,3.4,1
36971.64,0.263,0.26,1,6.4,12291.15,9.43,6.4,0
79748.73,0.289,0.122,2,7.1,31805.02,7.04,2.8,0
44109.85,0.323,0.484,2,13.8,21523.78,9.88,8.0,0
74387.7,0.23,0.421,0,15.6,36218.94,6.91,4.5,0
40002.24,0.145,0.145,0,15.5,7964.07,5.07,3.9,0
34718.9,0.275,0.527,0,8.2,12126.19,9.61,16.5,0
99909.4,0.09,0.357,0,3.7,24240.8,11.71,1.9,0
104151.86,0.356,0.388,1,4.2,18676.18,6.45,6.9,0
84114.46,0.418,0.396,0,4.4,13905.26,9.98,2.1,1
113079.48,0.158,0.392,0,12.6,25720.03,10.53,30.0,0
81660.49,0.42,0.281,0,4.8,19983.28,10.11,8.8,0
81606.77,0.33,0.01,1,12.8,5330.66,8.7,2.3,1
63383.73,0.235,0.185,0,13.1,16982.63,3.74,8.3,0
106306.55,0.175,0.353,1,9.1,46686.04,6.56,5.5,0
132699.6,0.213,0.137,1,11.2,9547.08,7.43,5.1,0
62650.06,0.318,0.42,3,5.4,30196.24,14.21,6.9,1
77277.04,0.114,0.056,0,5.6,32446.09,4.92,4.9,0
130251.37,0.374,0.335,1,11.7,39117.05,6.72,4.0,0
81348.46,0.098,0.244,0,11.0,14185.65,6.64,1.9,0
77203.45,0.343,0.72,0,4.4,12315.3,12.22,1.5,1
94809.79,0.432,0.01,1,16.1,38129.84,6.9,7.7,0
52485.51,0.351,0.456,1,3.1,19055.34,11.58,3.4,1
43505.96,0.265,0.316,1,11.8,5723.9,9.38,3.8,0
84335.98,0.385,0.381,0,10.7,24134.28,7.66,1.2,0
61627.62,0.437,0.336,0,23.2,20162.01,9.08,3.2,0
230658.52,0.193,0.464,0,8.3,28298.21,6.73,3.0,0
99969.42,0.253,0.667,1,16.9,34901.9,9.33,5.4,0
37116.96,0.541,1.0,1,11.1,12999.05,16.13,10.5,1
94469.89,0.179,0.502,0,8.8,18564.39,6.14,3.9,0
77977.26,0.368,0.281,0,3.8,11919.72,7.49,12.6,0
116784.67,0.376,0.419,0,4.6,23221.64,8.81,5.5,0
45808.65,0.268,0.554,1,3.8,14890.61,9.33,12.8,0
102479.93,0.1,0.484,0,11.5,21162.99,8.51,12.8,0
84869.52,0.058,0.253,0,11.1,24104.75,4.34,2.6,0
67621.85,0.218,0.22,0,4.2,21540.13,6.2,9.0,0
49848.7,0.15,0.1,0,6.6,15240.87,4.44,5.6,0
72676.73,0.222,0.575,1,9.3,13294.19,12.24,2.5,1
87405.52,0.277,0.264,0,9.7,27548.45,6.72,8.1,0
171732.83,0.15,0.062,0,9.3,45345.12,7.66,17.4,0
82895.23,0.343,0.441,0,3.1,8924.13,5.57,2.7,0
86640.98,0.121,0.01,0,9.2,34845.57,5.13,1.3,0
103113.37,0.363,0.518,0,20.4,21722.62,10.45,2.1,0
47867.23,0.279,0.329,0,0.7,3991.14,9.08,5.4,0
122512.65,0.353,0.424,0,3.3,46387.06,10.06,14.0,0
96221.35,0.395,0.809,0,10.2,41317.02,9.81,0.4,1
102641.1,0.289,0.366,1,4.9,49032.25,8.66,2.5,0
83725.94,0.296,0.529,0,3.9,35582.89,10.84,13.4,0
75757.73,0.098,0.175,1,21.6,3787.89,6.53,3.5,0
64919.81,0.149,0.442,1,4.5,12106.42,10.95,7.5,0
74670.35,0.219,0.251,0,12.2,10943.27,7.3,3.4,0
49458.65,0.296,0.564,0,7.9,18968.91,11.01,1.0,0
110207.7,0.468,0.696,2,12.3,44475.25,14.3,5.1,1
108236.71,0.197,0.096,2,9.7,8178.35,8.46,1.9,0
32131.6,0.495,0.765,1,4.8,15640.9,12.17,6.1,1
195741.62,0.237,0.365,1,8.3,76092.89,8.96,11.7,0
63204.71,0.327,0.376,0,2.7,14657.08,10.15,22.2,1
52684.11,0.161,0.422,1,3.6,3547.42,10.35,6.2,0
52975.42,0.308,0.189,0,4.8,19541.34,6.87,2.4,0
108964.79,0.369,0.773,2,2.3,48695.32,12.61,10.8,1
170246.0,0.161,0.102,0,14.4,77014.72,3.64,7.5,0
96512.54,0.525,0.453,1,5.3,15431.14,11.58,5.8,1
123329.91,0.18,0.313,1,24.2,23070.51,7.67,7.4,0
123999.36,0.191,0.268,0,16.8,20235.76,7.36,19.7,0
71422.39,0.389,0.411,2,6.3,28125.84,9.98,9.3,1
82707.74,0.219,0.082,0,9.0,32024.38,7.87,3.5,0
117162.3,0.328,0.01,0,15.5,22801.55,7.59,4.9,0
110091.69,0.279,0.102,0,10.2,19289.46,6.23,2.2,0
43612.77,0.296,0.446,0,22.5,14721.25,6.4,4.0,0
90700.82,0.314,0.119,0,5.6,34519.0,3.51,8.6,0
175980.49,0.054,0.716,0,7.7,70493.79,7.83,4.6,0
69154.54,0.458,0.1,2,8.1,8030.19,9.3,2.5,0
64214.19,0.279,0.519,0,5.4,26975.88,7.9,6.6,0
90624.54,0.136,0.01,1,2.3,32836.04,6.93,5.2,0
62042.41,0.289,0.01,2,10.1,16877.62,5.01,8.0,1
39963.8,0.224,0.394,1,10.3,17421.1,6.39,1.8,0
132554.05,0.173,0.583,0,9.7,33630.33,9.91,5.0,0
48405.13,0.2,0.651,1,10.1,11167.91,10.0,3.2,0
60274.17,0.169,0.775,0,6.2,12454.17,9.65,6.0,0
51934.19,0.17,0.188,1,11.9,16454.68,7.7,4.6,0
133630.21,0.197,0.475,1,6.6,15606.83,11.91,23.8,0
100147.53,0.215,0.659,0,8.8,25402.44,8.9,3.0,0
69034.39,0.203,0.486,0,10.2,4197.63,8.44,18.1,0
46369.88,0.302,0.513,0,9.3,19666.61,8.33,6.4,0
66914.57,0.132,0.17,0,20.1,5632.06,6.12,11.5,0
98963.5,0.261,0.128,1,8.5,11681.89,7.17,1.5,0
89676.49,0.083,0.136,0,2.5,14028.97,5.44,5.4,0
69821.73,0.309,0.523,1,18.2,26338.12,12.25,4.5,0
66978.29,0.297,0.332,0,10.2,24476.34,5.4,18.6,0
126174.47,0.077,0.043,1,8.4,17683.0,5.72,14.4,0
66379.93,0.211,0.212,0,7.1,26890.08,7.9,1.5,0
87418.23,0.387,0.234,1,22.8,28654.43,6.54,10.2,0
40090.73,0.402,0.621,0,8.1,16647.87,11.15,11.3,0
232159.88,0.265,0.242,0,16.5,80000.0,7.18,2.0,0
74875.83,0.094,0.371,0,14.2,32576.89,8.84,13.4,0
91763.5,0.301,0.094,1,15.4,7123.16,8.2,1.9,0
88828.13,0.278,0.329,0,5.6,37202.75,7.83,3.5,0
47357.41,0.458,0.477,0,12.2,13311.96,10.92,5.9,1
97274.18,0.154,0.151,0,6.8,17415.31,8.76,20.6,0
64207.21,0.162,0.175,0,4.3,22054.46,7.1,10.5,0
36249.66,0.324,0.227,0,5.5,13856.71,6.93,1.7,0
86014.4,0.201,0.709,1,19.0,30673.63,9.23,10.4,1
28214.86,0.355,0.902,0,3.8,10550.06,13.72,16.5,1
176496.11,0.073,0.088,0,16.7,76353.74,3.54,13.3,0
101416.15,0.383,0.398,0,3.0,29838.9,8.4,0.4,1
119777.11,0.222,0.01,0,11.2,42223.23,5.65,5.4,0
42992.02,0.153,0.289,0,5.9,17786.42,6.01,18.8,0
39974.89,0.144,0.241,0,15.2,16125.27,6.2,17.7,0
155087.98,0.321,0.273,0,11.1,46635.57,8.92,7.0,0
250000.0,0.232,0.158,0,15.5,37927.27,4.26,6.4,0
150624.63,0.181,0.01,1,13.8,39086.55,6.0,6.8,0
140167.16,0.222,0.538,1,8.4,23018.82,10.71,17.6,0
89954.98,0.218,0.57,1,4.7,36648.51,12.16,4.4,0
50878.55,0.26,0.492,0,14.2,11681.52,8.66,1.4,0
103204.86,0.388,0.502,0,6.1,13089.52,9.53,3.3,0
37282.43,0.237,0.394,0,19.9,5788.67,6.88,10.9,0
36128.82,0.353,0.632,2,2.6,7243.46,10.44,3.3,1
35517.93,0.493,0.44,0,5.0,13749.48,11.71,18.3,0
84386.86,0.429,0.428,2,13.8,29489.52,10.25,0.0,1
78473.73,0.216,0.051,1,24.4,22331.26,5.17,9.6,0
72003.1,0.421,0.433,0,1.3,34364.97,9.75,2.4,0
56310.64,0.374,0.262,2,2.6,23374.76,8.81,6.3,0
32357.23,0.383,0.555,0,6.4,16147.05,9.16,11.0,0
61870.23,0.168,0.327,0,15.1,27195.74,6.66,11.0,0
53073.62,0.193,0.395,0,17.1,21345.37,6.11,11.5,0
27873.55,0.322,0.756,2,14.8,3291.99,11.36,7.6,1
49214.79,0.449,0.195,0,31.8,23773.72,5.28,1.2,0
39222.03,0.277,0.629,0,11.1,14296.09,9.51,8.4,0
92909.1,0.281,0.041,0,9.1,32683.24,3.5,9.6,0
99303.61,0.226,0.305,0,8.4,27033.91,9.44,4.6,0
34898.57,0.341,0.605,1,8.3,4726.83,10.72,11.8,0
61405.8,0.38,0.379,0,7.2,10700.22,8.07,21.5,0
166872.33,0.283,0.16,0,10.6,45340.13,5.88,14.8,0
41936.88,0.203,0.566,1,8.7,6262.52,12.09,2.4,1
93017.28,0.386,0.143,0,13.2,35529.95,5.83,4.2,1
65694.65,0.187,0.745,0,2.1,18097.84,12.7,10.2,0
72082.74,0.425,0.874,1,13.3,25782.68,11.51,0.4,1
104130.99,0.367,0.044,0,15.6,39830.34,6.68,5.5,1
52491.11,0.208,0.476,0,11.6,14487.44,9.36,10.9,0
79295.78,0.234,0.227,0,4.5,18414.27,9.36,4.3,1
64468.77,0.292,0.259,0,6.9,19580.71,7.93,1.5,0
64589.05,0.257,0.483,0,9.1,5455.85,8.31,2.1,0
31958.48,0.182,0.504,1,2.8,12771.15,11.53,5.1,1
102320.41,0.194,0.898,0,6.5,45024.55,12.83,6.4,0
110014.09,0.3,0.308,0,20.6,22502.35,4.2,5.3,0
34369.47,0.338,0.481,1,6.6,7162.86,12.26,8.8,1
85648.1,0.136,0.583,0,11.9,33967.34,7.52,3.2,0
47322.89,0.252,0.691,1,7.9,14972.85,11.92,0.6,1
36758.47,0.323,0.474,0,17.2,4665.0,8.51,6.9,0
23359.19,0.225,0.435,1,2.9,11330.61,4.55,6.2,0
59907.6,0.03,0.011,0,5.7,4239.71,7.37,5.3,0
65454.66,0.21,0.119,0,11.8,23749.84,7.45,9.7,0
33260.34,0.278,0.673,0,8.8,7061.1,9.65,4.6,1
74231.09,0.365,0.412,1,13.0,34426.73,12.76,4.8,0
113566.41,0.256,0.624,0,4.2,16222.74,9.85,10.2,0
85644.16,0.383,0.394,2,27.6,35441.27,8.2,5.0,0
84871.12,0.179,0.253,1,10.7,36919.82,6.7,5.9,0
24053.95,0.409,0.527,1,8.1,7002.97,11.35,13.9,0
95748.0,0.17,0.52,2,17.4,19662.54,10.08,1.8,0
75367.87,0.413,0.373,1,6.7,9616.02,9.22,10.4,0
105485.62,0.136,0.289,0,11.2,25878.87,6.22,6.9,0
158911.79,0.168,0.655,1,15.2,23139.06,11.19,6.2,0
67346.8,0.119,0.111,0,11.5,26465.78,4.49,3.2,0
18000.0,0.382,0.618,0,9.9,4222.61,11.1,2.2,0
52069.87,0.164,0.74,0,19.0,16299.13,9.92,1.2,0
85136.52,0.278,0.225,0,16.9,22676.54,3.5,5.8,0
70210.59,0.132,0.537,1,25.9,19567.73,8.2,9.0,0
31465.01,0.38,0.518,0,5.3,5080.3,8.39,2.7,1
35397.04,0.117,0.51,0,12.2,10907.24,8.55,10.8,0
64094.44,0.064,0.194,0,3.9,26621.59,6.94,4.9,0
40546.06,0.104,0.114,0,2.7,12626.36,8.07,3.6,0
71218.35,0.202,0.426,0,9.3,14138.96,8.7,3.1,0
51224.36,0.32,0.629,0,4.6,15840.14,11.0,2.4,0
53527.31,0.272,0.271,0,12.1,18526.58,6.16,6.2,0
49075.82,0.116,0.549,0,3.6,11477.73,8.46,4.5,0
99142.18,0.277,0.143,0,18.3,15871.6,7.67,8.5,0
65222.48,0.184,0.614,0,14.8,16754.95,7.99,6.7,0
99287.3,0.051,0.448,0,8.6,24028.82,6.96,1.7,0
65738.35,0.518,0.369,2,5.0,9549.49,10.19,4.8,1
64345.98,0.182,0.728,1,14.0,19569.88,13.02,1.9,0
28266.93,0.41,0.588,3,2.5,14466.48,11.21,4.0,1
57108.16,0.205,0.066,0,7.9,25455.38,9.05,14.9,0
57196.33,0.35,0.499,0,15.4,16712.33,11.29,8.0,0
137424.6,0.354,0.845,0,10.5,67247.49,13.67,7.2,1
29413.21,0.282,0.423,3,10.7,10453.54,9.29,2.6,1
62165.05,0.437,0.632,0,6.6,4557.12,10.46,9.7,0
68775.05,0.171,0.272,0,17.1,19173.98,5.84,1.5,0
58767.45,0.246,0.457,0,9.0,15859.18,10.04,8.5,0
108842.31,0.398,0.649,1,13.6,38756.94,10.92,5.6,0
65576.51,0.254,0.58,0,2.4,9943.27,10.11,4.0,0
61634.33,0.137,0.376,0,15.6,24116.02,6.45,6.3,0
129828.94,0.183,0.065,0,10.5,20656.66,6.58,4.5,0
158702.21,0.368,0.178,1,7.3,37505.42,7.95,8.6,0
124350.43,0.264,0.209,0,19.1,24691.94,4.29,9.6,0
66042.66,0.141,0.485,0,13.4,10357.37,8.1,8.5,0
85982.95,0.295,0.535,0,3.6,37165.09,8.45,13.7,1
59368.74,0.216,0.716,0,14.5,25234.53,7.63,5.1,0
68837.14,0.398,0.287,0,15.2,17462.85,4.32,7.1,0
50853.2,0.349,0.094,0,18.5,17003.19,3.61,12.0,0
111493.78,0.18,0.438,0,2.5,15270.23,10.97,4.7,0
95467.63,0.033,0.157,1,4.0,8128.84,4.72,3.6,0
78417.13,0.348,0.301,1,5.3,8234.8,9.67,6.0,1
40261.99,0.08,0.361,1,7.9,7143.94,11.15,10.3,0
57561.72,0.288,0.458,0,8.4,24264.32,7.1,6.9,0
30358.8,0.065,0.034,0,8.0,6217.17,4.69,3.0,0
46427.03,0.196,0.526,0,13.3,14497.53,11.53,2.4,1
56562.79,0.109,0.192,0,3.7,21931.96,8.46,7.0,0
75007.93,0.464,0.471,1,9.6,35362.6,12.39,4.2,1
171478.69,0.207,0.392,1,5.7,79431.28,8.05,8.1,1
77815.0,0.311,0.503,0,27.1,22100.86,9.38,5.9,0
148459.25,0.212,0.196,0,9.4,19110.6,5.65,4.0,1
119201.35,0.37,0.633,0,6.3,47194.79,9.61,2.0,0
145568.28,0.03,0.194,0,12.3,36605.97,9.05,4.4,0
180553.88,0.249,0.455,1,22.5,43212.26,9.44,2.8,0
58444.39,0.266,0.307,0,5.8,19268.3,10.21,13.3,0
43434.92,0.428,0.415,0,4.7,17441.67,7.06,2.7,0
100993.87,0.265,0.409,0,6.2,8114.87,7.52,16.7,0
46423.46,0.27,1.0,2,17.2,16627.44,10.64,14.2,0
99814.34,0.254,0.01,0,5.7,31711.23,5.56,17.9,0
58414.63,0.198,0.366,1,7.3,7773.44,11.41,19.1,0
61177.29,0.037,0.01,1,3.8,18931.86,5.14,6.6,0
160199.35,0.214,0.359,0,22.2,24602.1,7.13,9.4,0
39210.61,0.405,0.682,0,5.9,5296.94,11.86,8.8,0
137144.54,0.043,0.105,0,21.4,41033.49,4.56,8.4,0
84204.23,0.423,0.484,1,14.7,10593.49,9.59,10.4,1
23502.72,0.528,0.851,3,13.8,3780.34,12.97,6.3,1
49071.74,0.379,0.707,0,22.4,17275.1,9.61,11.2,0
47458.09,0.377,0.341,0,4.9,22342.39,8.81,4.8,0
75680.51,0.479,0.637,1,21.1,25777.47,11.13,1.6,0
58531.4,0.387,0.287,2,8.8,9493.36,11.3,3.2,1
71620.28,0.236,0.152,1,11.7,33301.15,5.73,7.2,0
48616.1,0.329,0.01,0,13.7,19405.07,6.78,13.5,0
187426.51,0.419,0.845,1,2.7,80000.0,12.62,14.1,0
71649.67,0.48,0.547,0,13.8,12044.92,10.01,3.4,0
101601.42,0.197,0.505,0,3.7,11788.79,7.7,1.0,0
51405.85,0.34,0.323,1,14.7,22371.89,8.18,3.1,0
54578.25,0.246,0.636,1,12.3,4550.72,10.11,5.5,0
185331.2,0.185,0.186,0,10.1,54365.8,7.13,8.3,0
24593.32,0.351,0.632,3,2.7,2985.44,10.44,1.9,1
96293.37,0.187,0.17,0,7.9,10573.98,4.85,2.9,0
32150.09,0.182,0.464,1,5.9,8224.49,10.92,7.8,0
70016.92,0.247,0.01,0,11.9,16479.12,3.75,5.7,0
55659.6,0.161,0.641,0,15.2,18432.43,8.96,3.9,0
31142.3,0.385,0.635,1,8.2,16433.41,9.83,5.5,1
57751.13,0.357,0.297,1,5.5,24919.64,8.74,5.3,0
19516.05,0.335,0.543,2,6.5,7154.43,10.77,4.9,1
67935.46,0.151,0.164,0,17.4,6698.65,6.18,16.0,0
70870.35,0.206,0.184,0,13.4,31243.18,4.64,2.1,0
34999.4,0.42,0.73,2,9.4,7339.4,10.75,10.0,1
139749.14,0.255,0.229,0,22.8,27021.61,8.5,5.3,0
51868.26,0.35,0.31,1,23.9,15421.5,9.95,14.8,0
60974.06,0.165,0.259,0,8.4,8995.18,5.15,5.2,0
52960.3,0.254,0.259,2,5.4,10760.12,9.17,15.4,0
82357.75,0.03,0.068,0,7.1,5631.76,3.5,4.6,0
138387.62,0.416,0.444,0,28.6,56271.98,7.04,8.8,0
192522.96,0.331,0.327,1,12.0,65889.11,10.1,4.5,0
121067.47,0.384,0.26,1,15.2,23177.27,7.02,6.3,0
118164.01,0.35,0.409,3,22.6,44635.37,11.28,1.3,0
176717.7,0.111,0.47,0,15.0,71700.42,4.85,4.0,0
75275.13,0.467,0.505,1,3.3,17926.35,12.24,8.6,0
153762.54,0.11,0.439,0,18.8,26648.53,7.47,16.7,0
78529.73,0.424,0.816,0,15.9,27446.74,11.95,2.8,0
67192.95,0.323,0.455,0,11.5,26727.44,7.18,5.5,0
99241.86,0.2,0.058,1,7.9,34968.18,3.87,14.3,0
25478.4,0.217,0.449,0,12.1,7407.02,7.46,4.5,1
88559.02,0.447,0.326,0,6.9,35586.14,13.2,13.8,0
35546.02,0.403,0.262,1,13.0,2535.69,7.22,12.2,0
29641.26,0.37,0.638,0,4.6,4867.42,9.31,11.1,0
80702.46,0.406,0.439,0,4.2,36803.76,8.78,2.9,1
34532.23,0.141,0.326,2,8.2,10972.75,8.44,11.2,0
76708.67,0.293,0.01,1,3.8,11278.12,5.96,1.7,0
80237.24,0.334,0.614,1,20.9,30040.66,9.82,9.8,0
82466.39,0.201,0.471,2,17.6,22343.94,9.12,1.5,0
48232.43,0.169,0.182,0,19.0,3787.13,6.66,6.5,0
87795.0,0.205,0.865,2,8.4,15469.55,12.24,3.7,1
58913.33,0.18,0.535,1,17.6,11511.0,9.09,16.5,0
63920.04,0.412,0.627,1,8.0,19766.43,8.5,5.9,1
26639.46,0.363,0.491,0,1.3,12109.07,9.16,10.1,0
73613.26,0.316,0.366,1,9.8,16328.16,7.82,8.4,0
113856.85,0.217,0.85,0,15.3,27061.76,9.69,5.4,0
130762.8,0.167,0.632,0,14.6,54013.75,9.63,14.0,0
52521.58,0.151,0.3,0,16.7,11839.24,5.63,3.6,0
57884.69,0.305,0.265,0,4.6,18843.96,6.13,3.6,0
50103.1,0.253,0.239,0,9.3,19789.93,9.21,10.6,0
58717.13,0.162,0.231,0,24.9,18499.53,5.08,6.2,0
35553.58,0.282,0.85,0,7.3,15005.31,12.74,5.3,0
77312.7,0.381,0.198,0,15.8,32738.72,6.01,9.4,0
80533.55,0.235,0.366,0,13.2,11828.35,6.24,11.2,0
54029.11,0.418,0.518,1,4.7,11062.77,8.29,20.0,0
41532.89,0.535,0.773,2,25.4,16570.47,14.51,1.9,1
65751.99,0.299,0.611,0,13.1,22039.96,10.66,7.2,0
111546.54,0.282,0.678,0,11.9,31732.65,8.86,9.5,1
62377.1,0.422,0.27,0,20.3,24500.8,10.52,6.8,0
39268.76,0.459,1.0,0,0.6,14540.93,11.05,5.7,1
37875.23,0.36,0.842,1,1.7,18438.04,13.01,0.7,1
37562.14,0.427,0.767,1,8.1,7354.45,9.96,14.9,0
108744.91,0.238,0.341,1,2.0,43935.48,6.87,1.6,0
61617.62,0.203,0.755,0,8.5,8031.24,5.91,5.1,0
83533.3,0.083,0.01,0,17.5,36642.98,4.02,4.5,0
99221.89,0.377,0.335,2,5.5,45238.12,10.23,5.6,1
113231.6,0.38,0.553,0,20.4,20666.74,10.37,7.5,0
30387.91,0.491,0.353,0,4.5,8497.65,9.91,2.6,0
137042.14,0.213,0.21,0,4.4,30124.81,7.16,3.9,0
88691.56,0.37,0.286,0,12.0,30047.11,9.52,8.7,0
48808.39,0.511,0.264,0,21.6,19162.39,9.14,6.7,0
65544.84,0.237,0.342,1,8.8,10598.86,7.1,9.3,0
24862.9,0.473,0.84,1,2.5,5151.24,14.33,13.0,1
177026.26,0.202,0.01,0,4.8,14724.08,6.73,16.6,0
82966.13,0.396,0.617,1,26.1,11340.97,7.99,2.5,0
38157.81,0.306,0.528,0,5.9,14003.12,9.77,9.7,1
66943.2,0.182,0.353,0,18.5,15137.84,4.7,7.8,0
30062.01,0.233,0.568,0,9.0,9088.82,8.76,10.8,0
55979.94,0.27,0.44,0,12.9,22181.12,9.2,8.3,0
56594.89,0.261,0.723,1,7.3,12471.26,12.45,2.6,1
48414.56,0.279,0.26,0,7.0,16695.35,6.14,5.1,0
104004.74,0.216,0.194,0,7.1,22520.85,7.01,13.2,0
132255.97,0.236,0.531,0,10.9,58878.2,10.55,3.4,0
68721.79,0.255,0.468,1,3.1,29535.13,9.32,17.4,0
64260.98,0.341,0.524,0,6.6,21425.25,9.09,1.9,0
89943.55,0.385,0.505,1,24.6,41764.31,11.01,3.5,1
67791.31,0.281,0.793,0,11.1,30189.7,11.99,5.3,1
37685.26,0.418,0.614,0,6.9,14084.12,10.93,4.1,0
52192.07,0.288,0.476,0,13.0,10763.62,5.86,5.4,0
62976.54,0.147,0.111,1,15.1,11090.9,6.27,9.8,0
75479.46,0.261,0.424,1,3.4,23005.9,8.84,4.5,0
92882.56,0.241,0.01,0,18.6,21288.05,3.5,12.6,0
69697.15,0.199,0.721,0,4.9,19730.66,10.56,1.4,0
32709.98,0.329,0.625,0,4.8,10760.33,12.33,2.0,1
92987.15,0.279,0.22,0,16.8,22933.75,9.88,2.3,0
58406.66,0.454,0.627,1,16.6,21544.79,11.79,3.3,1
250000.0,0.046,0.01,0,4.3,27508.05,3.5,4.9,0
77420.89,0.077,0.487,1,14.5,29249.63,7.68,2.5,0
76017.16,0.331,0.643,0,14.1,30893.51,9.18,4.3,0
250000.0,0.378,0.252,0,13.8,59669.34,5.95,4.1,0
72634.74,0.371,0.519,0,15.2,23146.89,10.22,3.2,0
70879.79,0.375,0.533,0,11.5,18162.92,8.8,7.0,0
38072.36,0.417,0.574,1,16.2,9515.48,8.01,6.4,0
121979.54,0.51,0.303,0,6.4,51523.48,8.99,1.2,1
36078.67,0.22,0.505,0,4.9,12720.4,11.83,2.4,0
87030.47,0.392,0.217,0,8.8,23486.14,8.22,8.3,1
75901.12,0.211,0.254,0,9.1,29494.39,6.07,4.9,0
54901.93,0.337,0.621,0,14.7,11184.29,12.41,2.2,0
28234.47,0.258,0.219,2,0.9,12767.47,8.5,5.5,1
116872.01,0.464,0.572,0,6.8,40495.75,10.69,3.6,1
68505.07,0.141,0.135,1,6.2,12678.23,7.01,6.4,0
34071.37,0.386,0.415,0,13.4,8326.61,11.33,3.9,0
108106.24,0.226,0.236,1,7.7,32617.75,7.45,15.7,0
41600.47,0.275,0.981,0,5.3,18904.38,11.74,9.2,1
91862.86,0.213,0.294,0,13.4,17670.59,8.76,4.7,0
105595.98,0.383,0.718,1,10.2,37667.28,14.06,1.7,1
75753.2,0.417,0.617,1,22.6,15855.36,9.86,5.0,0
23475.02,0.118,0.303,0,6.7,4630.09,6.52,2.7,0
113528.21,0.336,0.232,0,4.9,21519.69,8.36,2.5,0
60635.13,0.386,0.293,0,5.7,17285.97,4.51,5.0,0
52930.94,0.268,0.408,1,14.9,5081.14,7.79,9.1,0
63629.53,0.27,0.662,0,5.1,27638.12,8.34,2.4,0
30312.45,0.22,0.568,0,14.0,4322.66,6.41,10.3,0
77722.34,0.382,0.137,0,9.8,19820.99,4.53,10.5,0
27884.62,0.278,0.237,1,9.5,11165.24,7.59,9.4,0
68471.35,0.272,0.355,0,8.4,16190.29,6.71,11.2,0
80518.42,0.349,0.272,0,4.0,7296.23,5.94,4.3,0
113668.67,0.372,0.286,0,6.2,24967.4,8.06,3.8,0
39863.49,0.397,0.373,1,9.6,14008.29,8.76,12.1,1
173443.06,0.412,0.01,2,7.2,72604.18,8.01,8.6,1
132111.3,0.26,0.579,0,3.7,13383.15,10.56,2.1,0
76663.64,0.155,0.01,0,21.0,9886.07,3.7,1.7,0
39728.82,0.233,0.575,0,14.3,18386.97,10.02,3.9,0
40666.51,0.187,0.45,0,11.3,3234.04,7.09,5.0,0
82391.11,0.374,0.389,0,16.6,38698.35,7.45,5.8,0
42939.44,0.202,0.225,0,5.2,15778.99,7.2,11.3,0
134000.8,0.186,0.649,0,8.0,19961.29,10.88,3.2,1
47291.53,0.375,0.758,0,3.5,17315.69,11.01,4.4,1
46297.12,0.242,0.087,0,6.7,8538.59,3.77,5.5,0
68313.68,0.31,0.644,0,12.2,26209.01,11.64,5.4,0
45339.78,0.259,0.197,2,11.8,8605.61,6.44,3.8,1
76273.16,0.22,0.165,0,27.4,9798.64,6.1,11.3,0
112142.11,0.486,0.356,0,7.0,18329.96,7.46,7.2,0
60872.34,0.505,0.553,1,14.8,16327.52,7.05,1.7,0
67669.15,0.194,0.318,0,21.9,13333.36,5.81,3.0,0
93830.7,0.247,0.23,0,6.7,37313.7,8.43,1.9,0
27164.78,0.374,0.45,3,30.1,12136.56,7.2,7.1,0
97624.41,0.078,0.274,1,13.7,34227.19,6.41,8.3,0
58572.94,0.241,0.413,2,5.2,7589.48,10.72,9.0,1
88609.81,0.452,0.528,1,13.7,15124.52,10.78,1.0,0
86826.79,0.141,0.451,0,6.9,34800.37,13.8,2.3,0
60184.52,0.223,0.548,0,14.3,27441.54,9.8,5.4,0
115411.21,0.278,0.49,1,5.9,13240.17,10.07,7.9,0
53010.03,0.158,0.672,0,6.5,7029.95,9.34,0.2,0
81244.87,0.228,0.01,0,10.6,29650.5,4.3,5.5,0
56399.75,0.291,0.783,0,1.8,12237.3,11.63,10.2,1
73820.9,0.359,0.832,0,15.1,21975.14,12.17,5.4,0
62096.01,0.155,0.184,1,11.8,7088.25,4.09,6.1,0
165492.08,0.195,0.678,0,16.0,64887.71,8.73,3.0,0
216792.42,0.281,0.058,0,6.6,80000.0,4.18,5.7,1
122647.42,0.32,0.061,0,11.5,21007.07,4.24,6.9,0
190923.6,0.175,0.026,0,7.9,12762.96,7.33,7.9,0
28902.04,0.161,0.599,0,5.1,11392.39,9.94,18.8,0
25734.18,0.264,0.535,1,3.0,11224.59,12.0,3.2,0
46391.02,0.466,0.747,1,13.1,14637.21,13.35,9.3,0
89969.62,0.178,0.146,2,14.3,35001.67,5.75,10.1,0
55058.23,0.241,0.222,1,9.9,21689.96,6.97,8.1,0
24624.6,0.455,0.572,1,12.7,9920.97,12.23,4.0,0
127149.22,0.287,0.633,0,13.3,38210.58,7.92,7.5,0
188159.74,0.276,0.508,0,7.2,80000.0,9.38,3.0,0
173407.56,0.03,0.01,0,9.1,45125.64,3.58,5.2,0
109714.45,0.294,0.242,0,4.4,42068.73,6.52,12.4,0
89856.56,0.125,0.048,0,7.5,28724.12,5.6,13.0,0
43944.5,0.366,0.683,1,14.9,10712.66,10.69,9.5,1
90388.19,0.196,0.287,0,17.8,23706.91,5.54,4.1,0
171285.65,0.398,0.294,1,3.1,30602.35,9.39,7.2,0
48746.4,0.427,0.368,1,9.8,23926.98,11.09,5.6,0
61956.78,0.195,0.01,0,2.8,6896.34,3.5,8.9,0
138784.32,0.328,0.356,1,14.5,31886.78,6.88,0.9,0
168652.55,0.052,0.105,0,7.1,8432.63,4.03,9.0,0
47235.28,0.235,0.598,1,9.6,6561.21,11.43,10.5,0
65828.32,0.276,0.599,0,10.4,18060.39,10.08,8.0,0
68494.69,0.172,0.475,0,2.5,15539.63,8.58,7.3,1
65396.95,0.409,0.276,0,16.7,30220.45,5.01,9.6,0
124122.95,0.139,0.147,1,9.0,37075.41,9.19,7.3,0
54909.82,0.35,0.198,0,5.5,14063.38,5.76,4.1,0
125371.13,0.199,0.599,0,20.1,22487.56,6.64,18.0,0
60153.02,0.376,0.964,3,6.3,20097.61,9.91,2.4,1
188596.54,0.35,0.401,0,1.6,61186.93,7.81,2.7,0
80911.07,0.26,0.103,0,6.7,34924.03,5.57,7.2,0
58787.54,0.118,0.471,1,12.3,26662.8,7.82,12.0,1
107890.49,0.284,0.425,0,10.0,23413.26,9.3,12.4,0
57541.03,0.2,0.698,0,0.9,13160.86,11.06,5.8,1
28056.07,0.185,0.158,0,4.9,10895.44,7.23,7.3,0
65315.63,0.196,0.594,1,12.0,6481.69,7.94,2.1,0
56081.92,0.486,0.747,0,18.8,10170.01,12.18,3.3,1
35875.86,0.262,0.069,0,8.7,6257.57,6.09,6.9,0
60514.29,0.365,0.605,0,5.8,18662.26,9.81,6.6,1
23080.71,0.344,0.211,0,1.6,3825.74,5.81,6.4,0
91777.17,0.033,0.29,0,10.5,9184.87,6.78,10.5,0
63179.82,0.326,0.852,1,12.7,9888.49,13.08,5.8,0
116011.24,0.05,0.01,0,8.2,22822.7,5.91,11.9,0
61606.18,0.373,0.088,0,12.7,17870.58,5.56,1.0,0
55389.91,0.447,0.611,1,11.4,6572.21,11.97,1.7,1
49103.12,0.337,0.524,1,3.0,5457.81,7.0,7.5,1
86426.07,0.364,0.188,1,3.2,33843.22,7.73,2.6,1
83294.88,0.25,0.263,0,5.8,25927.18,9.57,10.7,0
37452.85,0.203,0.692,1,6.2,18863.27,11.02,2.1,1
105155.9,0.15,0.077,1,18.8,22042.06,3.89,7.6,0
64351.9,0.242,0.806,1,5.8,12017.75,8.81,3.2,1
63341.66,0.208,0.148,0,16.6,24753.14,4.59,11.0,0
250000.0,0.202,0.474,0,16.3,36780.01,7.46,6.9,0
69774.52,0.192,0.256,1,8.8,17613.81,8.24,13.8,0
69981.52,0.371,0.414,0,5.9,16950.21,9.72,8.3,0
48335.34,0.184,0.354,0,3.2,21781.52,8.95,1.4,1
37949.96,0.207,0.476,0,2.6,9715.7,9.37,6.7,0
124437.58,0.072,0.01,0,17.1,43230.59,5.01,5.1,0
52179.2,0.406,0.433,0,2.9,18807.25,11.18,4.5,1
59442.07,0.127,0.125,0,7.0,24025.03,6.73,4.9,0
42699.63,0.37,0.604,3,13.0,14089.36,11.88,13.8,1
52601.82,0.203,0.631,0,4.5,12014.6,9.92,13.4,0
22698.78,0.244,0.321,1,8.4,6530.11,8.59,0.4,0
54741.59,0.137,0.221,0,5.6,10998.58,6.66,1.6,0
124538.91,0.073,0.419,1,6.9,51527.58,7.8,8.3,0
83297.78,0.313,0.14,1,9.2,27404.73,11.78,4.5,0
163504.88,0.403,0.439,0,3.0,40087.1,8.38,10.0,0
119570.44,0.157,0.233,0,20.8,15548.75,5.47,1.6,0
86128.34,0.252,0.05,0,5.9,18371.76,4.5,2.9,0
204311.49,0.032,0.407,0,7.4,74771.41,10.95,6.7,0
91995.2,0.24,0.149,0,11.5,30785.8,6.86,0.8,0
74480.12,0.23,0.288,1,2.2,27096.29,10.36,6.5,1
90239.01,0.059,0.22,0,12.7,36396.09,9.25,7.1,0
160914.16,0.365,0.442,0,13.1,31615.41,9.44,5.7,0
78741.59,0.185,0.028,0,12.6,25296.13,6.31,2.8,0
57267.26,0.347,0.505,0,4.7,10563.53,11.92,8.5,0
65459.91,0.404,0.497,3,3.7,33376.45,11.04,2.1,1
45543.92,0.449,0.361,0,4.4,15249.86,8.48,4.1,0
84463.09,0.191,0.521,0,4.1,35054.1,9.56,7.4,0
110208.62,0.2,0.633,1,6.3,6450.82,9.91,4.6,0
68939.45,0.279,0.071,2,7.6,26028.35,6.22,5.5,0
86198.16,0.333,0.386,2,11.3,32253.36,9.03,7.1,0
39224.17,0.168,0.584,0,4.6,2953.2,10.09,8.9,0
63588.93,0.287,0.117,1,19.4,21344.65,6.54,2.3,0
66010.36,0.099,0.17,0,9.3,9597.49,4.67,4.4,0
250000.0,0.357,0.408,1,9.3,80000.0,8.5,3.3,0
80485.09,0.088,0.241,0,4.2,34809.55,6.19,3.6,0
49746.9,0.238,0.385,2,7.7,10150.53,7.16,7.2,0
38876.94,0.101,0.484,0,5.8,8318.9,8.57,2.2,0
132879.89,0.141,0.611,0,8.1,22819.54,7.9,5.1,0
59696.47,0.297,0.309,0,8.3,16281.34,10.38,5.8,0
52308.6,0.161,0.161,0,20.0,24078.08,5.75,4.5,0
73944.61,0.427,0.204,0,14.5,12327.84,7.66,5.8,0
89409.83,0.127,0.53,0,17.4,41847.23,9.11,1.6,0
93502.05,0.219,0.651,0,7.9,8677.65,8.25,4.1,0
73542.34,0.137,0.063,0,5.3,27887.62,6.04,8.0,0
64616.64,0.245,0.353,0,14.8,27871.09,6.85,8.4,0
78934.55,0.346,0.27,0,6.8,14460.51,8.48,1.5,0
83935.57,0.195,0.586,0,3.5,30287.53,9.42,8.2,0
81998.6,0.257,0.491,0,11.7,24724.62,7.85,4.8,1
87653.47,0.371,0.568,1,17.2,36875.48,7.79,10.8,1
86577.83,0.093,0.322,0,19.0,18796.95,3.5,1.5,0
40620.18,0.356,0.394,0,10.1,19726.97,10.27,3.2,1
85897.53,0.152,0.01,0,12.5,22112.85,4.22,6.2,0
94307.32,0.379,0.471,2,16.6,44356.4,10.01,10.9,1
22420.17,0.365,0.839,1,2.6,11393.28,12.71,2.5,1
26750.67,0.306,0.51,3,19.2,8464.79,6.15,6.6,0
102820.04,0.289,0.636,1,7.8,42959.15,9.35,8.0,0
154290.71,0.365,0.547,0,9.6,60975.43,10.45,3.9,0
36864.32,0.384,0.462,0,10.3,7424.94,10.58,4.5,0
74296.08,0.412,0.631,0,9.3,21269.05,10.36,9.5,0
63655.28,0.122,0.419,0,15.6,4213.93,5.58,6.1,0
62846.13,0.402,0.435,1,32.0,12642.22,9.28,2.8,0
76280.83,0.152,0.534,0,7.4,19910.28,10.95,3.5,0
41333.97,0.226,0.096,0,18.9,15376.84,5.63,4.0,0
45469.8,0.185,0.664,0,11.8,11688.17,8.94,8.4,0
73152.48,0.119,0.152,0,4.1,25778.17,4.58,9.8,0
59573.53,0.357,0.197,0,12.5,10230.3,6.82,17.0,0
36299.27,0.223,0.851,1,13.0,13886.81,12.51,2.9,1
95724.37,0.308,0.229,0,7.4,40784.36,6.16,5.2,0
47686.63,0.34,0.536,1,3.0,9564.95,11.05,2.5,0
54760.9,0.245,0.12,0,7.8,22522.66,5.23,2.1,0
73146.35,0.308,0.27,1,12.9,24344.9,7.31,3.1,0
60886.88,0.33,0.441,0,16.9,16732.65,11.31,12.2,0
103145.74,0.4,0.774,0,8.8,36278.72,9.25,15.8,0
47294.61,0.098,0.388,0,27.8,16747.38,6.73,1.1,0
24397.92,0.264,0.602,2,4.5,9619.26,11.25,5.5,1
62999.19,0.155,0.735,0,10.9,20126.61,9.9,2.6,0
77863.83,0.273,0.481,0,12.0,17673.05,9.22,2.1,0
34970.45,0.261,0.164,0,7.8,13113.75,7.3,1.0,0
33551.76,0.262,0.328,0,3.5,6086.28,8.21,2.7,0
92923.57,0.374,0.29,0,5.8,7968.51,7.36,3.7,0
39493.83,0.169,0.934,0,25.5,18795.86,11.41,11.1,0
34376.5,0.199,0.09,0,2.3,13387.92,4.99,3.5,0
129104.29,0.227,0.011,0,9.5,34886.21,5.26,14.7,0
41514.42,0.191,0.341,0,19.4,17540.7,7.39,0.3,0
106837.52,0.455,0.377,0,5.7,13731.96,7.45,12.2,1
84394.35,0.46,0.263,1,7.2,17772.58,8.94,5.9,0
58947.23,0.236,0.483,1,2.4,11505.46,7.75,18.1,1
55289.35,0.227,0.337,1,2.9,19894.05,9.14,8.0,0
19042.27,0.295,0.667,1,2.5,7317.7,10.84,0.2,1
30551.54,0.438,0.45,0,5.4,8427.26,10.85,2.6,0
62407.13,0.234,0.137,2,12.6,11186.57,6.74,4.0,0
81375.23,0.429,0.265,0,12.5,16585.96,6.64,6.9,0
32012.04,0.371,0.309,0,11.0,9277.5,6.92,14.1,0
60381.5,0.39,0.395,0,7.3,6799.98,9.0,5.3,1
36765.67,0.365,0.535,1,18.1,5060.99,8.63,2.6,0
75927.32,0.221,0.477,0,13.1,35921.27,8.79,9.1,0
76446.65,0.243,0.112,1,5.5,10676.91,9.49,4.9,0
95163.81,0.26,0.549,0,7.0,28432.3,7.56,5.0,0
114749.39,0.175,0.151,0,6.6,50083.25,6.04,2.3,0
104917.96,0.287,0.449,0,16.5,41722.7,8.64,2.0,0
130058.79,0.147,0.25,0,9.4,6852.7,5.13,6.5,0
52505.54,0.186,0.443,0,15.1,10023.14,8.69,8.5,0
250000.0,0.055,0.168,0,11.6,25062.67,3.5,6.4,0
36657.16,0.313,0.198,0,9.6,14184.83,7.58,6.9,0
56978.74,0.444,0.231,0,8.4,4617.02,4.94,11.6,0
85016.08,0.283,0.461,1,9.3,12440.71,8.97,7.1,0
105611.67,0.266,0.129,0,10.0,23990.38,5.25,8.3,0
77318.79,0.424,0.246,0,24.6,30404.64,5.5,19.2,0
100199.87,0.329,0.22,2,1.8,41308.84,8.31,4.6,0
24562.0,0.197,0.805,0,3.2,2895.52,11.1,6.0,0
129603.17,0.365,0.487,1,14.6,54498.07,9.54,5.5,1
66396.81,0.274,0.091,1,11.3,4677.83,7.09,5.9,0
105434.31,0.216,0.739,1,3.8,46014.57,9.5,7.2,1
30036.3,0.255,0.277,0,19.9,3516.63,9.82,17.3,0
73370.78,0.392,0.317,1,7.2,18857.12,7.25,7.7,0
44764.0,0.289,0.76,1,6.9,6945.34,13.37,3.8,0
80521.11,0.168,0.191,1,11.5,14299.36,10.25,5.6,0
58269.01,0.479,0.391,2,32.1,24534.59,10.88,2.3,0
91593.56,0.196,0.572,0,9.9,37199.46,8.82,7.3,0
51002.75,0.176,0.499,0,5.2,17121.43,10.09,3.4,0
77575.85,0.191,0.372,0,9.7,4438.19,8.58,13.3,0
56112.39,0.409,0.468,1,10.8,8530.69,8.19,7.0,0
79645.76,0.253,0.738,0,6.9,13970.82,7.65,4.1,0
107555.74,0.168,0.497,1,5.7,13130.28,10.12,4.4,1
87479.92,0.328,0.232,0,13.5,9598.87,7.83,1.4,0
32597.85,0.21,0.534,1,4.6,16149.95,9.55,6.1,1
87103.61,0.137,0.199,0,23.5,30523.45,6.29,2.7,0
197826.89,0.341,0.48,0,14.1,75537.18,8.88,3.6,0
94859.81,0.408,0.755,0,23.9,38251.54,12.37,2.8,0
18000.0,0.45,0.44,0,5.1,7286.28,5.24,14.8,0
63855.01,0.348,0.518,0,15.0,8998.68,13.04,8.1,0
115097.85,0.424,0.307,0,12.1,49292.66,7.11,5.0,1
83231.42,0.277,0.213,0,5.1,28431.76,6.07,12.8,0
60045.29,0.332,0.539,0,15.9,10088.47,11.68,6.4,0
71252.37,0.286,0.01,0,6.6,16451.19,4.26,5.8,0
111729.35,0.083,0.285,1,9.5,9822.5,8.92,0.9,0
29745.1,0.2,0.237,0,8.9,10518.31,9.41,0.6,0
115171.26,0.361,0.538,1,5.3,34872.24,11.68,3.2,0
62294.99,0.19,0.25,1,8.4,23503.99,9.39,8.0,0
45610.58,0.353,0.681,0,9.9,21399.99,11.84,15.5,0
119923.63,0.33,0.577,0,2.0,19933.19,11.21,19.0,1
27757.8,0.241,0.682,0,10.4,9225.0,8.08,11.9,0
52361.98,0.397,0.793,0,24.9,6356.11,11.07,6.5,0
47474.5,0.238,0.363,1,17.7,14333.59,6.77,8.0,0
196362.12,0.106,0.171,0,17.0,48636.79,6.41,17.3,0
51699.19,0.23,0.508,0,4.4,10904.33,8.76,5.9,0
30272.23,0.144,0.198,0,10.4,13284.83,8.79,5.4,0
70575.02,0.262,0.414,0,5.7,18166.9,7.1,5.5,0
88236.59,0.275,0.307,0,3.8,20552.94,8.62,3.2,0
98182.58,0.103,0.347,1,3.9,16651.27,8.09,8.1,0
249143.13,0.122,0.606,0,14.2,68994.29,11.04,4.2,0
134334.71,0.461,0.369,0,15.5,36091.14,8.32,4.6,0
73781.66,0.197,0.49,0,10.5,19228.01,7.13,3.6,1
62589.0,0.132,0.185,0,15.8,26093.7,4.02,1.8,0
171650.57,0.078,0.135,0,4.2,57981.24,5.23,13.3,0
53379.94,0.142,0.124,0,4.8,21689.98,4.63,4.9,0
46602.9,0.322,0.663,0,11.1,10251.14,11.25,6.0,0
66946.93,0.134,0.227,1,14.4,16729.56,5.88,4.0,0
36345.04,0.25,0.637,0,11.2,15525.13,7.49,5.3,0
46187.67,0.305,0.266,0,2.2,16446.42,7.99,5.9,0
53693.07,0.225,0.62,0,16.1,10959.5,6.08,15.5,0
98049.12,0.281,0.489,0,5.2,10850.22,11.15,2.9,0
60831.12,0.405,0.252,0,3.8,27378.86,7.32,5.9,0
40928.33,0.23,0.54,0,12.0,8605.35,11.44,13.7,0
29219.78,0.252,0.181,2,20.2,10038.36,8.4,0.7,0
72885.12,0.135,0.793,0,14.3,16842.38,9.9,4.2,0
63666.82,0.413,0.288,2,9.1,10097.21,10.74,7.9,0
51026.13,0.111,0.151,0,5.5,5332.9,3.57,9.5,0
47661.62,0.202,0.731,0,17.8,6431.22,9.34,2.5,0
80708.72,0.334,0.182,0,2.0,27236.35,7.33,9.3,0
116911.79,0.425,0.559,2,15.2,26399.49,9.85,2.9,0
40678.78,0.329,0.338,0,8.3,18224.86,6.45,13.0,0
80713.46,0.299,0.341,0,5.1,23791.1,8.47,12.5,0
143851.36,0.09,0.01,1,13.1,27253.1,6.31,13.8,0
36598.75,0.222,0.469,2,6.1,18324.6,10.0,4.7,1
64776.24,0.285,0.337,2,5.9,22941.23,9.33,4.1,1
87846.2,0.321,0.338,1,6.7,30900.07,7.88,4.0,1
40621.48,0.231,0.584,0,13.7,7440.51,9.14,18.6,0
65162.7,0.416,0.373,0,4.6,23553.21,6.88,4.4,0
72196.92,0.488,0.215,0,26.7,6323.95,5.62,4.6,0
96339.46,0.166,0.234,1,13.2,12855.76,4.49,5.2,0
30742.96,0.251,0.957,0,6.6,9846.51,12.16,6.9,1
80790.5,0.188,0.078,1,6.8,11556.64,7.99,7.6,0
149971.4,0.203,0.514,0,9.8,39306.4,7.9,3.8,0
178196.31,0.301,0.629,1,12.5,30753.41,8.9,8.2,0
118095.9,0.197,0.656,0,9.3,34303.96,9.34,5.9,0
35698.14,0.131,0.777,0,16.5,13091.27,9.73,13.2,0
72982.15,0.266,0.376,2,8.9,10063.26,8.66,13.9,0
52238.76,0.272,0.402,1,14.8,19182.53,7.28,6.7,0
72058.52,0.44,0.437,0,13.5,30801.71,6.3,6.3,0
48926.4,0.23,0.145,1,7.5,21063.37,6.96,1.6,0
29577.35,0.478,0.414,0,9.1,5212.23,10.96,11.2,0
56652.38,0.388,0.59,1,14.7,11092.63,9.62,7.4,1
92938.81,0.331,0.563,1,2.9,9914.99,9.38,10.8,0
69002.4,0.422,0.132,0,11.8,32915.62,6.55,2.1,0
75497.49,0.499,0.377,1,10.2,34812.8,8.3,4.6,0
74909.53,0.172,0.335,1,2.4,31509.45,9.07,15.3,0
93985.55,0.314,0.265,1,1.7,30968.36,7.43,3.5,1
86734.0,0.385,0.763,0,2.2,19801.21,15.12,11.3,0
59868.08,0.327,0.332,0,7.4,19849.24,8.35,7.4,0
68606.42,0.265,0.402,0,7.3,22901.0,6.32,18.8,0
110302.62,0.501,0.322,1,6.9,45454.32,9.85,9.8,1
79161.2,0.274,0.482,0,11.0,31045.07,6.79,6.7,0
64869.14,0.377,0.558,0,2.2,13766.76,9.71,7.8,0
60216.01,0.352,0.493,0,11.3,10608.76,7.12,6.2,0
60293.92,0.288,0.83,0,16.0,15660.03,8.14,4.2,0
37958.05,0.413,0.817,4,7.8,6613.83,16.39,0.3,1
79850.78,0.258,0.348,0,9.6,14882.88,6.62,3.2,0
50648.53,0.349,0.806,0,9.6,22425.94,10.18,9.5,0
72057.86,0.234,0.554,0,19.3,19884.15,6.76,0.7,0
49220.22,0.128,0.167,2,9.5,14978.85,6.42,4.5,1
68822.03,0.356,0.415,0,8.5,23228.47,9.19,4.0,0
78611.08,0.485,0.373,0,6.8,27130.68,7.44,9.2,1
58365.99,0.337,0.537,0,4.9,14708.93,8.67,3.0,1
21200.56,0.281,0.981,1,5.8,7253.96,12.57,5.7,1
91659.49,0.326,0.134,0,7.7,35091.22,3.54,3.7,0
75970.33,0.397,0.184,1,11.3,6750.29,8.88,2.9,1
27388.38,0.25,0.916,2,8.3,6257.67,14.31,16.0,1
92536.15,0.214,0.448,0,3.8,15078.31,8.35,1.7,0
38992.94,0.168,0.552,0,5.1,2730.67,10.26,2.8,0
125510.02,0.11,0.441,0,8.1,34095.67,9.75,2.2,0
76922.66,0.286,0.171,0,11.0,13883.02,3.98,4.2,0
19699.66,0.497,0.228,0,6.7,4383.03,3.5,10.5,0
78524.15,0.235,0.404,1,19.7,31619.26,8.55,7.2,0
54825.61,0.161,0.428,3,3.5,21014.23,9.25,7.2,1
52582.4,0.261,0.57,1,6.7,17081.98,8.72,5.6,0
42451.43,0.391,0.386,0,2.9,8095.08,10.49,1.7,1
73253.29,0.201,0.195,0,7.7,10672.09,8.6,1.9,0
63988.84,0.297,0.361,0,12.2,14572.11,9.89,2.9,0
26907.6,0.296,0.439,0,14.0,11837.77,8.05,1.2,0
113743.6,0.366,0.665,2,1.4,22447.97,14.22,12.1,1
57340.71,0.414,0.163,0,4.8,21359.72,6.16,6.3,0
54472.26,0.352,0.075,0,26.3,24372.67,3.5,2.8,0
35497.66,0.396,0.45,0,5.4,17036.91,9.05,18.3,1
110883.14,0.424,0.022,1,7.2,18017.83,6.67,3.3,1
39634.76,0.225,0.581,0,15.3,5424.52,10.23,3.4,0
84339.83,0.228,0.297,0,9.9,20981.08,7.93,6.0,0
41727.94,0.314,0.745,2,3.3,18600.97,10.5,4.0,1
47749.03,0.315,0.413,1,4.3,6129.69,8.75,11.6,0
36342.95,0.461,0.502,2,1.2,12891.56,11.61,16.1,1
41355.3,0.375,0.382,0,5.5,11824.37,9.31,3.4,1
43541.47,0.532,0.416,4,5.0,7505.77,10.64,14.1,1
100076.39,0.111,0.125,0,12.7,11402.53,6.56,6.0,0
52486.9,0.333,0.231,0,6.9,18137.72,7.62,5.6,0
71840.42,0.317,0.393,0,12.7,20374.35,5.69,12.6,0
119354.37,0.128,0.186,1,3.9,23626.32,6.79,5.2,0
36374.18,0.351,0.16,0,7.4,4877.17,7.31,5.9,0
71125.3,0.178,0.582,1,12.0,31500.66,10.09,4.7,1
52341.42,0.114,0.211,0,14.3,12155.49,7.82,1.7,0
38885.15,0.392,0.232,2,14.5,12644.46,9.32,3.5,0
76441.18,0.247,0.151,0,7.8,18677.08,9.24,21.0,0
48464.06,0.333,0.349,0,6.2,6951.67,10.07,3.7,0
34960.04,0.194,0.951,1,2.3,16006.09,11.94,12.6,0
116592.22,0.217,0.321,0,3.2,32676.04,6.78,1.5,0
112268.81,0.231,0.633,1,19.3,41401.36,9.78,2.1,0
19156.04,0.307,0.557,1,4.0,5435.53,12.36,6.9,0
32274.36,0.227,0.516,0,18.3,9798.2,5.45,1.2,0
121798.09,0.217,0.28,0,6.5,22375.75,8.8,1.6,0
69626.72,0.36,0.077,0,8.9,8376.53,7.26,2.1,0
184613.42,0.153,0.01,0,12.8,35861.69,4.21,6.1,0
91156.3,0.288,0.251,0,4.3,39040.01,8.02,3.0,1
80057.09,0.383,0.141,1,21.3,21622.48,5.56,3.4,0
44878.63,0.252,0.504,2,12.8,16350.9,10.81,4.6,0
62405.34,0.365,0.823,0,6.7,15982.23,10.99,1.1,1
33760.91,0.212,0.146,0,5.4,7656.63,6.62,11.5,0
113278.49,0.258,0.76,1,9.1,13770.88,10.24,21.3,0
96650.95,0.299,0.562,1,14.7,14666.82,11.54,3.7,0
53702.11,0.205,0.49,1,6.3,12022.19,9.37,8.9,0
99470.79,0.204,0.897,1,12.6,16036.69,10.83,2.5,0
193980.67,0.37,0.46,1,22.8,80000.0,6.54,10.5,0
82439.22,0.275,0.04,0,6.4,24813.55,6.23,14.2,0
91154.44,0.381,0.538,0,8.3,21535.18,6.97,8.1,0
55145.66,0.229,0.41,1,17.3,17306.98,8.69,1.1,0
73324.93,0.395,0.384,2,8.3,30518.95,7.39,8.0,1
37568.94,0.203,0.315,0,20.6,7323.02,6.09,4.1,0
74112.13,0.219,0.503,1,6.9,14336.92,9.74,12.6,0
71430.31,0.322,0.166,0,14.3,19307.03,3.5,9.5,0
158935.53,0.274,0.465,0,3.7,63765.99,11.03,8.5,1
26079.24,0.306,0.39,1,11.8,10844.35,8.1,8.4,0
49986.18,0.407,0.775,1,9.4,14209.54,12.77,7.8,1
132277.18,0.22,0.303,0,5.1,13436.69,6.77,6.9,0
65133.72,0.358,0.226,0,10.4,23966.5,9.17,10.6,0
58395.5,0.28,0.518,0,3.4,23288.09,10.72,7.7,1
41339.08,0.325,0.624,0,9.5,4030.5,8.58,10.8,0
46587.36,0.114,0.316,0,13.9,13124.01,7.49,8.1,0
24944.04,0.367,0.563,1,9.9,5002.79,11.27,14.2,1
42980.68,0.165,0.73,0,5.7,5426.36,8.96,0.3,0
34396.25,0.373,0.606,2,5.7,15057.41,12.48,9.2,1
54143.34,0.318,0.992,1,16.5,23195.46,12.09,6.1,1
53519.9,0.395,0.323,0,5.8,3692.26,11.52,1.4,1
53897.3,0.232,0.294,0,12.8,7411.11,5.51,9.5,0
54633.36,0.249,0.288,0,5.0,20829.27,8.58,5.2,0
67496.8,0.32,0.339,0,3.7,16645.37,8.8,2.0,0
58539.34,0.256,0.106,0,3.3,8229.77,6.72,13.0,0
51807.78,0.093,0.057,0,6.3,17925.11,5.74,9.7,0
69814.86,0.27,0.791,0,6.9,6032.97,11.81,3.6,0
128359.71,0.139,0.157,0,11.7,12330.9,9.88,7.0,0
71336.81,0.156,0.435,0,10.6,15884.51,9.11,7.7,0
57618.34,0.308,0.198,0,8.4,14410.2,8.93,2.9,0
76427.51,0.305,0.427,0,6.3,19889.21,5.88,4.8,0
24476.57,0.244,0.368,0,4.6,9633.31,9.46,4.2,0
62081.43,0.186,0.84,2,3.5,27791.92,11.11,3.9,1
51144.37,0.292,0.417,1,7.3,25016.56,8.8,7.0,1
30621.69,0.388,0.577,1,4.8,14878.01,11.61,1.7,1
45337.48,0.392,0.34,0,17.5,10235.93,9.85,7.8,0
51675.41,0.251,0.101,1,12.7,9757.03,12.33,4.1,0
130099.23,0.141,0.01,0,20.4,20726.83,3.5,1.8,0
141118.77,0.069,0.183,1,4.0,42539.34,6.13,3.8,0
33809.94,0.361,0.522,2,8.2,6455.66,13.45,5.1,1
61472.34,0.246,0.226,0,18.7,19667.73,6.31,10.9,0
63440.06,0.156,0.606,1,15.4,8435.84,7.61,4.2,0
100921.74,0.199,0.215,0,7.2,39370.61,4.63,9.2,0
73979.03,0.374,0.258,0,6.7,25895.34,8.81,5.2,0
82141.87,0.129,0.417,0,14.5,9440.82,8.15,8.3,0
92361.43,0.489,0.052,0,7.1,13299.2,7.36,10.5,0
41952.13,0.421,0.867,2,12.3,12141.98,9.12,5.1,1
148878.75,0.348,0.241,1,18.9,32413.98,5.39,1.5,0
84915.6,0.172,0.035,1,25.1,22303.97,7.41,5.0,0
38778.06,0.178,0.639,3,20.5,13045.32,11.47,10.3,0
56289.77,0.434,0.42,0,18.3,13093.01,8.27,3.9,0
135655.19,0.199,0.237,1,11.0,27983.87,7.34,11.9,0
71420.59,0.071,0.146,0,7.5,30241.77,7.23,4.0,0
120836.11,0.275,0.416,0,11.0,25201.51,11.54,7.7,0
50810.06,0.328,0.57,0,5.5,21574.48,7.06,4.8,0
39074.95,0.186,0.271,0,4.0,13959.97,8.72,3.5,0
110163.72,0.355,0.784,1,18.2,30509.99,11.17,16.1,0
45309.83,0.271,0.828,0,11.0,13367.12,11.29,11.4,1
90586.38,0.329,0.506,2,6.3,15130.93,10.38,8.0,1
117835.66,0.075,0.01,0,8.6,28224.44,4.97,12.9,0
37893.4,0.309,0.283,0,17.9,17311.07,7.95,1.9,1
79392.77,0.12,0.427,1,11.1,23426.01,8.13,4.4,0
49549.73,0.256,0.851,0,6.8,16733.58,11.59,7.4,0
77288.65,0.289,0.495,0,5.8,10912.22,10.57,2.9,0
141474.15,0.206,0.65,1,8.2,58670.18,10.75,9.1,1
52113.37,0.232,0.295,1,19.7,6018.05,7.05,10.8,0
128520.29,0.142,0.343,0,6.3,42512.38,7.79,1.5,0
78007.42,0.179,0.816,0,16.6,8291.29,12.25,1.2,0
67285.35,0.437,0.23,1,28.2,23672.17,5.65,6.3,0
64806.51,0.288,0.392,1,11.4,10683.44,9.81,9.2,0
41742.91,0.209,0.544,0,1.9,18356.12,10.2,2.2,0
70391.76,0.493,0.442,1,5.0,16031.17,11.32,3.3,0
53707.86,0.425,0.72,2,3.7,24390.65,14.02,4.8,1
45580.85,0.27,0.239,2,11.9,4285.32,6.62,3.1,0
148669.36,0.137,0.247,0,7.1,19978.96,7.39,12.8,0
76700.58,0.292,0.705,0,5.1,9315.79,13.43,4.5,0
57019.96,0.25,0.606,0,30.9,23552.42,8.73,7.0,0
154039.1,0.216,0.404,0,8.5,18929.08,8.68,7.2,0
25461.94,0.236,0.58,0,7.9,3098.24,9.56,5.6,0
108323.14,0.427,0.596,1,11.8,25063.72,9.15,2.2,0
43672.51,0.136,0.355,1,15.8,9070.92,5.74,16.9,0
122884.89,0.03,0.01,0,7.7,38715.71,3.88,2.1,0
62911.64,0.157,0.243,1,15.0,4627.57,8.28,3.9,0
32287.4,0.361,0.613,1,25.3,14839.37,13.11,9.3,0
139437.89,0.242,0.565,0,12.5,17116.67,7.76,15.5,0
227683.06,0.134,0.058,0,15.5,34428.36,3.5,8.7,0
50183.17,0.27,0.313,1,14.6,20724.4,6.95,6.4,0
79710.29,0.236,0.413,0,5.1,29521.24,12.75,0.6,0
58561.24,0.302,0.501,1,1.5,26020.29,13.29,3.4,1
149282.07,0.166,0.392,3,10.1,30831.29,8.12,3.7,1
22915.79,0.369,0.817,0,3.4,10673.31,11.07,10.4,0
76895.36,0.377,0.174,2,17.0,21939.62,7.86,6.0,0
42900.73,0.33,0.758,1,12.1,5749.33,12.44,0.9,0
18000.0,0.416,0.375,2,3.6,3505.95,10.77,19.6,1
48964.34,0.182,0.467,0,3.9,7908.85,10.88,6.5,1
212602.75,0.08,0.309,0,8.8,49293.38,8.02,7.8,0
46207.32,0.244,0.148,1,11.9,13059.51,9.59,4.0,0
82800.84,0.291,0.569,0,3.6,27528.47,10.37,6.8,1
99727.18,0.505,0.181,0,12.1,19752.61,9.32,2.7,0
72361.19,0.386,0.715,0,19.6,15770.7,9.61,4.4,0
59795.79,0.21,0.526,3,9.3,14580.91,10.43,1.5,1
25719.41,0.309,0.372,0,10.2,8570.64,8.54,4.9,0
31949.17,0.359,0.664,2,11.8,12971.6,11.73,7.3,1
118495.1,0.055,0.021,0,6.5,12597.61,3.5,3.0,0
75930.45,0.312,0.233,1,4.9,28892.67,5.65,3.9,0
85183.75,0.218,0.415,0,10.2,18362.05,9.23,2.8,0
78402.74,0.309,0.44,0,11.5,14931.16,12.95,3.4,0
224544.28,0.458,0.302,1,1.8,54109.58,11.16,2.1,0
86046.36,0.155,0.397,1,10.5,4302.32,9.74,2.1,0
157536.38,0.244,0.026,0,7.4,21488.37,6.33,6.7,0
68339.78,0.176,0.634,0,6.8,22770.1,9.74,10.4,0
165942.06,0.421,0.16,0,7.0,69242.83,6.88,8.0,0
27711.77,0.29,0.923,1,8.5,7934.93,12.77,7.5,1
74143.37,0.135,0.305,1,4.7,12358.95,7.89,9.5,0
45785.77,0.516,0.745,1,4.7,20537.6,11.19,3.2,1
69729.76,0.434,0.492,1,14.3,14011.8,12.1,1.7,0
107127.87,0.344,0.198,0,0.7,16994.52,8.23,3.8,0
77996.01,0.348,0.641,1,10.3,29350.52,9.65,12.0,0
98129.29,0.383,0.39,2,5.7,17529.7,9.98,3.5,0
48854.73,0.222,0.335,1,16.2,14508.39,6.31,1.6,1
42316.11,0.276,0.372,1,14.2,5490.85,9.74,10.8,0
64626.52,0.172,0.223,0,18.9,10653.6,7.26,5.9,0
69901.03,0.481,0.51,1,13.6,22442.53,9.33,3.7,1
58293.93,0.371,0.296,0,10.5,9633.94,6.9,2.3,0
30019.97,0.291,0.561,3,1.4,5280.63,9.77,13.6,1
126232.31,0.383,0.126,0,7.7,20526.81,7.54,8.4,0
53422.47,0.413,0.352,2,15.1,26196.37,9.72,7.7,0
110253.31,0.335,0.352,0,14.3,42199.96,8.46,1.1,0
57007.57,0.381,0.136,0,16.1,7056.81,4.4,10.9,0
92654.63,0.283,0.677,1,9.8,36747.78,9.85,1.0,0
130132.16,0.034,0.333,0,8.2,41439.18,7.92,8.7,0
42147.84,0.412,0.377,1,1.4,15229.72,10.83,3.0,0
115686.16,0.158,0.232,0,14.4,22068.11,5.86,4.2,0
135628.23,0.566,0.265,2,13.9,54177.13,7.71,4.1,0
74676.52,0.298,0.4,0,4.4,19880.3,8.87,5.2,0
89315.29,0.527,0.431,1,5.4,17623.02,11.9,8.6,1
109575.74,0.365,0.753,0,7.2,43699.28,11.48,6.5,0
101017.4,0.428,0.423,0,2.2,30191.29,8.95,1.4,0
71328.56,0.398,0.405,0,7.3,8648.44,8.23,16.0,0
88907.43,0.323,0.475,1,10.4,30155.96,8.17,2.2,0
106115.68,0.446,0.069,1,5.5,11255.49,4.72,2.6,0
35055.17,0.104,0.254,1,4.5,13177.63,7.68,2.0,1
49176.87,0.4,0.613,0,6.7,22267.0,9.09,11.2,0
54468.7,0.295,0.508,1,12.0,18887.06,11.75,3.8,1
47639.16,0.363,0.692,0,3.8,7787.5,11.64,3.3,0
110668.66,0.274,0.313,1,28.6,48591.58,8.13,14.3,0
37746.15,0.403,0.575,0,19.0,9372.2,9.31,5.5,0
35888.97,0.101,0.314,1,10.4,2843.39,7.7,2.0,0
138409.03,0.03,0.029,1,22.3,53646.94,5.37,0.8,0
35441.82,0.399,0.798,1,8.0,10832.6,11.0,23.1,0
23670.21,0.366,0.573,1,12.8,8838.24,10.02,7.7,1
122810.71,0.13,0.645,1,8.0,38869.1,12.13,6.2,0
75483.41,0.411,0.392,1,13.4,29979.93,10.53,9.6,1
95306.34,0.348,0.687,0,6.3,20130.13,8.33,1.0,0
43242.24,0.303,0.338,1,12.9,20355.73,5.61,2.6,0
31033.88,0.311,0.571,1,12.7,14676.74,8.28,4.3,0
34677.23,0.173,0.295,1,19.6,4934.74,4.59,5.4,0
54022.51,0.379,0.447,0,12.2,24061.62,9.38,9.7,0
37140.73,0.281,0.546,0,10.0,5259.72,9.55,7.2,0
76346.65,0.356,0.389,0,7.1,20916.02,8.59,5.6,0
65835.38,0.165,0.01,0,5.5,26997.69,5.93,13.9,0
105441.44,0.123,0.059,1,6.5,35486.69,6.63,2.5,0
71519.19,0.234,0.554,1,10.0,26358.19,10.43,4.9,1
77737.13,0.354,0.227,2,7.3,15742.1,9.81,15.4,0
71220.24,0.324,0.532,0,7.2,22255.01,11.32,2.1,1
44836.46,0.321,0.227,0,2.4,8462.47,8.69,15.3,0
57778.3,0.277,0.67,1,5.0,29877.03,9.27,5.6,1
89342.33,0.413,0.127,0,10.7,7400.29,8.9,10.2,0
22421.11,0.24,0.57,1,10.2,8577.61,12.16,4.0,1
85883.06,0.322,0.984,0,6.0,16264.56,12.66,15.1,0
48733.92,0.356,0.749,1,6.0,18196.65,10.57,12.6,1
70346.66,0.28,0.425,0,3.7,30241.02,8.3,0.9,1
30652.65,0.27,0.16,1,6.7,4943.3,6.55,3.1,0
62176.84,0.308,0.302,0,4.3,17694.59,11.26,6.1,0
46380.8,0.327,0.281,0,16.0,18888.4,5.38,6.2,0
85686.14,0.253,0.156,2,2.8,19130.64,9.76,12.8,1
41312.19,0.243,0.468,0,4.0,6515.19,11.67,3.9,0
45236.45,0.161,0.289,0,10.9,13048.16,9.15,7.5,0
89509.34,0.369,0.098,0,14.1,39675.54,6.6,7.4,0
38960.25,0.197,0.939,0,16.4,6874.63,10.45,16.1,0
46091.65,0.382,0.498,0,8.9,12799.91,5.89,5.1,0
155246.31,0.135,0.064,0,8.8,7762.32,5.74,6.3,0
98859.36,0.453,0.446,1,10.3,10022.75,9.63,9.3,0
107548.87,0.345,0.275,0,6.1,45109.73,7.25,1.4,0
101500.87,0.379,0.657,0,10.9,22185.29,10.12,16.8,0
61696.2,0.341,0.118,1,13.7,25885.51,7.66,3.4,0
64398.85,0.233,0.307,0,12.6,9491.99,3.5,1.0,0
43902.63,0.452,0.883,0,7.1,7893.05,13.84,28.0,1
94186.43,0.187,0.105,0,2.9,15063.31,6.04,18.0,0
57330.84,0.195,0.212,0,9.2,23705.3,7.16,6.6,0
49510.75,0.276,0.528,0,6.6,18952.94,7.8,10.5,0
100054.34,0.281,0.129,0,10.0,32004.34,6.71,1.1,0
155321.26,0.089,0.411,0,11.0,22996.22,10.46,3.0,0
73973.27,0.29,0.265,1,9.2,17238.29,9.8,3.3,0
134435.45,0.337,0.48,0,8.8,26049.05,7.24,2.2,0
48816.07,0.482,0.116,0,3.2,5500.64,7.34,10.2,1
38513.74,0.407,0.112,0,17.9,5389.29,7.01,11.3,0
85590.47,0.272,0.681,2,3.0,28365.84,13.63,7.6,1
61228.31,0.132,0.224,0,7.9,24849.97,6.01,8.0,0
56754.08,0.524,0.349,0,13.5,9019.87,10.44,7.0,1
33515.22,0.309,0.168,0,16.7,7353.26,4.88,5.8,0
53168.23,0.221,0.392,1,12.1,19171.85,8.13,11.5,0
35486.21,0.205,0.62,0,9.0,9539.05,11.71,1.4,0
56847.36,0.235,0.187,0,7.5,11603.8,6.25,7.2,0
62376.98,0.083,0.367,1,11.3,24218.95,5.95,3.3,1
64618.2,0.324,0.357,0,5.7,8327.63,8.99,6.4,0
132415.65,0.262,0.214,0,10.1,10225.98,6.75,8.2,0
80446.48,0.33,0.453,1,2.5,27661.0,7.27,7.9,0
29840.86,0.388,0.234,0,10.7,7163.76,8.68,10.7,0
101795.33,0.247,0.316,0,2.6,32608.6,8.44,6.7,0
82409.47,0.186,0.343,1,19.0,7799.13,5.03,10.1,0
84449.22,0.088,0.227,0,6.1,21105.0,8.04,3.8,0
64205.87,0.38,0.068,0,18.0,19682.9,6.1,5.5,0
79394.32,0.114,0.278,0,5.8,34398.32,9.25,8.7,0
71304.06,0.031,0.405,0,8.8,26410.55,7.85,7.5,0
67876.76,0.399,0.195,0,15.8,30527.41,6.32,14.2,0
138651.55,0.22,0.517,0,5.5,52552.84,9.19,0.6,0
37694.89,0.364,0.383,0,0.5,15109.97,9.07,1.0,0
54467.6,0.101,0.098,0,28.5,12934.72,4.52,1.2,0
83138.2,0.314,0.206,0,8.4,23286.01,7.4,9.6,0
33090.32,0.502,1.0,0,12.0,10158.84,11.67,11.6,0
23938.54,0.46,0.381,1,9.4,4340.99,9.35,3.9,1
64933.31,0.3,0.498,1,14.8,27832.11,10.72,9.5,0
150803.84,0.326,0.127,0,11.2,24511.33,6.89,3.3,0
60484.07,0.214,0.869,1,2.2,15968.58,10.02,5.9,0
107507.51,0.057,0.101,0,10.1,10811.11,7.12,7.1,0
32944.6,0.239,0.42,0,15.9,2801.92,6.95,3.5,0
87770.49,0.287,0.01,0,7.5,23381.59,3.5,4.2,0
55497.66,0.306,0.364,1,9.3,10885.41,10.67,4.6,0
52988.0,0.176,0.478,0,7.2,22397.53,5.99,4.8,0
72950.57,0.282,0.696,1,7.2,22549.78,9.74,4.0,0
61544.46,0.246,0.541,0,3.9,24000.55,8.11,5.1,1
29190.75,0.568,0.833,1,6.5,12927.75,11.23,11.5,1
87452.28,0.227,0.355,0,11.5,26071.37,4.49,14.6,0
121125.43,0.209,0.515,0,7.9,16131.49,8.78,2.2,0
45538.9,0.385,0.33,0,6.6,20923.66,9.47,6.4,0
57203.46,0.233,0.102,0,6.6,23948.53,8.73,11.3,0
52976.92,0.273,0.579,2,4.4,10102.89,11.7,19.8,0
120620.89,0.182,0.466,0,13.4,22141.2,7.7,2.9,0
37132.0,0.444,0.502,0,12.6,8757.72,9.89,5.9,0
93320.03,0.132,0.268,1,12.0,12485.63,9.21,7.8,0
57245.13,0.289,0.289,0,16.3,5140.93,6.0,8.0,0
89388.7,0.078,0.734,0,2.8,9646.29,9.64,7.1,1
49620.42,0.494,0.179,0,7.7,10222.38,11.06,5.8,0
44170.33,0.287,0.323,0,6.5,8131.92,8.08,1.6,0
144221.61,0.186,0.198,1,6.9,43723.42,8.26,4.7,0
34189.82,0.184,0.642,0,5.6,11255.18,6.79,14.0,0
78342.92,0.36,0.63,1,8.6,27428.1,8.77,11.8,0
182363.59,0.187,0.187,0,1.6,80000.0,9.68,2.3,0
83948.83,0.169,0.417,0,4.2,30428.19,9.06,0.1,1
31484.21,0.524,0.53,2,5.4,8181.4,7.57,13.4,0
24234.3,0.544,0.475,2,13.4,6324.76,10.1,1.5,1
50345.25,0.09,0.179,0,8.7,4238.09,6.97,7.7,0
78932.78,0.349,0.025,0,2.5,14700.11,4.27,10.3,0
67015.62,0.291,0.775,1,1.3,21454.91,10.73,4.4,1
32396.06,0.297,0.554,1,20.3,6224.23,8.47,7.8,0
48725.28,0.215,0.466,0,24.7,20592.51,7.37,7.9,0
49131.59,0.234,0.208,0,11.2,12653.33,5.98,3.8,0
57177.95,0.189,0.738,0,6.3,23141.23,11.64,4.4,1
201255.45,0.068,0.185,0,10.0,70363.23,8.48,9.5,0
46398.32,0.166,0.58,0,9.6,13780.7,9.32,2.2,0
41939.71,0.309,0.363,0,25.9,6663.67,6.66,9.3,0
33657.98,0.329,0.609,0,15.2,5359.16,8.52,4.0,0
101626.56,0.182,0.03,0,9.3,36220.85,4.82,6.8,0
89518.5,0.13,0.01,0,17.0,7129.0,4.97,2.0,0
60097.88,0.03,0.292,0,4.7,12183.75,6.5,3.5,0
69886.46,0.448,0.237,0,4.0,19450.84,8.79,11.2,0
57379.64,0.294,0.557,0,14.8,3833.43,9.83,18.5,0
80340.45,0.307,0.267,0,11.8,6481.41,8.55,13.7,0
250000.0,0.302,0.01,0,6.0,35400.71,7.28,4.9,0
99123.19,0.314,0.166,0,18.8,39917.18,8.75,3.7,0
73606.03,0.179,0.832,1,13.2,7165.49,9.02,7.4,0
53026.97,0.118,0.289,1,3.9,5624.49,7.18,6.3,0
28877.85,0.256,0.224,1,5.8,10996.43,8.07,0.0,1
86987.74,0.147,0.764,0,0.7,26096.42,9.77,7.2,1
93973.89,0.365,0.524,1,16.8,23230.85,7.97,1.8,0
58530.23,0.408,0.291,0,10.6,19948.67,9.57,0.8,0
130480.69,0.315,0.659,1,2.1,19908.47,12.66,3.2,0
65183.06,0.204,0.178,0,7.8,18392.37,6.94,8.1,0
89830.61,0.388,0.807,0,4.9,35717.0,11.92,3.6,1
90640.49,0.242,0.097,0,11.6,25173.25,7.35,7.9,0
62093.76,0.418,0.225,1,3.2,26639.21,10.17,7.1,0
59514.63,0.391,0.01,0,13.3,12764.9,4.53,3.9,0
61299.76,0.246,0.458,0,19.3,19592.36,7.87,17.2,0
90174.63,0.196,0.626,1,9.7,37904.2,10.5,0.8,0
55724.16,0.29,0.167,1,5.4,9583.58,6.91,2.1,0
62799.01,0.339,1.0,3,6.4,23758.29,12.94,2.4,1
46562.37,0.157,0.544,0,2.1,15960.37,6.69,1.5,0
95501.81,0.293,0.605,2,8.1,10519.61,11.72,4.6,1
79475.72,0.323,0.407,0,8.4,6664.75,7.51,3.3,0
38804.73,0.115,0.853,0,12.8,15517.18,10.62,5.1,0
62194.86,0.263,0.248,0,11.1,23898.22,7.23,2.2,0
104528.79,0.319,0.438,0,8.0,34286.48,9.48,5.3,0
32443.45,0.47,0.428,0,6.9,7917.59,9.23,6.1,0
32622.88,0.343,0.7,0,13.0,11062.92,10.47,8.6,0
65792.72,0.291,0.538,0,20.8,15929.1,6.76,5.7,0
166177.4,0.258,0.454,0,9.6,50145.38,7.29,4.6,0
55089.16,0.062,0.597,0,27.2,7524.8,8.32,10.9,0
76301.02,0.184,0.524,1,21.0,16969.85,7.66,10.9,0
87033.35,0.358,0.265,0,6.0,6530.85,7.01,12.6,0
43035.81,0.389,0.6,1,2.1,8132.76,13.73,5.1,1
51580.78,0.281,0.652,3,4.8,18987.46,12.7,12.5,1
55928.86,0.298,0.528,0,8.0,7187.82,9.48,1.5,1
81334.34,0.105,0.01,0,5.4,22897.87,5.52,6.2,0
33441.21,0.063,0.359,0,6.5,8612.8,7.93,16.9,0
55184.29,0.306,1.0,0,17.0,23469.88,13.55,0.6,1
95830.43,0.371,0.136,0,13.7,18516.18,8.27,3.6,0
67171.29,0.332,0.559,0,9.6,29496.45,11.86,3.1,0
97667.07,0.49,0.273,0,5.5,30152.2,7.93,12.6,0
83142.19,0.26,0.345,1,14.1,7665.0,8.59,8.4,0
54385.19,0.354,0.464,2,10.4,13753.82,10.77,7.3,1
43423.28,0.307,0.407,1,14.1,12826.17,12.75,5.1,0
42208.81,0.305,0.641,0,2.0,14006.54,12.13,8.3,0
31698.05,0.188,0.726,1,6.3,4074.35,12.23,1.9,0
51752.27,0.31,0.739,0,21.2,6660.61,9.32,3.8,0
76609.99,0.279,0.596,0,9.5,19397.72,8.01,5.3,0
170569.62,0.383,0.366,0,15.4,20771.82,9.47,13.2,0
66687.57,0.422,0.38,1,6.0,13814.73,11.59,7.0,0
43370.74,0.465,0.389,1,7.8,19943.6,10.37,10.8,1
29959.01,0.332,0.319,1,7.8,7810.56,6.75,16.5,0
60374.35,0.387,0.446,2,10.1,17894.21,10.86,1.0,0
110277.19,0.2,0.515,1,16.3,32193.76,9.97,8.2,0
61059.85,0.226,0.106,2,4.1,17522.82,5.69,3.0,0
70098.48,0.519,0.711,3,7.4,35613.24,14.91,11.3,1
57038.65,0.302,0.211,0,13.6,16061.46,7.01,1.6,0
126154.03,0.075,0.417,0,4.0,24256.12,10.3,5.9,0
32696.33,0.456,0.27,0,4.1,6254.42,5.78,1.4,0
110426.28,0.391,0.484,0,0.5,45467.66,8.88,6.9,0
41252.97,0.241,0.659,0,9.6,9471.36,10.52,2.2,0
132764.36,0.039,0.511,0,11.3,48020.07,11.49,6.1,0
44078.47,0.201,0.455,2,18.9,9244.16,10.74,13.3,0
57669.45,0.544,0.774,0,2.7,6194.33,10.61,5.1,0
61251.04,0.421,0.336,2,4.8,24013.67,8.1,1.5,1
81583.31,0.353,0.346,0,20.9,5957.98,8.15,3.1,0
71232.07,0.36,0.438,1,10.6,29900.84,8.41,3.1,0
123252.93,0.228,0.114,0,7.8,45013.44,3.52,17.7,0
111230.22,0.401,0.319,0,8.2,44614.44,8.01,9.5,0
73114.8,0.263,0.542,0,13.0,15475.24,9.76,9.9,0
148847.49,0.308,0.57,0,7.5,39976.3,9.1,4.9,0
69467.02,0.341,0.247,1,13.0,23534.35,7.76,1.6,0
117292.87,0.309,0.63,0,19.2,16023.72,9.23,4.9,0
70667.85,0.429,0.582,2,22.2,28745.15,10.37,1.7,0
59999.99,0.102,0.301,0,28.7,16480.51,5.24,1.1,0
96159.49,0.03,0.014,0,12.6,17175.38,3.5,4.1,0
78470.27,0.453,0.549,1,7.4,10848.23,11.41,12.8,1
60524.88,0.48,0.1,0,11.1,8234.58,5.36,4.0,0
76772.02,0.336,0.573,0,7.8,13762.72,9.25,5.5,1
96509.88,0.287,0.558,0,5.5,47096.37,9.49,2.8,1
70779.9,0.303,0.324,1,11.8,17160.72,6.35,6.1,0
18000.0,0.368,0.283,0,7.7,5955.47,8.24,3.7,0
153295.38,0.365,0.105,0,3.5,50281.01,5.67,2.4,0
63726.6,0.194,0.071,0,6.7,20092.64,4.69,5.7,0
48145.89,0.238,0.164,0,10.6,13138.52,5.74,2.7,0
28692.4,0.365,0.745,0,5.8,12235.25,14.95,1.5,0
76371.52,0.196,0.427,1,10.3,26374.65,9.05,1.7,1
47914.71,0.153,0.596,1,3.7,17128.35,12.65,25.2,0
62452.16,0.181,0.387,0,6.0,7273.56,6.71,5.7,0
49869.24,0.461,0.431,0,11.1,17882.75,10.15,2.7,0
93987.77,0.277,0.528,1,5.8,29174.89,8.92,8.6,0
250000.0,0.291,0.327,0,8.5,26925.66,8.05,29.7,0
94739.98,0.296,0.712,1,10.8,32982.03,9.27,4.1,1
123861.12,0.136,0.318,0,11.5,12982.77,7.44,6.7,0
79378.21,0.168,0.01,0,5.6,17390.83,6.22,10.1,0
62515.6,0.163,0.363,1,16.7,17860.73,8.3,12.7,0
66328.41,0.236,0.992,0,11.3,21406.41,12.35,3.5,1
39036.61,0.382,0.591,0,18.7,17047.44,8.6,7.0,0
52338.08,0.273,0.262,0,10.1,11121.39,3.87,3.4,0
101730.11,0.199,0.624,1,16.5,29659.63,6.71,7.8,0
92790.4,0.261,0.722,0,11.4,32484.21,8.98,3.8,0
53660.83,0.393,1.0,2,11.7,15789.08,14.29,29.6,1
31959.24,0.48,0.826,1,16.2,16113.78,10.52,4.3,1
68598.42,0.22,0.698,0,8.0,26314.84,7.96,12.9,0
32965.24,0.496,0.237,0,3.4,14660.54,9.98,1.0,0
65712.05,0.495,0.809,1,3.9,8614.71,11.37,11.5,1
102682.32,0.199,0.426,1,9.6,19842.27,7.81,7.9,0
55393.87,0.225,0.463,1,23.7,20863.16,8.5,5.8,0
53082.66,0.363,0.755,3,20.5,22128.25,10.56,6.1,1
74980.68,0.295,0.413,0,22.4,25729.37,6.76,4.1,0
60767.52,0.234,0.284,0,26.9,20015.2,6.07,3.1,0
37095.91,0.354,0.565,1,16.3,16081.43,10.15,4.9,0
60925.74,0.19,0.792,1,4.2,25866.79,13.41,16.2,0
77884.65,0.41,0.153,0,4.8,28483.49,4.88,1.6,0
165309.85,0.377,0.266,0,4.5,52189.69,4.48,1.1,0
69629.43,0.195,0.325,0,26.3,18876.18,6.43,1.5,0
72334.58,0.214,0.43,1,5.6,12548.93,10.85,15.8,0
83216.52,0.434,0.979,1,7.5,11308.79,13.2,8.8,1
72508.47,0.333,0.794,1,12.1,7284.1,11.21,7.9,0
101075.08,0.257,0.465,2,5.4,39552.43,9.11,4.5,1
122788.67,0.332,0.308,1,2.6,15607.34,9.98,6.4,0
124926.18,0.37,0.601,0,5.3,55544.74,9.61,5.8,0
78721.8,0.164,0.48,0,11.9,25677.54,7.47,2.1,0
180057.73,0.2,0.519,0,7.0,66835.37,8.84,9.5,0
49945.72,0.229,0.453,0,10.2,10229.72,6.54,1.9,0
150421.15,0.311,0.325,0,9.7,35959.79,8.16,7.3,0
93577.07,0.384,0.527,1,15.2,38259.15,6.41,5.7,0
117099.52,0.357,0.911,0,6.6,56548.99,13.31,5.5,1
66633.78,0.164,0.067,0,13.7,14258.96,5.71,6.4,0
72202.17,0.373,0.632,0,1.7,34559.79,11.57,4.2,1
125121.26,0.348,0.581,0,12.3,56801.49,8.18,1.7,0
35999.17,0.339,0.371,1,9.9,5450.45,10.2,3.9,0
81322.34,0.097,0.12,0,21.3,23153.66,4.73,10.1,0
27752.86,0.155,0.5,0,9.3,5516.61,9.86,6.6,0
51205.48,0.277,0.491,2,6.3,6314.87,10.3,7.8,1
43900.3,0.184,0.293,2,4.4,15629.0,9.14,11.2,0
83194.73,0.249,0.126,0,5.9,27367.32,5.78,9.7,0
234329.94,0.144,0.889,0,18.8,80000.0,8.24,15.2,0
169196.14,0.258,0.416,1,4.1,45781.0,8.41,4.6,0
27187.63,0.396,0.243,2,8.0,13357.83,9.21,2.1,1
90045.56,0.356,0.558,0,6.8,12889.97,9.34,6.7,0
96567.43,0.373,0.388,0,2.4,45440.59,7.59,9.0,0
47879.35,0.479,0.586,3,1.5,16177.91,12.11,4.7,1
85515.21,0.367,0.067,0,5.7,36026.41,5.58,2.4,0
90997.74,0.325,0.519,0,25.6,37465.83,8.15,3.4,0
36766.02,0.31,0.409,0,18.8,3653.48,9.96,3.4,0
36311.05,0.404,0.324,0,11.3,13177.52,10.78,6.8,0
91391.32,0.068,0.074,0,17.6,27255.72,3.84,12.7,0
93140.25,0.132,0.211,0,5.5,17315.31,6.65,6.1,0
42419.25,0.328,0.43,0,5.8,10154.43,5.3,1.1,0
51145.97,0.339,0.322,1,8.7,14780.25,8.39,11.6,0
69350.26,0.141,0.492,0,8.1,22503.72,6.96,3.3,0
140043.04,0.281,0.01,1,5.0,13646.63,6.48,9.5,0
73070.97,0.147,0.532,1,15.3,29910.83,5.85,6.7,0
148358.15,0.159,0.829,0,4.4,41805.13,10.17,7.4,0
41957.34,0.396,0.568,1,2.9,10474.28,8.16,4.7,1
84402.52,0.345,0.094,0,3.8,33253.99,5.93,1.5,0
44003.35,0.362,0.376,2,1.7,20635.47,13.26,15.4,1
100610.63,0.251,0.558,0,10.8,8601.37,7.2,0.7,0
52124.77,0.17,0.411,0,9.0,13316.2,5.84,2.4,0
134112.82,0.525,0.355,1,11.2,53412.45,8.8,5.2,0
29200.33,0.274,0.153,0,9.2,6291.18,4.69,10.8,0
169230.58,0.405,0.097,1,11.8,54513.44,8.45,13.9,0
72785.99,0.136,0.544,0,5.3,11443.25,7.12,1.2,0
71391.57,0.435,0.387,1,13.0,15389.39,6.37,4.6,0
102052.48,0.461,0.354,1,3.6,37844.75,10.07,8.0,1
116964.69,0.255,0.38,0,5.6,23367.51,9.9,3.4,0
48225.32,0.152,0.498,0,17.1,16075.2,7.77,7.5,0
89400.44,0.264,0.219,0,4.7,20174.98,5.76,12.6,0
195135.39,0.321,0.132,0,4.3,28211.69,7.21,16.0,0
44813.85,0.228,0.473,0,10.2,5117.71,9.03,10.0,0
187823.32,0.19,0.246,0,12.2,80000.0,8.16,4.3,0
68184.1,0.326,0.419,1,4.3,31700.4,9.97,5.1,1
45529.95,0.46,0.912,2,16.2,18116.47,9.64,2.2,1
46684.04,0.123,0.608,0,5.4,11250.57,8.86,8.9,0
63216.31,0.189,0.748,0,13.2,19363.61,8.84,4.9,0
23919.34,0.367,0.184,0,4.3,6483.01,6.66,2.9,0
61180.01,0.155,0.278,0,18.5,26724.63,3.5,5.2,0
54550.14,0.323,0.376,0,17.8,12734.37,6.46,2.1,0
41175.94,0.506,0.35,1,10.0,11786.7,6.9,2.5,0
113701.57,0.478,0.251,1,20.4,25829.3,8.4,0.5,0
71349.74,0.281,0.357,0,23.1,24400.53,6.54,5.7,0
39757.44,0.358,0.994,0,14.7,9321.66,12.58,6.3,0
59642.88,0.422,0.237,0,20.3,24866.61,8.02,6.9,0
62022.84,0.358,0.265,1,8.4,13106.7,7.09,0.4,0
76465.2,0.289,0.153,0,6.3,27267.69,6.74,4.0,0
46360.45,0.114,0.523,1,5.4,14033.93,10.03,6.7,0
49254.12,0.573,0.497,1,8.4,16426.31,13.42,5.4,1
78599.48,0.169,0.301,1,9.2,27310.11,10.37,14.5,0
53314.87,0.32,0.165,0,6.2,21555.26,7.8,5.7,0
48190.94,0.258,0.544,2,3.4,14351.52,9.41,4.2,1
102501.72,0.196,0.247,0,12.1,16535.13,10.36,4.0,0
89787.62,0.235,0.796,1,23.6,15064.89,12.23,5.6,0
66878.11,0.155,0.67,0,5.4,5347.79,11.57,11.4,0
90147.99,0.287,0.606,0,8.1,14376.02,11.89,3.6,0
49462.5,0.357,0.389,0,18.5,19539.24,7.13,6.4,0
44379.78,0.118,0.567,1,19.1,9219.46,6.58,8.8,0
56088.73,0.276,0.71,0,5.4,21990.18,10.56,1.2,0
163967.6,0.282,0.198,0,6.1,48124.74,7.79,2.9,0
82259.75,0.248,0.235,0,3.2,30150.73,7.26,3.2,1
62986.06,0.227,0.182,0,8.3,12693.21,5.31,2.1,0
179343.76,0.263,0.05,0,9.1,72384.78,9.15,3.7,0
63395.13,0.176,0.454,1,12.5,11491.83,10.14,1.3,0
195033.67,0.151,0.316,0,8.4,39775.99,6.7,9.7,1
56713.92,0.437,0.502,0,15.8,21446.65,13.77,2.7,0
43697.82,0.327,0.425,0,2.6,7139.41,6.35,3.5,0
62981.32,0.126,0.461,1,15.8,24355.65,6.51,3.0,0
67011.63,0.134,0.733,2,11.0,21303.41,12.52,5.6,1
41315.27,0.31,0.536,0,6.0,15810.54,10.8,1.9,1
188424.76,0.368,0.254,0,9.2,63345.33,5.32,11.0,0
85349.05,0.109,0.142,0,12.0,26461.94,6.38,6.2,0
78627.05,0.447,0.55,1,13.0,23609.0,9.16,9.2,0
56607.67,0.142,0.198,1,7.5,15414.63,5.12,12.7,0
48606.07,0.158,0.22,0,7.1,5901.99,8.35,4.0,0
86595.77,0.318,0.234,1,2.5,12652.39,7.16,2.2,0
28042.41,0.273,0.451,0,17.6,2683.73,8.56,9.1,0
52178.95,0.287,0.467,0,9.9,10236.03,6.29,7.3,0
56157.5,0.373,0.922,1,3.0,25491.44,9.36,12.5,0
106778.03,0.445,0.769,0,6.4,43962.12,7.25,2.8,1
58861.95,0.247,0.384,0,6.7,4512.06,9.3,6.9,0
70807.07,0.339,0.365,1,16.4,10037.83,6.96,3.9,0
76956.16,0.247,0.068,0,22.1,19857.04,3.88,8.5,0
160677.3,0.168,0.259,0,11.3,15161.44,5.71,7.9,0
31070.34,0.195,0.581,0,12.9,9238.21,7.66,5.5,1
128227.54,0.03,0.309,1,10.9,6411.38,7.03,2.8,0
64225.45,0.411,0.102,0,11.8,24574.27,8.45,2.8,0
86276.51,0.242,0.51,0,1.0,34495.52,7.05,3.0,0
62290.84,0.177,0.112,0,23.5,26824.68,3.72,12.5,0
84431.1,0.211,0.448,0,13.4,18773.32,9.82,4.2,0
76357.76,0.227,0.398,0,6.2,4800.34,6.25,6.5,0
42456.07,0.223,0.255,0,8.4,14832.26,6.01,10.8,0
38994.64,0.316,0.473,1,6.9,14014.73,9.66,2.4,1
41142.78,0.499,0.29,0,10.6,15661.87,7.22,14.1,0
62126.89,0.413,0.311,1,21.4,24781.51,5.2,5.8,0
43682.44,0.382,0.186,0,23.3,21133.89,4.59,4.1,0
56699.85,0.153,0.266,1,8.8,7710.3,7.27,2.0,1
25826.68,0.461,0.409,0,12.6,4652.22,8.39,14.7,0
65334.02,0.262,0.519,1,8.7,20629.07,9.6,7.0,0
96899.62,0.435,0.32,1,6.5,16310.78,10.12,3.8,0
113968.41,0.19,0.556,0,8.0,16945.08,12.16,6.4,0
57061.23,0.566,0.925,0,19.8,14667.42,13.19,2.5,0
63223.64,0.387,0.352,0,10.7,19184.53,10.59,8.5,0
44177.0,0.202,0.316,1,15.2,4954.61,7.01,7.0,0
152540.84,0.144,0.194,0,7.1,58001.41,4.99,7.3,0
172084.24,0.15,0.847,0,6.6,77705.01,11.84,10.8,1
116334.07,0.182,0.213,0,9.1,11944.36,5.46,3.9,0
224679.65,0.27,0.295,1,8.8,76560.08,8.71,3.9,0
49956.71,0.376,0.424,0,5.5,21790.99,10.44,3.4,1
37603.24,0.389,0.39,0,8.9,6603.85,8.07,9.6,0
43200.11,0.28,0.714,0,5.2,14647.2,10.4,10.7,0
61936.86,0.148,0.398,0,12.2,10387.28,7.08,5.0,0
247579.75,0.373,0.493,0,15.8,16351.82,7.96,1.9,0
60774.83,0.234,0.265,0,4.8,28778.78,5.97,1.6,0
44525.59,0.376,0.303,0,19.6,17706.76,6.73,3.0,0
43373.91,0.213,0.442,1,15.4,17042.34,8.32,3.9,0
114527.07,0.158,0.525,2,6.6,17195.09,6.43,2.2,0
92936.22,0.359,0.253,0,16.1,24623.72,6.78,4.6,0
64087.14,0.209,0.01,0,5.4,22598.2,5.29,3.4,0
26870.24,0.319,0.383,1,13.7,5729.47,5.52,10.5,0
32181.57,0.264,0.809,2,7.1,6551.59,13.5,6.2,1
205047.69,0.146,0.212,0,12.1,22273.87,7.81,14.9,0
91963.52,0.467,0.238,0,9.3,19637.82,9.14,4.6,0
77060.42,0.414,0.109,0,9.0,12011.04,4.68,13.4,0
176948.95,0.249,0.252,0,23.1,47524.28,9.08,5.2,0
201194.78,0.087,0.107,0,10.8,69065.79,4.6,3.5,0
68674.97,0.239,0.19,0,15.6,27829.53,5.77,5.1,0
50222.96,0.43,0.502,0,2.6,13334.54,9.06,2.4,0
62955.88,0.316,0.01,0,10.3,17710.26,4.78,4.7,0
71524.19,0.2,0.201,0,4.9,16369.23,8.69,3.2,0
41033.19,0.256,0.573,0,15.8,11571.44,9.46,4.1,0
25222.47,0.334,0.448,1,1.3,7962.44,9.5,7.9,1
32027.85,0.183,0.284,2,11.5,3229.67,8.14,5.0,0
114903.39,0.399,0.638,0,9.8,11642.01,6.03,3.3,0
34277.18,0.519,0.427,0,13.3,3535.57,8.72,1.9,0
201662.86,0.405,0.269,0,15.3,43358.16,5.58,4.6,0
49727.12,0.252,0.064,1,11.0,11256.56,4.77,8.6,0
105648.41,0.479,0.594,0,13.1,55189.91,11.04,11.9,0
45674.96,0.222,0.292,1,15.1,5352.02,8.06,2.8,0
36752.57,0.203,0.266,0,8.9,2778.32,5.66,9.3,0
113534.84,0.249,0.327,1,9.9,37448.95,9.06,13.7,0
152238.27,0.302,0.521,0,7.3,65200.73,9.56,13.2,0
58488.03,0.12,0.164,0,24.2,10442.41,5.83,10.1,0
49263.96,0.311,0.799,0,3.3,16335.08,11.28,12.2,1
36565.71,0.365,0.688,0,20.4,14254.47,7.92,6.8,0
54287.09,0.2,0.776,0,12.7,20587.55,8.82,15.4,0
77203.45,0.235,0.622,0,12.9,22072.14,9.08,14.6,0
58999.44,0.167,0.307,1,10.4,25404.19,6.76,8.3,0
25190.76,0.3,0.629,0,8.8,11893.01,9.37,6.2,0
48329.7,0.399,0.573,1,17.8,20073.85,10.98,4.3,1
101512.17,0.202,0.262,0,1.8,45541.01,3.57,10.4,0
79701.42,0.22,0.024,0,9.1,14639.43,6.17,1.2,0
57060.73,0.242,0.447,0,9.4,16597.3,9.95,1.1,0
36601.65,0.195,0.829,0,3.6,13772.06,10.98,1.6,1
61454.51,0.223,0.381,1,16.5,7978.63,8.34,4.6,0
120735.39,0.248,0.484,1,3.0,14325.75,10.81,7.9,0
37313.98,0.192,0.439,0,6.8,5955.98,8.23,3.0,0
85240.7,0.195,0.372,1,7.8,13391.34,8.54,3.8,0
60496.05,0.342,0.359,1,2.6,22535.95,8.39,23.2,0
85467.08,0.41,0.31,0,7.6,25760.2,6.23,6.1,0
61972.47,0.377,0.207,0,10.8,26974.94,4.56,26.7,0
62553.22,0.19,0.035,1,18.6,21271.82,6.64,4.2,0
58821.16,0.227,0.869,0,4.4,14242.35,10.6,3.7,0
57760.68,0.314,0.424,1,10.2,24290.47,8.16,17.4,0
89089.55,0.275,0.385,0,9.7,31966.3,5.7,4.1,0
113351.6,0.204,0.117,0,8.4,10623.12,6.04,4.3,0
145763.18,0.531,0.63,2,4.3,39273.41,13.76,0.5,1
68096.43,0.442,0.246,1,13.1,26983.6,5.69,6.4,0
24009.46,0.322,0.672,0,15.5,11698.33,10.36,5.2,0
101790.91,0.319,0.813,3,7.6,20043.4,13.24,3.4,1
56225.84,0.258,0.132,0,6.4,27641.16,4.75,11.3,0
185735.66,0.175,0.343,0,13.8,35120.11,6.5,8.7,0
141422.76,0.457,0.342,0,6.6,43089.88,8.18,2.8,0
57133.44,0.285,0.199,0,11.2,12756.9,6.32,7.1,0
63083.71,0.418,0.622,2,10.3,26033.34,13.03,4.8,1
46780.35,0.312,0.296,2,3.7,12609.17,10.84,8.9,1
73332.76,0.307,0.493,0,23.0,12411.99,7.66,15.9,0
87313.14,0.286,0.244,0,11.5,15561.88,7.89,2.8,0
136385.69,0.136,0.381,0,6.3,22744.28,6.63,3.8,0
82144.95,0.224,0.827,0,9.8,40595.13,8.72,5.5,1
78356.88,0.188,0.605,1,10.9,16902.95,9.32,3.8,0
206722.54,0.23,0.793,1,22.2,80000.0,10.51,8.8,0
48122.1,0.385,0.323,0,16.1,12080.02,8.11,4.8,0
29561.96,0.322,0.213,0,24.9,11181.94,5.2,3.7,0
33965.21,0.47,0.024,2,23.7,6007.63,8.56,6.8,1
137731.08,0.375,0.399,0,3.8,33547.49,9.27,3.7,0
66138.09,0.204,0.463,0,5.2,23651.62,8.87,10.0,0
80489.53,0.322,0.43,0,4.0,23663.38,7.42,3.6,0
56317.97,0.377,0.058,1,20.0,16288.34,7.41,7.6,0
43184.26,0.39,0.631,4,3.5,15865.12,11.94,0.9,1
47421.11,0.292,0.505,0,6.1,12926.45,11.46,9.8,0
96678.16,0.219,0.268,0,16.3,31610.29,5.61,15.1,0
70483.1,0.156,0.582,0,23.1,11508.94,8.94,0.4,0
70263.4,0.208,0.25,1,24.5,22727.25,10.12,2.9,0
71832.79,0.243,0.26,1,13.9,29674.64,9.46,5.7,0
50675.03,0.207,0.383,0,8.0,10466.8,9.5,6.8,0
35181.5,0.157,0.268,1,17.9,14628.84,8.26,9.7,0
29541.2,0.219,0.348,0,13.2,2878.65,6.0,4.2,0
250000.0,0.164,0.194,0,12.8,64433.11,6.16,14.0,0
144108.89,0.091,0.71,0,11.2,47203.57,9.79,7.0,0
110788.9,0.267,0.525,1,8.6,26871.03,11.31,25.2,0
42768.93,0.279,0.822,2,2.3,10303.73,15.13,4.3,1
79932.13,0.17,0.114,0,12.8,6696.98,6.3,13.4,0
52721.21,0.347,0.582,1,4.1,12949.41,11.1,4.4,0
35598.94,0.219,0.421,0,9.7,15912.79,7.14,2.8,1
38889.15,0.466,0.401,5,9.0,13735.33,11.59,4.2,1
174612.1,0.057,0.056,1,10.5,64695.12,7.4,2.9,0
97371.37,0.365,0.221,0,3.4,40909.12,7.47,8.9,1
53199.64,0.308,0.205,0,14.3,18888.77,4.78,8.8,0
64708.27,0.095,0.239,0,8.2,20869.56,7.08,6.9,0
103275.0,0.309,0.341,1,6.6,10088.22,8.93,4.4,0
55297.23,0.234,0.375,1,10.5,20136.06,9.1,1.7,0
76946.97,0.351,0.199,2,12.4,31306.45,7.39,13.4,0
82371.65,0.336,0.356,1,0.6,20230.23,7.87,8.1,1
89370.91,0.361,0.378,0,6.7,32449.13,8.61,5.3,0
97075.66,0.317,0.337,0,12.6,14007.14,8.22,8.1,0
43857.86,0.297,0.389,0,13.8,9854.75,10.29,9.2,0
46274.01,0.304,0.73,0,4.7,8268.94,11.81,13.4,0
34482.36,0.184,0.764,2,5.7,3582.74,12.56,7.8,1
41123.66,0.184,0.475,0,16.7,11457.56,8.06,2.4,0
61350.38,0.434,0.274,0,7.5,26313.69,6.78,1.7,0
90301.65,0.455,0.232,1,10.4,21715.37,7.83,4.1,0
41345.54,0.231,0.119,0,3.7,10731.26,6.27,8.3,0
77406.22,0.472,0.496,1,17.7,26639.14,11.93,11.6,0
100960.9,0.308,0.568,0,4.0,23196.9,8.01,4.1,0
20970.81,0.305,0.288,1,4.9,7073.23,8.73,5.4,1
43891.01,0.291,0.348,0,4.4,23105.11,6.8,1.9,0
195583.15,0.327,0.01,0,6.5,52344.38,7.01,3.3,0
59466.38,0.269,0.831,1,8.8,21643.06,10.82,13.4,0
32076.52,0.346,0.073,1,13.6,6493.67,7.84,11.4,0
79726.57,0.372,0.975,2,11.7,23443.81,15.03,3.0,1
40662.83,0.266,0.769,1,5.9,12921.48,11.19,9.3,1
111123.86,0.477,0.502,0,6.6,20737.16,9.7,2.8,0
45120.9,0.327,0.349,0,12.5,20487.98,7.63,1.8,0
67441.3,0.236,0.717,0,4.7,14071.53,10.07,7.8,0
48076.54,0.298,0.29,0,5.5,14807.38,6.64,5.8,0
65635.44,0.351,0.722,0,16.3,7221.42,11.29,4.5,0
42768.37,0.498,1.0,1,10.2,18779.85,16.25,2.1,1
60349.06,0.179,0.486,4,13.7,20738.7,11.36,6.7,1
39728.83,0.267,0.112,0,20.5,6670.13,6.4,3.7,0
72215.45,0.369,0.39,2,4.4,24431.71,10.11,5.3,0
67409.18,0.211,0.311,1,4.0,8520.18,8.68,7.4,0
27840.23,0.363,0.17,1,7.0,5820.58,7.1,8.9,0
121807.46,0.192,0.366,1,18.2,31731.65,8.97,11.9,0
73857.05,0.141,0.272,0,5.8,8795.05,7.28,2.0,0
80478.43,0.394,0.171,0,15.3,23846.16,7.8,6.1,0
108400.07,0.351,0.324,0,1.6,33388.16,11.24,10.2,0
70194.65,0.315,0.404,2,11.9,9646.8,10.02,13.5,0
101763.12,0.254,0.715,1,2.0,27738.89,12.05,1.0,1
60554.68,0.264,0.063,0,9.9,18877.71,4.7,5.0,0
88862.19,0.197,0.64,1,25.1,27192.66,10.16,4.8,0
57948.6,0.501,0.284,2,13.0,27970.28,8.21,4.2,0
83448.35,0.2,0.402,0,19.6,38027.31,8.13,6.2,1
94137.12,0.207,0.01,1,9.6,20247.59,7.05,5.8,0
95870.47,0.374,0.899,1,12.8,22933.4,13.92,5.3,1
97081.27,0.481,0.426,2,13.3,34553.04,11.49,3.3,0
53877.2,0.336,0.559,1,3.2,19614.01,10.09,5.1,0
52774.93,0.324,0.308,0,4.8,7782.91,6.48,1.4,0
76553.68,0.386,0.491,0,3.7,23649.31,11.29,4.2,0
59718.47,0.172,0.229,0,24.1,25910.0,6.65,3.6,0
37084.4,0.355,0.469,0,18.3,15729.54,6.68,3.2,0
27754.19,0.198,0.01,1,9.1,2804.39,8.47,9.5,0
19812.97,0.43,0.759,4,3.3,4582.62,14.73,10.0,1
209825.14,0.247,0.16,0,6.6,47541.23,7.28,1.0,0
60677.25,0.17,0.633,0,7.3,15346.83,7.6,2.8,0
156263.93,0.325,0.303,1,1.3,28996.22,6.91,3.7,0
64607.58,0.37,0.823,2,1.8,23661.25,15.01,5.0,1
65712.52,0.304,0.222,1,5.4,12605.54,8.93,1.8,0
30194.46,0.247,0.256,0,18.2,8508.37,9.09,11.7,0
91534.54,0.095,0.085,0,20.0,26770.6,6.94,6.3,0
187946.58,0.164,0.501,0,7.2,41290.5,6.34,6.3,0
170536.93,0.083,0.01,0,24.7,44571.67,3.5,6.4,0
105040.88,0.167,0.248,0,14.3,15124.47,4.77,9.1,0
38452.74,0.25,0.612,0,26.0,4705.28,5.65,3.3,0
61492.84,0.066,0.032,0,17.7,14488.29,4.87,3.4,0
55802.29,0.126,0.347,0,4.8,19938.05,4.67,3.5,0
136861.99,0.215,0.24,0,11.5,27999.4,7.19,13.2,0
169989.94,0.27,0.051,0,13.2,24376.78,7.8,7.3,0
70113.19,0.213,0.726,0,8.9,10322.59,9.96,1.2,0
55987.94,0.29,0.848,0,3.7,15327.05,14.19,2.4,0
123950.33,0.361,0.193,1,8.0,30412.12,9.34,1.9,1
37690.61,0.298,0.482,0,12.9,15781.25,8.02,2.6,0
58081.83,0.419,0.685,0,11.2,21637.98,12.11,0.0,0
84947.92,0.437,0.627,0,1.5,40732.36,13.24,16.7,1
42811.58,0.162,0.605,1,24.7,18828.98,13.93,9.3,0
46174.45,0.478,0.496,1,7.6,10034.95,10.79,24.8,0
47193.14,0.222,0.3,0,6.1,15391.14,8.15,5.1,0
143034.76,0.275,0.365,0,7.0,53732.23,11.11,4.8,0
179755.0,0.135,0.243,1,5.4,56467.27,7.45,4.4,0
81893.32,0.165,0.109,0,9.8,22149.37,7.32,1.7,0
55885.45,0.38,0.107,0,6.8,19467.57,7.05,9.4,0
51760.45,0.349,0.219,0,17.4,7479.61,7.74,15.6,0
75675.45,0.247,0.73,1,8.6,18286.29,8.57,2.4,0
58053.24,0.137,0.645,0,10.1,14622.85,11.0,5.2,0
78775.1,0.237,0.517,0,8.0,4190.65,8.33,5.6,0
70898.19,0.548,0.782,1,4.2,15992.15,15.71,0.8,1
55278.2,0.259,0.504,0,9.5,6462.58,7.15,12.1,0
71275.56,0.235,0.57,2,18.8,26342.03,11.75,6.7,0
54659.44,0.436,0.565,0,12.4,26617.46,11.12,12.6,0
63863.57,0.144,0.359,0,7.7,25863.72,8.98,2.9,0
68899.77,0.359,0.305,0,21.7,12355.27,8.52,11.8,0
83259.86,0.304,0.295,0,14.7,16058.2,5.2,11.9,0
31673.8,0.091,0.428,0,19.1,8567.5,8.24,7.0,0
154560.54,0.266,0.297,0,15.2,71492.17,7.97,2.3,0
72094.16,0.355,0.855,0,21.7,19931.21,11.2,2.3,0
75906.47,0.392,0.512,0,1.7,9781.87,8.9,11.0,0
95999.12,0.474,0.204,0,6.7,16676.6,6.28,12.0,0
58644.75,0.342,0.305,0,7.2,9178.45,6.89,2.6,0
40189.08,0.383,0.427,0,5.7,14056.8,7.89,7.5,0
44773.52,0.286,0.6,0,9.8,18142.4,10.58,9.1,0
44649.68,0.302,0.303,0,10.1,9824.69,7.62,10.5,1
95135.78,0.373,0.495,0,7.6,25751.27,9.45,12.2,0
73472.24,0.241,0.523,1,4.3,26339.94,12.23,1.9,1
85981.87,0.224,0.408,1,23.8,15109.22,8.13,4.9,0
18000.0,0.229,0.721,0,7.7,4352.27,11.35,1.5,0
43916.42,0.432,0.598,2,7.3,22146.86,12.95,13.8,1
88835.02,0.386,0.425,2,4.6,32050.13,12.14,2.2,1
73744.26,0.345,0.375,0,16.6,28608.15,9.92,1.2,0
39471.32,0.498,0.699,0,18.8,11199.04,11.39,7.4,0
55686.74,0.198,0.127,0,5.4,5867.73,7.48,12.1,0
18000.0,0.227,0.367,0,10.9,8416.67,8.9,5.3,0
51290.99,0.157,0.131,1,21.0,11735.89,6.78,2.0,0
125223.04,0.31,0.437,0,5.3,41703.14,4.72,3.3,0
57286.09,0.223,0.642,2,14.6,24811.8,9.58,6.9,0
47122.83,0.234,0.661,0,14.0,17874.48,11.96,6.7,0
19533.34,0.238,0.508,0,7.9,5224.52,9.67,4.5,0
29737.66,0.19,0.656,1,5.6,2696.95,12.56,6.8,0
149425.62,0.376,0.052,0,9.9,28734.06,6.26,5.9,0
96127.09,0.459,0.727,0,4.8,30263.52,12.2,4.2,0
41104.42,0.183,0.507,1,6.3,9873.32,8.43,9.8,0
43714.72,0.407,0.763,2,0.8,16162.9,13.59,3.7,1
55534.0,0.238,0.429,1,6.6,9762.92,10.5,3.7,0
32341.29,0.368,0.436,1,0.5,5684.58,7.74,11.4,0
29322.46,0.305,0.303,0,8.8,4498.6,5.49,18.6,0
97652.18,0.237,0.01,0,11.9,28076.28,6.0,3.4,0
118756.33,0.2,0.307,0,12.5,14247.37,9.17,4.6,0
71962.05,0.291,0.786,0,9.7,36647.95,10.25,6.4,1
110368.24,0.392,0.641,0,20.9,18770.99,8.51,4.2,0
36376.25,0.126,0.158,0,1.8,8577.4,5.08,4.9,0
53757.06,0.43,0.675,1,5.7,18594.17,11.95,3.2,1
48824.17,0.574,0.69,1,6.5,20256.87,11.71,11.1,0
64957.29,0.215,0.46,0,4.7,19626.71,10.92,14.5,0
64379.61,0.317,0.013,2,8.6,17431.32,6.15,5.6,1
50583.67,0.293,0.564,0,3.6,12566.38,8.24,8.4,0
18000.0,0.36,0.284,0,3.3,2000.0,6.61,3.3,0
91943.85,0.418,0.365,1,12.8,14741.23,9.28,1.4,0
74463.43,0.38,0.736,0,17.3,30768.04,10.67,30.0,0
29692.19,0.324,0.451,1,9.3,6867.74,9.12,3.8,0
70776.55,0.378,0.694,0,6.0,20278.03,10.16,9.2,0
66151.63,0.321,0.075,0,7.7,19252.03,6.1,7.3,0
49285.16,0.546,0.175,1,3.3,4910.66,11.78,17.4,0
49293.87,0.329,0.079,0,6.9,20490.25,3.5,2.8,0
131605.6,0.091,0.099,0,8.9,30821.76,4.41,5.2,0
65111.39,0.152,0.072,0,9.5,12541.28,4.22,3.1,0
47272.36,0.26,0.222,0,11.6,3305.4,5.62,2.3,0
107527.81,0.301,0.24,0,7.8,43867.49,8.06,5.3,0
61278.97,0.159,0.302,0,24.9,8460.78,5.17,1.2,0
61510.97,0.257,0.724,1,4.7,25849.8,9.39,6.2,0
69389.78,0.366,0.424,0,10.6,21582.59,7.39,2.1,0
60468.37,0.113,0.047,0,15.2,6931.83,5.09,11.8,0
54553.59,0.214,0.631,1,10.3,6243.53,10.47,16.7,0
75003.99,0.122,0.303,0,5.3,17377.12,7.74,0.7,0
36505.03,0.208,0.335,0,11.6,9720.1,6.07,5.3,0
75271.6,0.281,0.226,0,8.9,34597.89,6.21,1.9,0
61115.05,0.136,0.096,0,5.6,6917.9,6.13,3.1,0
81822.28,0.333,0.814,0,8.9,18199.94,12.65,1.4,0
98589.47,0.46,0.826,0,14.4,16170.59,11.67,4.0,0
59947.36,0.442,1.0,1,11.2,12772.11,10.43,3.6,1
31606.52,0.29,0.298,0,8.3,2765.58,10.84,4.2,0
54893.19,0.364,0.562,0,2.9,24493.8,10.54,1.8,0
38976.08,0.257,0.079,0,15.4,9147.39,4.88,0.8,0
67136.78,0.254,0.825,1,7.2,15009.97,10.27,6.3,0
24572.26,0.196,0.274,0,5.3,8290.96,11.33,18.0,0
31843.98,0.208,0.26,0,14.1,6823.57,7.46,8.3,0
114361.45,0.396,0.506,1,6.3,47415.12,12.43,10.3,0
92031.84,0.139,0.207,0,12.0,15214.84,5.37,4.3,0
58538.41,0.334,0.023,0,12.2,14932.02,5.04,6.1,0
48469.11,0.081,0.342,0,18.3,7388.11,4.56,7.7,0
27969.64,0.355,0.856,0,6.3,13526.29,13.93,0.7,1
75939.68,0.305,0.174,1,9.4,28523.18,10.31,3.5,0
45029.92,0.43,0.698,0,5.3,15897.86,8.12,4.7,1
147407.07,0.153,0.267,0,3.1,43039.65,6.53,4.7,0
59700.18,0.263,0.239,0,8.9,13135.71,9.96,2.2,0
86410.72,0.293,0.117,0,11.4,26474.03,5.16,9.5,0
37508.13,0.134,0.26,1,9.4,7284.89,6.33,6.5,0
55295.22,0.196,0.753,0,19.7,7773.21,10.22,7.3,0
57437.82,0.294,0.496,1,3.1,13804.41,12.26,7.2,0
54874.75,0.335,0.698,1,6.9,15547.9,12.11,3.6,0
43164.17,0.377,0.763,0,10.5,8843.52,11.34,18.3,0
71801.67,0.342,0.774,1,12.8,30125.9,14.91,11.2,1
108444.52,0.254,0.257,1,15.9,37077.51,6.79,4.4,0
73592.25,0.131,0.668,0,9.3,27102.4,7.85,3.3,0
80341.11,0.579,0.654,2,0.5,34081.74,13.02,1.5,1
99041.63,0.183,0.734,0,12.7,16967.83,9.45,6.3,0
129364.14,0.091,0.787,0,1.6,36868.09,10.12,12.1,0
61586.99,0.155,0.102,0,8.1,24909.17,6.01,3.0,0
42402.98,0.478,0.878,2,22.7,6323.16,13.52,4.8,0
54112.48,0.448,0.332,0,11.3,9649.97,7.4,6.2,0
93240.31,0.375,0.16,0,9.3,10231.2,5.95,3.8,0
81452.68,0.256,0.767,1,3.4,12001.25,7.9,7.2,0
64683.36,0.39,0.4,0,7.8,10419.82,7.74,2.3,0
75621.94,0.248,0.765,1,12.4,38976.49,12.72,0.6,0
66470.74,0.051,0.016,0,6.2,14056.45,4.8,11.8,0
108521.31,0.299,0.368,0,8.8,46179.68,7.88,4.4,0
119235.4,0.266,0.158,0,24.5,37490.74,5.89,6.3,0
129088.11,0.308,0.219,0,8.5,19271.99,6.55,6.8,0
61206.71,0.223,0.713,0,9.4,28850.54,13.68,6.8,0
99999.62,0.418,0.566,0,14.3,38052.26,8.44,8.8,0
39332.24,0.411,0.411,2,8.1,12607.55,11.43,1.2,1
51272.68,0.515,0.641,1,10.2,15540.08,13.38,1.5,0
83118.87,0.149,0.031,0,13.7,13042.35,4.37,1.6,0
38425.63,0.331,0.771,0,11.1,12954.13,12.6,6.2,0
83790.69,0.422,0.287,1,9.3,40382.76,7.33,2.2,0
31884.35,0.275,0.768,1,10.9,5121.32,10.14,3.6,1
60629.47,0.438,0.703,0,4.4,20651.03,12.36,4.1,0
76672.78,0.149,0.01,2,6.7,26540.71,5.82,18.9,0
40431.29,0.227,0.806,0,5.7,15014.37,13.5,0.7,1
66589.8,0.202,0.908,0,6.2,7877.8,13.76,5.1,1
97379.1,0.03,0.01,0,16.5,17023.91,3.5,2.4,0
55806.1,0.351,0.395,0,21.6,16351.71,6.45,15.5,0
70241.39,0.226,0.287,0,11.8,17083.96,4.77,6.3,0
44185.83,0.237,0.502,2,27.2,18008.79,10.82,1.9,0
230370.01,0.128,0.268,0,9.6,80000.0,6.57,9.5,0
66302.22,0.394,0.445,0,3.4,29787.56,11.22,4.0,0
38674.04,0.334,0.925,0,15.3,11817.43,14.06,20.0,1
37686.67,0.249,0.441,1,9.6,13912.18,10.25,10.6,1
146594.24,0.145,0.046,0,15.1,56328.74,3.5,14.2,0
63922.2,0.351,0.492,1,22.9,26852.54,10.98,6.8,0
33825.95,0.282,0.423,0,11.4,8710.22,8.43,1.9,0
104090.78,0.219,0.271,2,16.9,35967.13,6.7,0.8,0
50832.44,0.481,0.668,0,7.0,9004.07,10.68,7.2,0
113280.86,0.06,0.23,0,13.7,41254.44,4.18,2.4,0
100628.83,0.173,0.541,0,15.7,46628.26,7.94,4.5,0
65143.78,0.239,0.283,0,12.1,13686.67,4.62,10.2,0
198671.42,0.219,0.863,0,15.7,66879.97,11.44,1.8,0
29060.31,0.207,0.484,1,6.3,3796.58,10.31,4.1,0
46629.48,0.254,0.215,1,11.1,21317.11,9.91,10.6,0
68732.89,0.336,0.697,0,16.3,15332.64,7.85,5.3,0
203647.54,0.299,0.276,1,15.5,35752.67,4.82,1.8,0
131761.83,0.212,0.356,1,8.7,63121.52,5.8,5.1,0
128653.65,0.274,0.617,0,15.7,17912.98,8.62,4.6,0
53554.34,0.123,0.058,0,11.0,7421.25,4.06,9.8,0
53146.92,0.162,0.109,0,19.6,14474.94,3.75,2.2,0
44241.48,0.421,0.702,1,11.6,14603.5,13.11,11.6,0
49562.03,0.304,0.237,0,2.6,7732.31,8.23,7.0,0
128812.44,0.477,0.305,1,4.0,20518.09,8.83,4.8,0
55636.78,0.276,0.25,0,4.9,26983.97,8.42,4.1,0
55910.45,0.173,0.32,0,13.6,7946.61,4.76,9.9,0
78527.1,0.237,0.276,1,4.8,9301.68,6.87,2.3,0
26093.26,0.483,0.769,1,12.3,3502.81,10.43,5.8,1
80984.35,0.314,0.275,0,5.8,21556.25,7.58,4.4,0
46412.78,0.289,0.409,1,10.6,12709.84,10.78,13.8,0
59758.53,0.408,0.32,1,5.7,21910.56,9.46,9.6,0
55158.66,0.301,0.262,0,3.6,8866.65,8.65,5.1,0
60063.91,0.204,0.536,0,20.3,8984.4,9.0,4.4,0
81325.34,0.247,0.247,0,4.5,25111.2,6.15,1.3,0
81582.29,0.12,0.594,0,3.4,20639.09,7.17,5.9,0
68134.89,0.357,0.309,2,3.3,8993.63,11.22,2.3,0
85452.66,0.182,0.737,0,7.4,14082.58,9.95,8.2,0
37114.98,0.163,0.464,1,4.1,10273.53,11.19,2.0,0
91358.46,0.265,0.41,2,12.2,30833.28,10.18,9.3,0
41473.0,0.43,0.503,1,4.1,10104.63,10.48,3.3,1
52460.89,0.305,0.563,1,12.5,15360.88,14.92,2.6,0
48639.4,0.465,0.691,0,15.0,22968.68,10.34,7.9,0
60520.11,0.349,0.935,0,8.9,21372.97,9.72,4.3,0
160192.44,0.398,0.664,1,24.0,52998.66,9.35,6.1,0
61527.02,0.471,0.4,1,9.7,18430.11,9.15,6.6,0
28160.5,0.346,0.82,3,2.9,14786.66,12.16,2.3,1
121000.19,0.353,0.515,0,7.9,24041.16,9.76,8.9,0
47253.88,0.25,0.604,1,10.4,14309.76,8.62,1.0,1
75374.72,0.205,0.39,0,4.1,17749.11,11.56,1.6,0
65376.72,0.233,0.685,0,20.3,6406.4,9.15,11.0,0
111159.61,0.319,0.335,0,8.0,49290.91,7.21,3.0,0
41809.49,0.511,0.409,1,1.0,8304.69,11.78,7.1,1
152570.65,0.175,0.367,1,16.1,53997.27,8.18,0.7,0
41152.8,0.217,0.742,0,21.2,7534.5,7.59,13.5,0
77864.44,0.151,0.12,0,8.6,33481.75,6.72,5.7,0
162863.87,0.052,0.238,0,4.7,11607.75,4.26,13.3,0
62336.47,0.192,0.681,2,13.3,25090.21,10.9,3.5,1
217987.56,0.251,0.281,0,6.7,63550.79,5.36,4.3,0
71359.38,0.399,0.734,0,15.9,25359.33,12.13,8.4,0
74156.27,0.175,0.219,0,6.0,16343.28,8.2,7.3,0
184484.48,0.27,0.325,0,15.4,78339.49,7.61,13.5,0
35451.16,0.413,0.174,0,5.0,8065.22,6.96,1.2,0
27525.02,0.234,1.0,0,24.5,10447.85,10.89,6.9,0
55898.7,0.14,0.723,1,9.9,14811.62,8.3,2.6,0
116138.68,0.334,0.325,1,29.5,18877.15,7.92,1.0,0
30634.49,0.306,0.242,0,11.9,12660.39,7.52,5.1,0
77554.87,0.238,0.33,1,4.9,28108.49,6.61,9.7,0
71824.19,0.34,0.522,0,5.3,17422.62,10.58,19.2,0
198904.52,0.295,0.615,1,33.1,44492.91,10.71,10.0,0
96675.51,0.479,0.292,1,4.5,10685.51,8.8,12.3,0
91809.39,0.206,0.441,0,3.1,13734.47,7.32,5.8,0
97484.95,0.279,0.569,3,2.4,44035.65,10.9,3.0,1
105592.25,0.255,0.512,1,11.8,45191.13,8.4,5.6,0
44084.91,0.523,0.671,0,11.2,15782.77,10.93,16.0,0
43603.38,0.326,0.552,1,14.7,5222.7,9.12,5.9,0
37490.7,0.444,0.313,1,4.2,15617.5,8.55,8.9,0
60682.84,0.161,0.496,2,3.8,18264.59,9.73,6.9,1
87014.88,0.164,0.087,0,26.6,17262.98,5.15,7.8,0
26527.24,0.167,0.264,0,15.1,7789.86,6.3,1.8,0
54007.87,0.334,0.711,1,3.6,14218.71,10.52,6.0,0
58253.48,0.473,0.576,0,7.0,11633.38,10.56,8.0,0
89446.45,0.341,0.254,1,7.3,16959.86,8.24,10.1,0
147411.32,0.381,0.362,0,5.7,18871.13,10.16,1.5,0
65843.78,0.437,0.723,1,12.8,20064.12,10.52,21.0,1
43027.08,0.456,0.441,1,3.1,8158.48,10.06,12.4,0
34945.52,0.107,0.448,0,30.3,10669.03,8.23,1.3,0
107699.92,0.178,0.347,0,22.4,22318.5,6.82,5.1,0
43151.91,0.31,0.726,0,9.4,17158.98,8.41,3.8,0
84869.29,0.305,0.188,2,5.2,21188.86,11.1,3.1,0
102689.74,0.403,0.421,2,11.4,50337.79,9.73,4.3,0
28606.3,0.338,0.432,0,5.5,9155.05,9.89,3.5,0
84724.91,0.291,0.699,0,1.8,27036.5,11.78,7.5,0
112185.78,0.238,0.715,0,11.1,34040.08,11.45,10.0,0
123387.12,0.108,0.23,0,17.6,48242.02,7.02,15.9,0
25476.65,0.197,0.498,0,9.2,11008.94,10.46,7.9,0
51501.74,0.149,0.384,0,11.0,9783.24,6.1,2.8,0
44917.16,0.153,0.01,0,4.9,12913.16,6.32,2.7,0
82881.08,0.266,0.626,0,14.6,16124.69,7.78,6.1,0
80497.2,0.271,0.207,0,9.9,32326.68,5.13,9.1,0
18000.0,0.212,0.103,0,7.4,2518.76,4.92,2.2,0
53932.36,0.276,0.316,0,10.0,25276.27,6.9,4.3,1
96065.49,0.319,0.728,1,7.2,20496.73,11.71,6.9,0
66784.93,0.275,0.766,0,9.1,23539.88,9.5,5.3,0
73445.61,0.274,0.513,0,23.1,33682.02,8.85,7.9,0
53423.36,0.397,0.342,0,10.2,4850.9,7.69,6.1,0
45942.89,0.36,0.639,1,16.0,5555.33,10.95,10.2,0
63571.67,0.324,0.857,3,10.6,11496.86,9.6,4.4,1
62650.13,0.376,0.554,1,14.6,7925.29,8.04,18.2,0
101695.08,0.165,0.699,0,11.3,40453.85,10.14,11.3,1
94210.77,0.354,0.532,1,16.8,32093.39,9.45,3.0,0
78296.08,0.171,0.141,0,10.8,18376.21,9.15,6.4,0
125123.94,0.289,0.648,0,9.1,17448.44,13.62,4.3,1
68001.69,0.451,0.423,0,9.5,29937.88,5.88,4.1,0
27767.1,0.449,0.369,2,5.1,7213.24,8.2,2.1,1
72094.94,0.49,0.272,1,8.5,10332.88,7.21,2.5,0
66299.38,0.515,0.436,0,14.0,21535.77,6.9,0.7,0
62958.98,0.401,0.474,0,7.3,10877.72,8.82,6.3,0
38200.57,0.352,0.607,0,8.8,6121.99,11.55,12.3,0
98889.97,0.358,0.755,2,1.9,32027.39,13.44,7.6,1
99181.7,0.339,0.718,0,23.4,8050.48,10.79,4.2,0
56851.25,0.267,0.076,0,14.9,20108.15,3.68,7.9,0
46253.39,0.122,0.01,0,15.7,17479.38,3.5,9.4,0
107443.94,0.407,0.535,0,15.9,38843.3,8.84,5.1,0
35056.46,0.492,0.41,1,12.1,16527.76,9.12,9.9,1
205036.79,0.246,0.647,0,7.7,32825.33,7.52,7.4,0
38125.91,0.334,0.827,0,7.5,19264.34,9.06,4.9,1
149468.6,0.371,0.484,1,9.1,14773.16,9.02,5.8,0
59601.61,0.457,0.712,1,2.5,14299.92,11.43,6.0,0
167956.62,0.088,0.656,0,4.9,39018.57,9.11,12.5,0
44692.74,0.244,0.93,1,8.4,11227.56,11.92,4.6,0
70104.96,0.36,0.346,0,1.3,28320.47,7.92,6.3,0
110289.17,0.159,0.447,0,6.4,37762.84,8.94,2.4,0
105798.95,0.229,0.407,0,11.4,25466.13,6.2,4.2,0
75218.05,0.301,0.361,1,17.2,29453.62,9.6,2.3,0
56130.39,0.336,0.321,1,6.5,4982.33,7.79,6.4,0
89419.02,0.175,0.01,0,12.1,9968.41,4.64,5.3,0
138441.75,0.245,0.309,1,6.8,21596.28,7.61,1.9,0
48873.53,0.244,0.303,2,3.7,17819.63,8.62,7.9,0
82011.6,0.251,0.919,0,1.5,28664.63,12.42,5.9,1
56010.73,0.406,0.557,1,7.7,16066.41,11.81,2.8,0
67361.18,0.389,0.546,1,17.5,26806.2,9.45,4.9,0
78513.41,0.127,0.423,0,5.5,26492.11,7.93,5.7,1
44108.89,0.413,0.553,1,4.3,17370.47,11.7,4.0,1
69030.23,0.074,0.226,0,14.8,11391.74,4.36,1.6,0
80496.85,0.323,0.455,0,18.9,18748.36,6.67,4.6,0
74965.92,0.185,0.273,0,7.2,12358.86,7.88,4.6,0
174961.02,0.094,0.136,1,16.8,68521.71,7.11,6.8,0
93131.54,0.287,0.875,1,7.7,16816.01,13.12,6.3,0
70001.77,0.275,0.771,2,7.0,8207.62,12.13,6.2,0
40323.37,0.325,0.823,1,9.9,19124.63,10.73,1.2,1
45498.83,0.337,0.554,3,5.7,9049.39,13.4,4.9,1
154879.56,0.25,0.495,1,15.5,46939.3,7.62,7.1,0
55510.32,0.151,0.444,0,13.3,17968.16,8.37,14.7,0
62556.26,0.35,0.614,0,7.8,26674.47,8.48,5.2,0
78604.1,0.164,0.466,0,3.8,35488.65,11.7,6.0,0
52970.48,0.454,0.954,3,8.0,8276.44,13.27,16.7,1
39553.18,0.358,0.198,1,14.1,13051.85,7.61,2.6,0
54635.63,0.282,0.087,0,20.8,22777.41,3.5,2.2,0
66478.04,0.043,0.01,0,7.4,24211.02,8.32,3.8,0
54210.78,0.081,0.33,0,9.0,12727.53,9.0,4.1,0
117498.64,0.492,0.847,0,12.1,43574.56,13.21,7.0,1
60625.32,0.227,0.6,1,3.7,23924.54,9.2,4.1,1
65821.99,0.235,0.59,0,4.9,20709.89,11.03,1.3,0
83748.94,0.187,0.255,0,7.4,18606.54,5.46,4.4,0
105198.0,0.364,0.219,0,13.6,10927.72,8.36,7.7,0
61023.5,0.403,0.432,0,2.1,13695.84,6.78,11.2,0
130371.34,0.238,0.182,1,8.8,27831.32,6.17,5.5,0
46380.8,0.347,0.233,0,18.8,13849.85,4.68,1.6,0
136077.84,0.358,0.122,0,11.1,50344.28,6.63,8.0,0
66780.42,0.147,0.588,1,7.7,10574.86,6.7,4.4,0
80266.86,0.239,0.229,0,34.3,31350.0,6.29,3.6,0
49669.42,0.218,0.168,0,8.0,16485.84,7.48,11.1,0
31841.52,0.232,0.413,0,12.8,6177.94,7.6,2.4,0
37629.56,0.271,0.065,0,12.2,2339.52,6.2,8.8,0
48735.43,0.276,0.109,0,6.8,4534.48,7.65,6.4,0
76525.94,0.419,0.834,0,5.2,22309.62,11.15,5.8,1
45833.58,0.104,0.399,0,10.8,17851.29,6.96,10.8,0
35447.04,0.275,0.228,0,4.0,8791.68,6.95,5.0,0
36488.5,0.522,0.445,0,3.6,10555.63,8.89,19.6,0
59369.47,0.248,0.784,0,29.9,16454.47,9.59,6.6,0
48276.65,0.351,0.434,1,3.4,10418.28,11.63,16.1,1
59680.46,0.161,0.131,0,20.7,20778.52,5.21,0.5,0
117920.88,0.282,0.285,0,5.8,33176.18,7.27,12.9,0
114709.1,0.161,0.692,2,5.9,35915.04,13.21,3.0,0
169162.16,0.41,0.341,1,9.6,67181.67,9.71,4.4,1
26475.27,0.323,0.575,0,18.8,8765.7,8.04,7.4,0
49225.84,0.167,0.351,0,13.2,22905.3,8.82,4.6,0
94461.05,0.481,0.413,0,4.4,23239.55,8.31,3.8,1
55224.97,0.366,0.518,0,26.8,21608.78,7.43,2.1,0
91837.57,0.406,0.871,0,11.1,27188.38,9.91,5.0,0
88495.42,0.25,0.303,0,13.8,27725.47,9.42,1.6,0
123323.3,0.246,0.975,1,6.7,52501.68,13.93,6.7,1
104104.88,0.466,0.704,2,9.8,38786.74,13.85,3.1,1
139700.9,0.121,0.091,0,2.2,27534.53,6.3,10.5,0
45992.91,0.287,0.918,0,9.8,17694.79,8.5,10.2,0
45389.08,0.401,0.66,1,28.1,15278.24,11.77,9.2,0
50033.49,0.307,0.586,0,11.2,17076.52,10.67,0.7,0
26268.27,0.328,0.851,2,15.4,7485.5,11.62,5.1,1
135951.41,0.38,0.674,0,7.4,35042.97,10.92,3.4,0
126866.38,0.134,0.264,0,9.8,53296.31,6.46,5.5,0
77397.46,0.03,0.494,0,12.1,32127.35,8.18,10.7,0
122107.16,0.431,0.573,2,13.0,12356.9,11.54,11.3,0
55237.82,0.28,0.803,0,8.4,16508.34,12.35,11.8,1
32574.68,0.285,0.173,0,10.6,9147.08,9.46,6.4,0
111395.25,0.482,0.457,0,3.3,37833.23,9.02,5.3,1
33358.25,0.263,0.311,1,12.4,16323.61,8.88,4.8,0
78098.96,0.219,0.31,0,6.2,7707.41,5.46,4.3,0
80661.97,0.138,0.641,0,3.4,18015.41,8.32,2.0,0
64260.93,0.515,0.817,2,19.2,27133.8,10.12,4.3,1
121363.04,0.268,0.144,0,4.0,47802.74,7.83,6.0,0
78191.0,0.242,0.624,0,9.7,8041.59,8.31,8.4,0
95680.36,0.245,0.269,1,4.1,7108.37,8.43,7.0,0
42632.63,0.391,0.326,0,2.2,6174.47,9.82,8.2,0
65704.82,0.368,0.235,2,7.5,14570.23,8.97,4.5,0
29319.08,0.249,0.719,0,6.0,4787.49,9.77,5.6,0
124445.55,0.466,0.302,3,11.8,31912.84,7.37,7.6,0
41701.27,0.259,0.579,1,19.7,10705.37,7.73,3.8,0
48184.19,0.322,0.534,0,12.1,7215.6,10.17,5.4,0
41383.36,0.247,0.01,1,10.8,6451.79,7.49,3.7,0
45947.58,0.416,0.335,0,9.3,20213.88,7.39,4.7,0
65669.46,0.307,0.603,2,14.7,12793.21,12.43,11.1,0
48817.27,0.397,0.611,0,24.3,17393.45,12.77,8.4,0
111590.16,0.224,0.106,0,4.5,38690.65,8.77,2.2,0
86784.65,0.122,0.699,1,9.9,23795.13,9.73,0.3,1
67578.5,0.323,0.57,1,18.2,7836.21,10.56,1.3,1
55468.35,0.462,0.411,2,4.7,18665.82,10.09,8.8,1
118537.62,0.361,0.815,0,8.2,31320.64,13.31,5.5,0
87519.83,0.19,0.756,1,6.5,42810.13,9.48,12.2,1
39648.57,0.204,0.238,0,15.0,8186.43,8.35,13.1,0
61412.98,0.326,0.118,0,12.4,21290.91,3.5,3.3,0
73172.97,0.262,0.804,1,14.0,24345.33,13.0,5.3,0
85488.59,0.329,0.504,1,7.2,30922.83,8.66,14.2,0
38884.82,0.449,0.519,0,15.4,7659.23,8.15,10.0,0
108059.5,0.074,0.145,0,16.7,45211.97,4.34,5.9,0
34083.04,0.298,0.401,0,12.6,11941.14,5.13,1.7,0
146290.58,0.172,0.347,0,7.0,17600.16,8.14,6.6,0
92539.17,0.239,0.074,2,18.7,25248.73,4.69,3.5,0
38822.2,0.232,0.502,1,1.8,6457.25,9.86,11.1,0
62821.67,0.185,0.214,0,18.5,16412.88,6.91,9.3,0
49616.5,0.403,0.602,0,16.8,7304.2,8.69,4.1,0
56732.25,0.479,0.445,1,6.3,8318.46,8.69,3.4,0
66691.18,0.329,0.162,0,13.1,24558.47,6.05,8.4,0
36835.06,0.331,0.532,0,4.7,5174.27,8.11,4.1,0
54064.24,0.205,0.01,0,9.4,10237.9,4.38,7.3,0
89056.2,0.49,0.383,2,11.8,29056.84,8.47,18.5,1
82022.05,0.405,0.01,1,2.3,33452.23,7.82,1.6,0
81542.58,0.37,0.238,1,9.0,28826.3,9.19,6.6,1
65132.71,0.549,0.683,0,3.5,12731.23,11.59,7.9,1
53230.18,0.402,0.189,0,2.6,24852.91,7.28,3.3,0
76418.17,0.354,0.181,0,8.1,27185.84,6.78,1.3,0
244286.38,0.163,0.215,0,6.2,73308.16,6.71,1.8,0
162388.31,0.053,0.126,0,5.7,51429.41,7.95,5.0,0
70965.19,0.19,0.427,0,29.7,30989.07,3.5,3.3,0
45354.72,0.438,0.316,1,12.2,8086.94,4.91,5.3,0
24145.28,0.254,0.34,0,8.4,2000.0,6.84,13.4,0
128392.42,0.22,0.155,0,10.2,49349.96,5.19,10.7,0
105745.31,0.154,0.043,2,5.1,22171.27,5.43,7.8,0
39626.21,0.296,0.284,1,13.7,6284.07,10.05,4.6,0
30244.41,0.432,0.712,1,10.0,6772.81,12.85,1.0,0
42696.91,0.177,0.462,0,11.5,14079.46,10.14,2.6,0
68312.75,0.365,0.906,0,4.2,10766.1,11.49,2.9,0
73340.04,0.15,0.499,1,9.5,10772.38,6.4,5.1,0
80641.7,0.338,0.695,0,9.4,26597.53,11.83,12.6,0
88095.44,0.138,0.01,0,8.6,25844.44,5.31,4.5,0
91088.42,0.43,0.839,1,19.0,40738.38,11.3,22.7,0
86650.71,0.279,0.553,1,8.1,14009.99,10.18,2.7,0
119329.69,0.144,0.578,0,12.5,44369.35,10.28,9.0,0
25821.38,0.362,0.096,0,7.2,8357.85,8.69,3.1,0
35968.62,0.158,0.139,1,2.6,14646.33,6.69,10.1,0
61792.29,0.393,0.071,0,8.9,13612.87,7.49,12.9,0
104487.57,0.352,0.339,0,7.1,25707.24,11.37,3.8,0
184092.99,0.259,0.437,0,13.9,80000.0,8.28,2.9,0
56906.81,0.36,0.915,2,12.6,25709.21,11.8,7.1,1
47237.77,0.22,0.122,1,18.8,16228.12,5.22,8.3,0
26866.24,0.258,0.262,0,6.3,2683.47,6.73,9.9,0
110458.46,0.183,0.268,1,16.5,11005.63,6.39,11.4,0
50966.56,0.184,0.445,2,4.6,23704.73,11.71,2.1,1
250000.0,0.182,0.868,0,12.8,56481.28,11.22,4.0,0
34284.93,0.3,1.0,0,3.9,12840.78,12.57,7.3,1
160731.05,0.294,0.35,0,4.0,25149.85,7.22,3.3,0
83309.76,0.383,0.849,1,8.9,20003.81,10.82,10.7,1
25324.67,0.446,1.0,1,3.1,12943.04,13.59,3.3,1
69992.17,0.426,0.374,0,8.5,10971.76,10.9,3.0,0
91124.56,0.378,0.409,0,10.3,14571.39,10.63,5.5,0
54529.63,0.394,0.163,1,3.3,23616.47,6.08,4.9,0
119482.98,0.12,0.213,0,4.0,10369.17,5.34,3.9,0
108006.5,0.387,0.708,0,8.6,48567.22,13.01,16.2,0
98173.59,0.314,0.505,0,7.1,34521.59,7.14,0.4,0
60823.87,0.2,0.588,0,9.0,25754.32,7.65,7.4,1
39781.6,0.258,0.47,0,17.4,7890.48,8.09,4.3,0
64105.81,0.394,0.327,0,28.8,13844.58,6.15,13.5,0
62179.54,0.191,0.599,0,16.8,23405.89,11.4,2.8,0
24068.39,0.388,0.515,0,9.3,5011.42,8.58,5.2,1
75687.73,0.281,0.407,1,12.8,22215.33,7.75,18.1,0
72257.95,0.305,0.274,0,9.4,8389.1,7.86,5.2,0
30431.65,0.391,0.758,0,11.7,13788.38,12.21,4.9,0
51205.25,0.188,0.187,2,7.6,19311.09,7.54,3.8,0
75703.36,0.339,0.149,0,11.6,10028.13,7.32,4.6,0
180559.02,0.293,0.503,0,5.3,46051.32,10.64,11.1,0
73602.72,0.354,0.574,0,6.2,32968.54,8.81,16.2,1
98711.03,0.19,0.507,1,8.0,39264.05,10.25,4.7,0
55553.14,0.298,0.59,1,16.4,22453.93,7.94,0.3,0
26432.72,0.185,0.224,0,8.9,7518.04,6.56,8.5,0
85506.48,0.47,0.853,0,8.6,37625.89,11.01,0.4,1
49073.35,0.404,0.172,0,9.9,5713.2,6.59,1.5,0
64472.32,0.169,0.324,1,8.8,8179.24,10.47,4.6,0
42772.01,0.334,0.364,0,12.0,7489.97,9.67,2.1,0
70203.47,0.151,0.367,1,10.1,14577.45,9.81,6.7,0
114016.37,0.213,0.205,0,8.4,10406.87,4.47,4.8,0
143870.51,0.276,0.345,0,12.6,36303.89,9.55,2.8,0
155162.97,0.099,0.484,2,8.1,55852.04,8.89,11.4,0
154460.03,0.262,0.348,0,8.5,59904.99,10.01,3.0,0
26642.49,0.262,0.625,0,21.9,8360.2,8.6,0.9,0
39887.45,0.382,0.193,0,7.6,3382.42,5.95,9.3,1
26403.51,0.22,0.092,0,7.0,2495.89,8.01,6.4,0
109449.96,0.426,0.29,1,3.4,27438.82,8.99,8.5,0
63263.92,0.206,0.344,1,7.3,6804.88,6.21,5.3,0
56849.55,0.141,0.429,1,8.4,10226.21,6.59,13.0,0
54232.62,0.138,0.243,0,6.5,23868.18,7.38,2.9,0
62373.04,0.45,0.874,0,9.8,24957.07,11.06,1.9,0
29412.3,0.312,0.947,0,5.7,8567.28,12.11,5.0,1
47001.31,0.054,0.265,0,14.1,20474.97,9.99,2.2,0
70619.66,0.331,0.08,0,3.1,25605.12,5.24,5.9,0
116029.47,0.241,0.4,0,5.8,14427.53,8.83,8.3,0
65294.15,0.359,0.7,2,9.1,28498.98,8.55,12.1,1
42658.32,0.213,0.285,0,8.5,11538.23,4.44,5.6,0
28081.06,0.241,0.012,0,10.0,4774.48,4.04,9.4,0
106314.44,0.304,0.407,0,1.6,31382.84,8.7,7.3,1
44656.9,0.326,0.635,3,10.3,5674.8,10.84,4.2,1
34350.98,0.356,0.376,1,6.2,16959.87,8.26,1.6,0
33956.03,0.252,0.136,0,10.7,2924.03,8.95,8.4,0
36016.04,0.279,0.649,0,1.1,2844.45,8.43,1.3,0
66071.38,0.059,0.419,0,12.2,19464.76,7.81,12.6,0
66973.31,0.119,0.506,0,22.3,4854.53,5.71,5.8,0
41397.4,0.116,0.212,1,10.2,10851.95,5.93,2.7,0
87512.45,0.341,0.361,0,24.2,10453.44,7.0,11.8,0
58833.7,0.192,0.268,1,6.7,11872.23,6.15,20.4,0
199340.67,0.172,0.348,0,14.3,49485.73,10.12,6.9,0
43070.97,0.418,0.179,0,5.4,15220.32,7.26,3.4,0
70989.82,0.336,0.244,0,8.3,15811.76,7.27,0.9,0
85760.79,0.383,0.119,0,13.9,14721.67,6.26,9.0,0
38364.4,0.324,0.45,0,7.7,16934.5,10.7,9.6,0
87385.12,0.052,0.404,0,15.4,32513.72,5.14,1.2,0
97916.19,0.106,0.688,1,2.7,40734.4,10.43,6.4,1
74524.64,0.379,0.287,0,6.4,14790.59,10.4,6.0,0
125908.27,0.178,0.332,0,6.1,41402.83,6.26,4.8,0
23435.83,0.246,0.435,0,3.5,8382.31,10.2,7.6,0
47278.8,0.246,0.595,0,6.0,22072.18,9.46,5.2,1
176503.05,0.286,0.095,0,6.1,59366.68,8.24,2.2,0
133437.56,0.203,0.321,0,10.2,37089.23,9.69,1.5,0
96773.7,0.158,0.433,0,9.8,10903.15,6.94,0.9,0
123072.78,0.2,0.48,0,13.7,30723.93,7.71,8.1,0
29870.75,0.096,0.055,0,12.7,8364.96,3.5,4.5,0
90140.26,0.486,0.361,0,7.9,39885.18,7.67,1.8,0
118519.88,0.268,0.572,0,33.3,26195.47,6.92,7.5,0
57843.07,0.062,0.32,1,13.8,6788.6,5.36,3.5,0
250000.0,0.32,0.436,0,29.7,40487.58,7.56,4.2,0
72068.54,0.256,0.63,0,2.2,24955.52,8.72,13.8,0
22533.36,0.493,0.563,1,1.4,3353.84,11.69,9.8,0
60459.73,0.472,0.769,0,9.3,24672.32,9.4,6.3,1
53570.6,0.17,0.313,1,11.2,3781.23,7.69,17.0,0
120356.96,0.318,0.36,0,6.4,43539.05,9.76,13.1,0
82627.37,0.223,0.539,1,6.0,15460.42,9.04,12.3,0
51226.29,0.364,0.401,1,9.1,23171.4,5.73,8.6,0
151529.99,0.292,0.735,0,3.9,46939.22,11.73,13.1,0
136773.39,0.095,0.336,0,19.1,53472.67,7.6,5.9,0
49592.5,0.394,0.657,2,11.1,19700.65,11.39,11.4,1
75062.3,0.191,0.098,0,14.8,19198.74,3.64,7.2,0
114879.62,0.08,0.073,0,6.3,32469.97,7.0,2.3,0
64843.06,0.207,0.269,0,6.1,28751.1,7.52,3.4,0
68479.24,0.058,0.185,0,11.6,6278.41,6.52,10.2,0
63037.51,0.318,0.593,3,9.0,21449.12,12.46,1.7,1
37030.79,0.225,0.648,0,15.0,10070.62,9.27,7.7,0
26907.39,0.224,0.675,0,9.1,9273.19,9.72,1.1,1
79513.68,0.175,0.298,1,12.4,14106.34,5.72,4.0,1
35239.04,0.232,0.094,0,8.8,5814.48,5.24,4.8,0
45692.93,0.142,0.332,0,22.5,21234.71,5.65,2.3,0
27257.02,0.276,0.116,1,4.5,5674.77,6.02,2.9,1
27011.54,0.535,0.535,0,1.4,5566.61,11.51,5.6,1
93526.58,0.269,0.506,0,4.8,41241.58,8.99,3.0,0
51650.66,0.277,0.794,0,12.2,8364.21,10.1,12.7,0
76553.22,0.087,0.01,0,19.4,23904.49,4.69,10.1,0
44145.69,0.167,0.01,0,6.7,5409.3,5.45,14.9,0
44307.51,0.431,0.237,0,14.8,11195.42,9.95,0.7,0
62353.94,0.465,0.531,1,7.9,16883.79,12.46,1.1,0
61286.32,0.518,0.638,0,11.5,21725.84,9.17,2.5,0
101579.94,0.198,0.436,0,7.2,43061.53,8.96,4.8,0
153543.09,0.053,0.287,0,5.0,16176.47,7.69,7.3,0
83265.45,0.226,0.414,0,17.9,14345.82,9.4,5.7,0
27377.53,0.169,0.568,1,13.0,8514.98,7.73,8.8,0
50079.32,0.375,0.485,0,14.1,23510.96,9.17,1.4,0
77443.64,0.369,0.35,0,13.5,6102.31,7.46,1.9,0
46354.05,0.249,0.299,0,9.9,11336.86,5.5,10.7,0
40240.22,0.26,0.649,1,7.1,12960.25,12.24,4.6,0
60453.97,0.338,0.625,1,17.9,6862.97,11.46,5.2,0
213619.59,0.31,0.513,0,6.8,80000.0,10.01,3.9,0
44196.0,0.411,0.506,0,4.2,5394.23,9.65,16.9,0
67821.68,0.186,0.229,0,8.5,26396.98,6.89,6.6,0
36898.99,0.383,0.062,0,5.0,7007.14,5.81,0.8,0
104172.72,0.47,0.25,0,12.5,29567.93,6.29,1.4,0
121017.47,0.194,0.021,0,14.0,17594.41,3.5,4.5,0
63812.46,0.459,0.41,2,9.1,25889.97,10.51,1.7,0
122998.05,0.37,0.58,1,13.0,16307.23,10.2,7.0,0
52114.91,0.466,0.193,1,18.9,10547.31,8.23,8.2,0
54072.83,0.343,0.46,1,11.4,11193.75,8.09,9.6,0
114423.62,0.251,0.81,1,11.5,19665.26,7.96,1.3,0
81159.47,0.541,0.541,0,7.6,25896.16,10.39,3.3,0
30298.26,0.139,0.216,0,8.4,7556.14,7.46,6.9,0
67576.92,0.268,0.33,1,4.8,30171.92,5.52,10.2,0
54316.94,0.274,0.386,0,7.2,16437.16,5.71,11.2,0
102871.99,0.305,0.139,0,9.5,41884.58,5.3,6.3,0
101506.19,0.105,0.01,1,8.8,23928.26,3.66,10.3,0
27108.7,0.208,0.273,1,5.5,3673.96,9.62,6.8,0
85864.12,0.34,0.21,0,9.1,18944.9,9.32,6.0,0
74038.25,0.397,0.22,0,8.5,13868.3,7.79,6.2,0
84726.26,0.14,0.828,0,14.7,37066.73,11.03,9.2,0
65875.03,0.246,0.605,0,14.8,16000.21,9.51,6.8,0
101535.62,0.44,0.512,1,17.7,46612.53,8.37,1.6,0
82329.73,0.207,0.793,0,3.1,25205.99,12.69,5.5,0
68051.35,0.172,0.719,3,10.6,30213.29,12.93,5.1,1
125246.4,0.304,0.071,0,2.2,21959.01,7.55,4.9,0
167178.52,0.294,0.683,1,8.0,43212.94,11.8,1.9,0
111204.28,0.191,0.386,1,18.3,19696.93,6.01,4.5,0
80310.52,0.233,0.687,0,15.0,22889.87,9.83,6.3,0
71560.81,0.338,0.426,4,18.3,34634.87,10.26,2.9,1
83808.68,0.205,0.152,0,2.9,7768.55,7.08,7.9,0
69022.83,0.279,0.307,0,12.5,18225.75,6.99,0.4,1
247596.26,0.281,0.052,0,4.0,80000.0,4.78,9.2,0
42406.08,0.513,0.817,1,7.3,9691.45,10.02,12.2,1
86775.45,0.429,0.258,0,20.3,15626.5,7.83,4.4,0
57037.01,0.377,0.486,1,12.8,19604.39,6.95,4.3,0
26443.72,0.375,0.514,2,14.1,6639.8,8.53,1.8,1
71128.74,0.322,0.751,0,11.4,32107.8,11.79,6.5,0
50362.33,0.331,0.229,0,4.4,11700.72,8.1,12.0,0
104339.54,0.119,0.204,0,13.7,23273.06,6.5,11.0,0
73683.16,0.418,0.184,0,17.6,26593.94,8.04,12.0,0
36795.7,0.23,0.966,0,6.2,4332.03,14.96,0.8,0
135544.53,0.248,0.128,1,18.9,36962.88,7.15,6.5,0
143853.38,0.307,0.193,0,2.6,26608.54,6.25,14.9,1
179687.46,0.353,0.102,0,5.2,32589.47,7.86,3.7,0
95034.21,0.209,0.161,0,5.3,11009.13,6.45,1.6,0
61788.88,0.301,0.558,1,6.8,15535.65,8.47,14.8,1
68510.95,0.4,0.941,2,13.6,35814.25,16.28,5.9,1
41443.31,0.274,0.696,1,0.6,12073.53,12.61,3.0,0
98032.0,0.074,0.259,0,16.4,10320.69,3.93,7.6,0
49789.8,0.386,0.618,2,12.9,15736.85,11.99,4.7,1
29031.67,0.203,0.708,2,3.2,3956.52,12.51,0.6,0
92567.15,0.116,0.117,0,6.0,26795.94,5.38,17.0,0
57763.43,0.202,0.216,0,4.3,24046.49,5.82,1.5,0
50795.06,0.271,0.73,0,2.1,7894.33,11.61,3.7,0
74147.41,0.418,0.691,1,5.2,21207.39,8.53,5.6,0
154435.85,0.257,0.303,0,3.5,54714.89,10.59,19.6,0
41033.11,0.2,0.676,1,9.3,8898.74,5.75,6.1,0
81447.6,0.129,0.456,0,6.8,14372.88,9.16,3.7,0
48809.24,0.242,0.258,0,6.4,13991.01,6.24,4.6,0
38051.78,0.185,0.503,1,1.9,10107.82,8.37,9.6,1
50966.65,0.336,0.386,1,8.6,22186.58,8.5,18.6,1
67023.38,0.338,0.43,0,10.4,18810.39,8.47,2.5,0
78134.42,0.403,0.489,1,2.7,38699.37,12.45,7.6,1
67854.21,0.468,0.817,1,7.9,19514.38,11.9,8.3,0
33202.0,0.339,0.453,1,8.6,9403.46,12.87,8.9,0
110036.25,0.206,0.186,1,35.0,45204.46,5.8,1.2,0
89999.64,0.343,0.188,0,8.9,33585.94,7.53,13.2,0
39239.08,0.27,0.648,2,17.8,19519.35,10.18,8.0,1
117283.77,0.244,0.23,0,15.8,42799.69,4.59,9.3,0
78422.96,0.188,0.428,0,13.9,8677.97,6.83,2.8,0
65521.0,0.22,0.378,0,6.5,13262.36,9.49,7.4,0
98038.97,0.258,0.329,0,16.1,40322.05,7.11,11.0,0
78256.16,0.334,0.523,0,5.7,18939.38,9.28,5.8,0
92413.01,0.224,0.437,0,4.8,9653.11,9.65,1.0,0
71577.93,0.199,0.17,0,14.2,12222.38,5.25,8.4,0
45925.16,0.517,0.614,1,16.6,18778.31,7.3,6.6,0
25888.49,0.163,0.418,2,6.9,4108.34,7.94,3.9,1
74589.45,0.315,0.84,1,6.4,29984.41,12.29,14.5,1
47820.89,0.309,0.258,0,8.5,17435.29,7.52,4.2,0
102509.3,0.151,0.585,0,15.5,30946.06,6.63,6.0,0
77910.54,0.512,0.375,2,11.4,27530.26,11.53,5.1,0
59835.16,0.146,0.022,1,21.4,26784.84,5.55,0.9,0
89927.19,0.357,0.509,0,11.7,23885.47,10.35,8.1,0
67768.45,0.255,0.788,2,0.9,24854.11,11.46,6.0,1
88990.86,0.201,0.438,0,7.3,10404.73,10.55,1.6,0
62014.65,0.368,0.308,0,7.0,17683.86,9.1,14.9,0
117204.06,0.463,0.653,1,7.8,25961.57,10.67,5.1,1
49706.55,0.249,0.509,0,5.7,4838.19,9.86,6.7,0
54216.73,0.145,0.483,2,5.5,21493.48,11.0,11.4,0
34406.52,0.443,0.651,0,12.0,9428.54,13.17,1.0,1
113772.21,0.367,0.427,0,14.5,39642.72,8.45,3.1,0
47387.71,0.313,0.292,1,7.5,7977.73,9.73,3.0,0
67823.2,0.227,0.162,0,17.9,6367.06,7.33,5.9,0
58643.57,0.235,0.614,0,7.4,5830.98,9.77,15.3,0
58997.71,0.348,0.325,2,7.4,27409.69,10.36,8.3,1
35235.78,0.295,0.749,2,5.6,4494.7,13.97,4.8,1
24324.07,0.442,0.316,0,5.9,3689.32,6.49,5.0,0
78867.71,0.311,0.402,1,3.9,12740.73,10.62,3.1,0
24893.7,0.34,0.44,0,4.4,9803.71,10.21,2.6,0
102256.18,0.374,0.621,1,2.7,42495.03,10.62,6.9,1
129348.47,0.244,0.378,0,8.9,31617.74,11.43,3.7,0
70602.05,0.094,0.73,0,10.3,15398.07,8.69,7.0,0
126066.62,0.213,0.383,0,11.7,43616.0,9.51,10.2,0
70656.32,0.164,0.443,0,6.9,32945.27,10.94,5.7,0
188828.65,0.358,0.01,0,10.3,19952.27,5.65,9.8,0
63294.35,0.186,0.633,0,10.0,8333.6,11.96,6.9,0
18000.0,0.425,0.956,0,6.2,6052.62,12.03,8.1,0
61534.28,0.304,0.672,0,4.7,20205.35,7.15,5.7,1
190776.8,0.192,0.239,0,6.7,22169.73,5.55,5.0,0
112477.05,0.337,0.626,0,23.2,21507.95,8.95,21.4,0
54060.23,0.476,0.181,0,14.5,5577.34,8.24,3.2,0
62028.28,0.254,0.892,1,5.8,25088.83,14.24,6.1,1
111667.86,0.319,0.277,0,4.9,51364.12,7.62,9.0,0
52947.03,0.197,0.397,0,24.4,23756.55,9.04,1.1,0
226754.07,0.293,0.453,0,12.0,25545.35,6.37,9.2,0
49192.79,0.341,0.911,0,4.7,11544.63,14.51,0.5,0
136241.38,0.088,0.183,0,21.9,44480.67,5.25,6.3,0
84371.86,0.317,0.812,1,8.5,12713.91,11.86,13.7,0
51273.79,0.15,0.402,0,11.7,18543.11,6.74,6.1,0
48312.08,0.232,0.361,0,14.2,12646.14,5.63,4.1,0
126275.02,0.389,0.598,0,9.6,48297.14,7.84,2.7,0
70858.01,0.441,0.472,1,2.8,14017.89,10.6,7.0,0
75600.41,0.481,0.29,0,3.8,25390.93,8.51,4.5,0
31781.64,0.32,0.244,1,5.6,11476.25,7.16,9.3,1
87327.01,0.327,0.469,1,12.3,34335.39,7.91,7.2,0
81453.62,0.227,0.129,0,17.6,24803.84,4.72,2.9,0
73162.31,0.11,0.259,1,10.9,7596.67,10.4,9.2,0
62543.26,0.554,0.349,1,13.3,16347.87,6.99,5.0,0
47240.46,0.253,0.42,3,4.8,20305.29,7.63,3.5,1
57808.33,0.307,0.282,0,7.4,21957.59,6.38,10.2,0
55282.23,0.36,0.86,0,4.9,15315.24,12.73,0.8,1
61284.0,0.337,0.056,0,10.9,26634.29,5.02,17.3,0
234091.35,0.291,0.431,0,18.3,61777.32,8.33,14.0,0
89281.66,0.262,0.652,0,12.3,40281.41,10.31,4.3,0
56109.13,0.114,0.032,0,6.5,3492.57,6.46,4.9,0
155809.3,0.18,0.513,1,5.1,17076.35,10.06,2.0,0
57522.27,0.135,0.516,0,9.6,16419.7,8.44,3.2,0
71342.61,0.156,0.3,0,7.7,32043.18,9.35,2.4,0
97974.55,0.223,0.391,0,2.8,19948.3,6.37,7.8,1
24068.92,0.396,0.407,1,5.2,11026.92,7.01,5.2,0
69265.73,0.214,0.294,0,14.5,25511.0,6.35,5.6,1
46038.19,0.428,0.141,0,3.5,10916.19,7.6,5.5,0
73685.56,0.293,0.518,0,7.5,23043.48,9.68,4.8,1
99295.51,0.144,0.073,0,15.6,41904.5,4.69,3.4,0
67329.81,0.254,0.257,1,8.0,8997.71,8.6,11.5,0
51375.04,0.307,0.26,0,2.8,23017.71,7.99,6.8,0
86705.35,0.437,0.421,1,7.9,28494.53,9.4,5.0,1
70066.53,0.252,0.921,1,2.0,31214.23,13.6,3.3,1
83918.55,0.136,0.436,0,3.6,24677.19,7.16,2.3,0
67490.61,0.294,0.317,0,13.8,10230.39,7.25,11.7,0
143250.76,0.183,0.177,0,10.9,68569.4,8.97,5.9,0
65777.51,0.458,0.335,1,4.6,32212.93,9.35,3.6,0
46851.35,0.348,0.899,2,10.1,7753.05,15.6,6.1,1
25663.41,0.434,0.432,0,12.4,4046.6,10.88,5.8,0
34563.69,0.317,0.305,1,5.9,14338.59,10.25,5.5,0
59899.85,0.256,0.194,0,19.0,7101.27,5.45,3.1,0
87457.81,0.219,0.475,0,10.8,4796.71,7.6,5.2,0
49326.76,0.187,0.734,0,2.4,8018.18,10.88,4.1,0
78123.3,0.29,0.747,0,8.7,22699.54,9.82,4.2,0
47342.66,0.202,0.634,0,5.5,18512.38,10.65,8.7,0
54301.93,0.337,0.078,0,10.3,10753.39,7.16,1.9,0
82300.24,0.266,0.631,0,12.8,24592.9,11.41,4.6,0
94451.82,0.311,0.348,1,2.4,26995.28,7.17,1.4,0
39468.99,0.238,0.588,1,10.5,6941.15,7.76,3.7,0
77196.78,0.141,0.278,1,20.2,11286.01,4.31,2.7,0
25936.86,0.183,0.5,1,8.0,3363.79,6.6,15.2,0
24204.91,0.496,0.858,1,3.4,4904.77,16.02,12.6,1
60381.56,0.183,0.271,0,12.1,9995.06,6.6,4.9,0
113494.19,0.188,0.368,0,2.3,22474.99,9.57,10.8,0
53179.55,0.26,0.413,0,4.5,4804.5,7.57,7.6,0
50164.13,0.391,0.216,0,5.2,19930.51,8.33,3.5,0
69739.3,0.185,0.383,0,6.7,19330.47,7.74,1.7,0
55797.89,0.495,0.82,1,8.1,20172.05,10.2,6.3,1
34969.84,0.292,0.699,1,14.5,17445.66,13.48,3.2,0
164217.43,0.229,0.521,0,11.0,43213.29,10.31,6.2,0
63585.69,0.283,0.261,0,13.2,23039.01,4.27,30.0,0
48191.87,0.579,0.864,4,12.8,14018.83,13.6,1.9,1
60043.08,0.148,0.133,0,6.3,26847.82,8.05,2.3,0
92026.43,0.213,0.247,0,14.4,27495.58,7.83,8.2,0
163412.59,0.171,0.387,0,6.3,11145.62,7.4,5.8,0
120867.1,0.307,0.588,0,5.9,19254.05,13.18,15.9,0
40394.79,0.552,0.927,1,8.2,6423.07,14.23,11.6,0
78338.6,0.431,0.394,2,6.8,25099.28,7.82,13.9,1
110573.25,0.071,0.542,0,15.7,41204.83,9.42,5.3,0
85968.24,0.409,0.473,4,20.3,14536.02,9.09,1.8,0
64340.16,0.407,0.162,0,9.1,26089.03,7.83,5.6,0
54639.23,0.33,0.466,1,26.6,22231.33,9.01,4.6,0
138697.47,0.212,0.448,0,11.4,23811.77,5.97,5.4,0
85018.34,0.33,0.761,1,9.7,39645.7,11.09,13.9,1
127130.09,0.428,0.369,0,11.2,17869.26,12.73,3.3,0
75266.57,0.239,0.329,1,13.2,26561.42,5.59,7.4,0
58263.2,0.218,0.552,1,16.1,25586.43,5.85,5.8,0
23600.25,0.275,0.447,0,8.8,5698.27,9.09,5.9,0
34426.03,0.079,0.291,0,10.7,4930.82,8.05,9.9,0
60607.47,0.371,0.573,0,4.8,26608.37,10.86,2.7,1
53916.46,0.154,0.303,0,10.0,21075.37,6.85,2.0,0
87567.42,0.285,0.347,1,3.7,26298.97,8.36,8.7,0
29965.38,0.46,0.747,1,5.1,9786.57,14.11,4.8,1
59805.44,0.273,0.463,1,15.2,20582.2,9.29,22.9,0
51522.7,0.189,0.169,1,17.1,5422.04,6.18,6.0,0
126503.61,0.286,0.274,1,5.1,25071.78,8.3,0.7,0
48184.11,0.256,0.606,0,3.5,21958.34,10.21,10.7,0
93417.42,0.179,0.604,0,16.1,29632.6,8.94,9.4,0
86038.48,0.135,0.232,0,14.6,20593.63,5.73,8.2,0
88655.16,0.455,0.252,3,6.8,9428.98,7.64,9.7,1
103319.92,0.459,0.352,0,3.8,39344.11,8.15,7.0,0
48420.29,0.516,0.312,0,22.0,17345.3,4.98,4.5,0
29900.55,0.405,0.42,0,15.6,11744.83,7.79,13.4,0
70558.67,0.105,0.314,0,25.6,8564.44,7.46,25.1,0
55346.78,0.187,0.46,2,15.8,11883.11,10.62,9.2,1
70517.73,0.251,0.503,0,18.7,24994.36,7.05,1.3,0
42486.3,0.337,0.533,1,9.4,9537.46,12.65,2.7,0
97187.7,0.516,0.259,0,9.9,13918.22,9.61,4.4,0
75981.69,0.136,0.289,1,14.6,7561.38,9.56,11.3,0
44613.19,0.249,0.438,1,12.5,17675.76,6.79,14.5,0
56091.84,0.36,0.282,0,5.1,17479.74,7.12,7.0,0
210972.46,0.122,0.189,0,1.9,59774.41,4.58,7.9,0
97571.31,0.202,0.615,1,3.9,31837.64,12.41,2.4,0
90826.05,0.306,0.881,2,17.5,14386.22,14.02,4.5,0
39708.76,0.236,0.343,1,6.6,18538.43,4.97,4.5,1
60596.63,0.356,0.298,0,14.4,3655.73,8.02,2.7,0
62888.25,0.13,0.127,0,14.2,14460.93,7.66,1.5,0
56920.33,0.458,0.837,0,15.7,26799.76,10.05,5.4,0
63461.78,0.321,0.119,0,7.8,21908.06,4.75,15.6,0
59628.64,0.143,0.585,0,13.0,14748.57,9.38,1.8,0
59655.9,0.165,0.371,0,18.6,7547.13,5.95,6.1,0
58835.18,0.086,0.01,0,9.6,11297.52,7.08,12.4,0
49674.4,0.202,0.853,0,2.8,8442.34,9.9,1.5,0
123561.58,0.283,0.164,2,8.5,22490.13,8.98,2.2,0
26427.8,0.352,0.737,2,6.1,8243.49,12.22,4.5,1
79642.95,0.435,0.562,0,4.6,20669.58,10.22,10.2,1
104923.04,0.224,0.934,0,4.3,25504.51,13.08,4.8,0
59770.17,0.247,0.183,1,10.8,7349.18,5.9,4.1,0
46022.48,0.332,0.247,1,17.4,9806.22,5.39,1.2,0
94451.26,0.342,0.727,0,18.1,9969.76,8.6,12.7,0
38373.02,0.413,0.493,1,8.2,7382.29,9.06,5.0,1
63621.17,0.374,0.266,0,3.2,17337.38,9.1,8.3,0
42847.13,0.361,0.404,1,9.5,6284.03,7.58,9.2,0
20397.04,0.294,0.83,0,8.6,3723.89,12.57,2.6,0
73088.07,0.401,0.01,0,6.0,6502.28,7.91,6.7,0
37054.46,0.454,0.84,0,12.0,16887.0,11.94,4.7,1
67459.28,0.249,0.775,0,15.7,18869.32,12.28,2.0,0
108889.26,0.295,0.243,1,13.5,40183.31,7.77,11.1,0
177374.96,0.42,0.248,0,5.7,80000.0,9.39,3.4,1
67629.37,0.348,0.398,0,8.6,20278.25,6.79,19.9,0
113948.45,0.293,0.417,0,7.0,36784.76,9.96,2.3,0
106072.43,0.168,0.432,1,8.6,5303.62,9.26,2.8,0
56491.2,0.532,0.227,1,22.4,23222.23,9.35,4.5,0
32191.6,0.25,0.508,1,4.1,2890.27,10.73,3.9,0
195923.79,0.285,0.289,0,3.3,9796.19,7.97,11.9,0
40206.91,0.222,0.705,0,9.3,10988.8,8.16,10.5,0
122141.04,0.404,0.414,0,11.4,50899.38,9.12,8.2,0
80874.91,0.471,0.403,0,3.9,36393.01,9.77,11.1,0
38872.0,0.464,0.819,0,5.6,12487.22,10.28,7.7,1
107606.51,0.266,0.045,0,11.1,29173.87,4.23,6.4,0
235348.58,0.207,0.703,0,3.5,43358.19,8.92,2.3,0
103633.18,0.579,0.988,0,15.0,41550.77,13.75,0.4,1
62863.07,0.255,0.367,0,19.7,21238.94,6.21,7.0,0
43817.02,0.192,0.927,1,2.5,10232.38,12.49,4.1,1
79640.09,0.392,0.614,0,9.6,19470.0,11.24,1.9,0
62011.1,0.254,0.601,0,10.6,23972.5,9.55,4.7,0
133847.66,0.249,0.085,0,7.8,49821.82,6.34,5.3,0
88647.15,0.136,0.817,0,17.4,19751.51,11.44,0.8,0
29528.26,0.325,0.243,0,35.0,6226.81,6.47,8.4,0
91049.03,0.226,0.059,0,9.8,6434.84,5.84,3.0,0
73815.71,0.226,0.232,0,14.2,15496.89,6.35,8.4,0
66318.95,0.205,0.563,0,8.1,25671.69,12.11,13.7,1
93040.54,0.278,0.439,0,15.4,15539.83,10.28,10.2,0
112899.8,0.192,0.283,1,6.8,52869.18,5.14,13.8,0
71422.34,0.425,1.0,1,13.3,23061.35,12.1,5.7,1
38229.37,0.335,0.488,0,5.9,9115.09,10.08,2.8,0
58935.19,0.391,0.7,1,12.6,20840.94,13.27,3.7,0
55585.07,0.241,0.38,0,7.7,16207.49,6.67,10.1,0
41364.46,0.158,0.041,0,14.4,14651.09,3.63,5.9,0
79724.4,0.231,0.241,0,11.4,21052.41,6.42,7.2,0
134255.27,0.402,0.437,0,3.7,29801.52,10.72,5.7,1
33922.82,0.306,0.323,0,24.4,12958.77,6.66,5.3,0
75176.48,0.284,0.322,0,5.9,20466.33,7.88,1.9,0
67969.93,0.416,0.156,0,18.5,10537.42,6.28,2.9,0
92531.41,0.202,0.195,0,9.5,31981.99,5.59,13.6,0
52126.98,0.141,0.384,0,10.2,17778.69,6.69,9.7,0
34588.82,0.463,0.44,0,2.9,3257.28,6.85,12.9,0
40464.52,0.296,0.29,0,26.5,11479.87,3.57,7.7,0
145026.85,0.302,0.093,0,8.3,17212.88,8.02,5.7,0
48077.25,0.268,0.207,0,5.1,18278.65,7.05,9.5,0
49212.13,0.259,0.267,2,3.8,14841.58,7.88,6.5,0
193808.68,0.136,0.314,0,16.4,79820.16,5.44,5.3,0
49187.35,0.42,0.485,1,20.5,4117.95,6.0,7.4,0
72846.04,0.498,0.403,1,5.2,13427.3,10.2,0.6,1
115915.75,0.178,0.156,1,8.4,51003.37,4.25,5.5,0
115766.36,0.397,0.517,0,1.8,13533.32,8.77,4.1,0
33284.07,0.384,0.612,0,11.2,7537.63,9.29,9.3,0
43388.17,0.225,0.79,1,5.8,17622.02,10.02,4.8,1
80493.32,0.246,0.243,0,10.2,6187.13,8.5,13.1,0
169446.77,0.243,0.077,1,21.8,62042.73,6.52,20.1,0
53467.23,0.229,0.212,0,13.4,13534.07,5.37,5.3,0
61576.65,0.208,0.241,0,8.4,19300.07,8.36,2.9,0
73540.76,0.253,0.37,1,16.5,36306.17,7.88,6.0,0
85264.05,0.275,0.691,0,8.4,11895.01,13.36,3.2,0
87635.12,0.344,0.372,2,5.7,34036.59,8.68,6.7,1
43307.26,0.24,0.628,1,17.5,16790.15,9.37,4.1,0
52286.18,0.45,0.271,0,12.9,23894.8,8.42,6.8,0
67459.16,0.343,0.377,0,13.6,24188.34,9.36,2.9,0
107318.36,0.469,0.228,0,12.0,31566.47,11.05,6.9,0
52417.41,0.226,0.183,0,5.5,15033.15,8.3,3.6,0
68369.53,0.187,0.287,0,14.9,13700.77,8.61,2.5,0
33286.21,0.327,0.254,2,1.0,10698.83,12.35,1.1,1
160341.01,0.44,0.496,0,19.7,57954.39,10.51,3.7,1
66179.7,0.335,0.638,1,1.1,31595.76,12.94,5.8,0
109037.94,0.431,0.485,0,14.2,11558.19,10.13,2.3,0
66309.77,0.131,0.749,1,19.1,9945.33,7.29,4.1,0
79690.96,0.249,0.3,0,12.6,10200.41,6.38,18.9,0
29581.33,0.129,0.233,0,10.4,14556.84,7.4,9.0,0
18000.0,0.303,0.929,1,21.1,9710.32,11.95,1.4,1
131681.93,0.124,0.384,1,2.5,33212.07,5.29,12.4,0
69798.78,0.369,0.745,0,12.2,11988.43,11.31,6.1,0
80639.29,0.36,0.389,0,11.7,7591.29,8.46,4.3,0
40368.31,0.287,0.703,0,14.0,5571.91,6.46,9.8,0
34429.89,0.336,0.554,3,3.9,7377.3,14.74,7.7,1
126101.61,0.175,0.462,0,6.0,53906.08,8.38,14.8,0
169123.56,0.304,0.119,0,11.3,39401.94,5.76,10.2,0
65059.03,0.245,0.144,0,11.0,16279.44,3.85,3.6,0
105957.45,0.388,0.281,0,10.3,20106.08,8.23,7.1,0
97911.47,0.365,0.042,0,9.4,20528.31,6.65,7.9,0
58007.08,0.25,0.364,2,7.5,15038.56,9.44,3.9,0
105688.54,0.37,0.401,1,1.9,16929.35,6.99,9.2,0
58011.4,0.26,0.536,0,5.9,17929.92,10.64,6.1,0
161052.6,0.158,0.029,0,7.7,52731.44,4.47,13.0,0
70710.28,0.285,0.675,1,5.7,31967.77,12.03,4.6,0
75770.48,0.202,0.365,0,5.3,29581.27,9.66,4.0,0
106717.0,0.452,0.386,1,8.2,22504.1,8.65,6.3,1
81768.89,0.389,0.578,0,18.1,35552.74,8.12,5.8,0
71830.77,0.358,0.255,0,7.1,32545.67,5.32,10.1,0
135654.76,0.399,0.36,0,8.7,19115.7,10.02,7.1,0
109717.55,0.329,0.378,0,16.3,11981.92,5.86,6.9,0
125566.74,0.132,0.342,0,11.8,41810.02,9.16,4.3,0
18000.0,0.163,0.099,0,14.4,2697.46,7.04,3.8,0
86713.15,0.109,0.529,0,14.5,34631.12,9.3,6.2,0
92279.39,0.224,0.139,0,11.7,35323.2,5.55,5.2,0
62755.63,0.322,0.622,0,5.5,10728.35,11.11,2.7,0
121277.12,0.061,0.702,0,6.3,37616.77,10.48,3.7,0
82734.31,0.108,0.57,0,15.2,10374.05,8.22,9.6,0
83375.43,0.347,0.5,1,3.7,36973.22,9.45,3.2,1
56962.79,0.287,0.538,0,4.7,7077.13,9.28,1.9,1
126999.5,0.27,0.352,0,10.5,20520.41,6.51,3.0,0
99863.9,0.412,0.48,0,5.0,8755.03,10.98,4.3,0
73168.21,0.28,0.303,0,11.4,31251.19,11.15,8.6,0
74331.46,0.252,0.793,1,10.5,19654.87,10.07,25.8,0
110345.92,0.277,0.517,0,17.9,14119.32,9.3,17.0,0
95727.97,0.15,0.488,0,6.0,19413.85,9.42,10.5,0
57128.86,0.167,0.244,2,17.7,15591.85,9.58,5.8,0
117351.17,0.477,0.407,0,6.2,9030.52,9.17,19.3,0
91659.13,0.036,0.334,0,15.8,23570.12,5.73,5.3,0
159552.76,0.37,0.239,0,17.3,38476.56,5.99,6.8,0
105535.01,0.126,0.258,0,23.8,40456.91,8.57,0.9,0
42298.0,0.167,0.376,0,9.7,8606.47,9.67,3.5,0
241787.74,0.197,0.759,1,9.3,30208.98,9.25,6.6,0
28661.58,0.065,0.059,1,22.9,7133.0,7.04,7.6,0
85785.84,0.224,0.363,0,2.0,13070.92,8.3,4.8,0
49239.48,0.367,0.377,1,4.5,4201.95,9.33,12.0,0
226937.83,0.116,0.01,0,9.3,44568.41,3.5,6.7,0
72300.95,0.314,0.392,0,10.5,22527.88,10.3,4.1,0
62481.69,0.083,0.042,0,7.0,12951.43,4.87,10.3,0
69604.64,0.343,0.315,1,14.2,29297.83,8.78,10.3,0
38882.78,0.402,0.756,1,18.7,7212.32,8.78,0.6,0
43849.1,0.254,0.627,1,6.7,16823.56,10.8,8.8,0
70545.78,0.178,0.336,0,3.9,22748.92,4.89,6.9,0
49981.63,0.304,0.546,1,12.1,6351.07,9.79,5.0,0
76885.61,0.158,0.342,0,20.7,12986.64,5.82,2.9,0
61700.93,0.26,0.993,1,4.0,23812.01,11.74,3.8,1
45610.58,0.137,0.479,1,6.4,16211.7,10.13,3.2,0
33110.16,0.456,0.197,0,7.4,7430.71,6.49,2.7,0
61619.03,0.288,0.598,1,11.7,22317.55,10.73,3.9,0
93204.48,0.165,0.201,0,9.5,13632.34,6.55,11.5,0
86009.65,0.196,0.714,0,12.8,29006.56,9.85,1.3,0
112214.73,0.102,0.2,0,11.5,25395.16,9.46,3.9,0
148681.88,0.218,0.593,0,3.6,22890.76,10.99,14.9,0
143113.18,0.052,0.148,0,9.6,48194.94,6.93,3.2,0
250000.0,0.414,0.159,1,21.8,80000.0,6.44,12.0,0
250000.0,0.204,0.378,0,8.4,48191.53,8.04,6.3,1
29476.79,0.25,0.653,0,4.5,9421.32,7.73,3.3,1
24926.66,0.117,0.397,1,7.0,7758.12,7.21,4.9,0
76382.97,0.13,0.402,0,7.9,25281.01,7.24,3.8,0
89733.51,0.168,0.602,0,7.5,20535.35,9.73,2.9,0
62483.64,0.537,0.482,2,1.7,7852.74,9.29,4.4,1
81447.59,0.297,0.797,1,12.1,24228.29,12.2,5.5,0
90905.0,0.03,0.163,0,7.4,14983.33,5.64,11.4,0
55672.88,0.286,0.019,0,7.1,19115.85,6.16,3.7,0
51083.66,0.396,0.658,1,20.6,14343.58,12.02,0.9,1
62755.42,0.309,0.762,1,10.7,28504.83,9.51,5.8,0
95569.47,0.194,0.383,0,8.0,33408.52,7.49,9.0,0
51576.48,0.135,0.4,0,9.4,23435.81,7.32,3.3,0
62151.91,0.327,0.141,0,3.2,15121.42,5.82,7.6,0
97271.72,0.308,0.263,1,16.2,21368.67,7.48,0.7,0
64287.53,0.109,0.166,0,13.1,27877.64,5.22,8.2,0
96711.28,0.18,0.581,0,2.1,17514.46,9.62,1.4,0
49169.13,0.259,0.172,0,2.6,21483.82,6.47,9.6,0
39809.36,0.189,0.099,0,14.5,5654.18,3.5,6.7,1
76431.5,0.301,0.525,1,4.3,8492.67,9.18,5.8,0
64322.53,0.394,0.687,1,16.0,15440.91,9.22,2.8,0
47104.87,0.351,0.301,0,6.8,10219.24,6.03,17.2,0
111165.98,0.295,0.427,0,7.6,29604.6,8.66,2.8,0
140662.12,0.465,0.263,1,9.0,27852.77,8.37,1.3,0
50822.46,0.276,0.346,0,16.4,19083.54,7.67,5.9,0
143613.7,0.289,0.431,1,11.6,47920.06,9.16,10.4,0
22845.01,0.227,0.477,0,20.9,3906.49,9.33,5.4,0
118744.4,0.134,0.262,0,14.6,24475.35,8.86,9.0,0
39295.23,0.338,0.439,0,12.3,11198.83,8.88,1.6,0
104696.01,0.444,0.35,0,19.3,33236.23,5.08,1.5,0
41282.92,0.289,0.163,1,10.6,5645.9,6.53,2.1,0
78780.81,0.322,0.096,0,9.3,10042.49,7.96,5.0,0
53809.53,0.264,0.4,1,11.7,17473.33,7.96,13.9,0
43549.29,0.446,0.423,2,11.1,13581.71,7.56,4.8,0
168396.84,0.43,0.197,0,10.2,56046.59,7.61,4.4,0
73087.77,0.179,0.038,0,14.3,30762.39,3.97,1.9,0
148930.03,0.386,0.414,1,5.2,34077.34,7.37,1.6,0
54013.19,0.418,0.688,0,19.0,24626.54,10.47,9.1,1
126855.67,0.247,0.786,0,32.2,16329.19,8.13,5.5,0
31857.18,0.376,0.183,0,6.3,11717.27,9.46,4.1,0
62362.93,0.305,0.152,0,8.3,17219.24,5.91,8.1,0
54017.54,0.2,0.173,1,6.9,21448.41,10.26,0.5,0
177477.62,0.132,0.331,0,3.5,24064.0,6.68,10.2,0
75376.5,0.247,0.197,0,16.5,27611.23,8.44,1.8,0
23804.21,0.207,0.249,0,14.1,10819.39,6.44,8.4,0
26965.85,0.39,0.539,1,1.6,10942.64,13.17,4.4,1
41250.78,0.15,0.393,0,10.8,11370.01,8.06,5.8,0
154674.08,0.106,0.01,0,10.4,21857.05,6.0,10.7,0
101590.39,0.13,0.502,0,11.0,25315.16,11.25,6.7,0
37977.55,0.27,0.515,2,8.8,18215.37,5.58,10.8,0
45495.09,0.352,0.204,1,11.0,19374.91,9.19,6.1,0
109192.93,0.077,0.235,0,11.3,22822.54,6.09,5.2,0
35972.67,0.521,0.775,0,8.2,9902.63,12.85,4.8,1
95384.01,0.263,0.362,1,10.1,27707.06,6.53,3.1,0
100980.31,0.285,0.234,0,10.1,42444.26,7.71,15.9,0
63019.47,0.323,0.527,2,21.5,8902.43,13.15,6.2,1
81105.35,0.294,0.135,1,3.5,11972.67,7.54,8.6,0
96356.79,0.036,0.075,0,11.8,35837.22,4.04,5.6,0
103765.6,0.174,0.01,0,3.2,28858.22,6.38,13.0,0
35783.43,0.336,0.65,0,16.8,15112.47,10.65,6.2,0
97492.59,0.288,0.154,0,12.7,43365.26,3.5,2.0,0
104491.58,0.442,0.377,0,10.0,35719.82,10.89,1.4,0
96342.67,0.211,0.312,0,19.1,7036.3,4.67,4.4,0
80950.12,0.4,0.568,0,5.1,12673.72,9.26,6.6,0
77956.26,0.163,0.331,0,7.5,28506.87,7.28,5.1,0
80198.9,0.35,0.654,2,6.4,35275.21,13.11,3.3,1
92328.02,0.205,0.316,0,11.5,11600.61,9.37,7.9,0
46679.48,0.273,0.596,0,9.6,15159.47,9.51,4.3,0
94295.37,0.325,0.293,1,12.7,36400.04,6.27,3.2,1
23779.89,0.422,0.292,0,8.1,3915.5,8.24,2.9,0
74057.0,0.319,0.236,0,14.0,6865.64,5.47,1.6,0
51677.55,0.236,0.733,0,4.1,6695.06,8.3,3.0,0
54685.66,0.172,0.372,0,20.5,18196.62,5.03,3.9,0
87032.89,0.095,0.216,0,4.4,15289.58,5.02,5.8,0
52324.86,0.298,0.332,0,11.9,16407.22,7.1,6.5,0
105559.22,0.263,0.076,1,4.6,28917.63,7.28,1.7,0
85743.79,0.054,0.081,0,2.6,17370.42,5.4,7.4,0
47414.44,0.404,0.31,2,14.8,20578.66,12.01,4.9,0
154708.45,0.311,0.227,1,2.9,32637.55,7.52,3.6,0
71284.2,0.319,0.367,0,9.3,16142.79,8.77,4.8,0
113361.72,0.216,0.08,0,2.0,11897.79,3.73,4.8,0
128002.4,0.358,0.177,2,4.1,48366.26,10.54,11.4,0
143995.58,0.14,0.073,1,23.6,31488.69,5.12,9.0,0
71718.32,0.471,0.41,2,9.3,33989.18,8.43,3.5,0
55837.0,0.166,0.19,1,5.6,13983.8,3.5,4.8,0
28093.12,0.236,0.535,2,7.2,5459.88,10.51,3.2,0
84742.96,0.209,0.436,0,10.3,25498.85,9.5,11.8,0
113968.86,0.125,0.282,2,4.2,37232.84,9.18,11.1,0
94306.75,0.107,0.369,0,4.0,23907.45,8.07,10.5,0
18000.0,0.272,0.379,0,5.5,5709.48,9.07,11.1,0
107670.35,0.153,0.323,0,7.5,42995.63,6.79,5.0,0
119434.08,0.346,0.49,0,2.4,13470.22,11.75,15.6,0
71478.84,0.051,0.208,0,10.6,15872.48,6.32,7.7,0
137014.13,0.193,0.01,0,10.9,59778.57,3.5,9.0,0
133658.87,0.166,0.239,0,10.0,28154.76,7.82,11.2,0
57944.17,0.278,0.516,0,10.1,10092.06,8.56,1.4,0
113220.04,0.381,0.194,1,19.1,25045.17,5.05,6.9,0
47792.97,0.199,0.105,0,4.8,12719.62,5.32,6.0,0
82346.0,0.297,0.157,0,8.4,19576.33,6.59,11.4,0
47351.7,0.409,0.429,2,3.0,13983.58,10.29,14.1,1
50660.01,0.369,0.408,1,12.0,13453.86,8.93,3.4,0
74735.96,0.348,0.423,2,6.1,18447.75,8.98,8.4,0
115089.95,0.405,0.72,2,1.4,42124.02,12.03,4.2,1
111321.19,0.308,0.716,0,19.8,19464.53,12.04,4.2,0
122785.24,0.212,0.583,0,4.6,18896.83,11.69,10.3,0
31262.97,0.218,0.294,0,6.6,11758.43,4.83,2.9,0
46393.85,0.03,0.14,0,14.4,12323.9,3.5,12.9,0
49792.18,0.546,0.61,0,8.8,16461.26,11.02,3.9,0
86336.71,0.168,0.337,0,4.7,37830.77,7.42,7.9,0
63312.57,0.233,0.483,0,10.3,14442.32,8.25,11.2,0
200448.82,0.332,0.326,0,13.9,80000.0,5.79,5.9,0
90902.39,0.191,0.127,0,10.1,18222.58,6.0,6.4,0
71054.76,0.255,0.259,0,14.6,34846.96,4.6,4.2,0
74151.11,0.364,0.53,2,9.0,10519.2,13.25,1.7,1
75339.73,0.163,0.264,0,8.8,35150.04,9.43,2.8,1
250000.0,0.086,0.3,0,11.6,22117.77,7.68,6.3,0
61932.0,0.284,0.171,0,21.1,25753.01,7.71,4.6,0
52860.2,0.326,0.496,0,9.6,14403.9,10.04,3.9,1
45493.52,0.405,0.345,0,5.9,21130.18,3.5,1.0,0
159778.91,0.347,0.376,0,12.8,12331.03,6.4,5.3,0
96456.19,0.343,0.707,0,14.8,31385.48,14.02,9.0,0
49160.33,0.258,0.731,0,2.4,6123.68,12.31,9.8,0
42655.39,0.434,0.69,0,14.9,19128.1,9.81,6.2,0
139050.21,0.328,0.377,0,9.5,14131.35,8.63,8.7,0
96484.01,0.109,0.469,0,12.7,15021.31,6.79,10.7,0
120298.37,0.225,0.336,2,18.1,25008.22,9.09,3.7,0
65932.65,0.192,0.663,0,3.1,9631.1,11.28,6.3,1
75407.55,0.324,0.561,0,7.4,10903.58,10.15,8.2,0
69214.12,0.511,0.379,0,9.8,18017.81,9.81,3.1,0
63270.31,0.246,0.395,0,8.1,26068.08,6.82,7.0,0
79821.59,0.186,0.537,0,17.1,17134.35,7.58,3.4,0
43463.81,0.152,0.39,0,3.5,15546.05,11.09,1.8,0
102072.31,0.141,0.656,1,16.3,16745.9,10.55,6.8,0
86839.95,0.322,0.212,0,13.1,21259.56,8.51,6.0,0
103396.96,0.398,0.614,0,2.8,12350.4,11.11,4.8,0
78537.78,0.506,0.94,0,4.6,34812.33,13.76,1.6,1
60011.06,0.346,0.562,1,10.6,14822.02,12.61,1.1,1
138527.61,0.34,0.124,0,5.3,40631.67,4.51,5.6,0
86130.11,0.194,0.253,1,4.2,14807.41,8.02,4.9,0
122836.42,0.207,0.9,0,14.2,40139.21,9.96,8.7,0
134993.84,0.325,0.63,0,7.1,16195.85,11.49,1.8,0
50518.89,0.508,0.584,2,1.1,15809.07,14.91,2.9,1
80419.84,0.515,0.616,0,3.7,35510.79,12.56,0.7,0
103543.67,0.362,0.445,0,1.5,46656.4,9.19,6.6,0
44789.39,0.086,0.312,1,4.0,19297.97,8.88,4.4,0
35377.52,0.197,0.229,1,4.0,16433.5,6.67,4.9,0
29901.54,0.304,0.368,2,7.1,10324.99,7.91,8.6,0
65086.27,0.433,0.342,1,8.1,11606.77,7.63,1.6,0
47004.77,0.319,0.894,1,13.1,20267.12,9.5,3.4,1
46786.2,0.215,0.01,0,17.6,2673.58,4.34,2.5,0
73705.11,0.481,0.253,0,9.9,34513.6,9.32,10.4,0
65367.54,0.418,0.518,0,5.0,25348.33,6.87,4.2,0
134733.95,0.306,0.412,0,8.7,35823.03,6.17,11.8,0
122036.47,0.426,0.806,1,9.1,64371.09,13.1,6.2,1
85558.02,0.232,0.523,0,6.5,27521.16,8.66,9.8,0
51954.17,0.293,0.054,0,16.6,4268.52,6.1,3.6,0
92368.08,0.208,0.523,1,15.4,31456.3,8.67,12.7,0
94106.14,0.204,0.745,0,11.7,27864.04,9.14,3.7,1
68431.04,0.405,0.051,1,7.4,5569.22,8.66,1.2,0
38421.64,0.18,0.4,1,4.2,10988.64,9.26,1.2,0
60178.39,0.088,0.567,1,8.1,20616.14,10.23,3.7,0
71292.28,0.271,0.365,0,12.8,27950.43,6.39,4.8,0
81121.65,0.254,0.787,0,18.1,14160.25,8.41,6.1,0
70130.6,0.314,0.282,1,3.8,10000.69,10.08,7.5,0
150365.02,0.49,0.792,0,17.0,26371.23,10.99,5.2,1
101089.75,0.231,0.448,0,19.6,24932.67,10.48,1.0,0
86616.01,0.363,0.517,0,11.6,15798.68,10.33,5.2,1
66765.14,0.192,0.136,0,11.6,22923.79,6.56,11.3,0
48457.6,0.273,0.17,0,6.8,15302.54,8.15,8.3,0
61133.84,0.213,0.379,0,7.0,15566.3,5.06,11.6,0
53649.59,0.341,0.145,1,17.3,23975.91,8.79,14.7,0
23472.46,0.107,0.174,0,5.3,10110.12,7.58,1.2,0
53815.27,0.272,0.084,0,9.2,10781.82,4.25,2.6,0
141664.84,0.131,0.219,0,6.4,27465.27,3.5,10.2,0
78171.14,0.286,0.551,0,9.0,26897.73,10.28,6.7,0
43234.96,0.322,0.416,1,13.3,15446.06,8.56,2.8,0
91625.73,0.481,0.393,0,2.8,30760.1,8.97,10.1,0
25393.61,0.391,0.513,0,8.6,3521.5,11.45,3.2,0
74060.37,0.175,0.399,0,15.0,19392.57,4.48,3.2,0
130754.04,0.341,0.01,0,4.3,59519.83,8.04,14.8,0
56955.98,0.404,0.92,0,15.6,24156.51,10.78,5.6,0
25659.56,0.292,0.401,0,2.9,11383.94,9.62,7.8,0
52901.44,0.385,0.439,0,5.8,21592.22,9.2,5.5,0
130902.9,0.204,0.452,0,8.6,19365.91,7.87,6.3,0
81520.52,0.336,0.084,1,13.7,32442.9,8.6,2.5,0
42843.74,0.193,0.047,0,17.2,4066.27,5.41,3.5,0
241028.83,0.471,0.501,0,6.5,36829.32,10.22,18.1,0
41149.05,0.218,0.616,0,15.5,10372.07,9.45,11.9,0
72438.61,0.41,0.01,0,16.0,16226.81,7.1,15.8,0
38519.88,0.201,0.915,1,2.2,16260.83,14.97,14.3,1
34150.13,0.333,0.491,0,10.4,10563.93,8.95,1.8,0
63292.39,0.084,0.155,0,11.4,4414.66,7.99,1.9,0
88191.37,0.398,0.143,2,22.5,35818.49,5.56,1.4,1
149070.68,0.347,0.01,0,7.3,35716.17,5.23,2.9,0
59319.29,0.322,0.317,0,7.8,8563.15,7.72,6.8,0
46762.96,0.198,0.03,0,4.7,4598.03,6.22,4.1,0
77707.46,0.186,0.686,0,9.7,37724.92,8.65,18.1,0
96731.23,0.437,0.312,1,18.7,20691.22,6.38,3.7,0
64911.36,0.222,0.431,2,6.5,19844.77,8.11,6.2,0
80735.48,0.248,0.453,1,15.3,29671.37,7.5,3.7,0
71479.62,0.357,0.104,0,8.7,30070.27,6.65,3.1,0
87108.02,0.168,0.475,1,8.9,9452.85,10.8,3.0,0
59847.67,0.197,0.545,0,2.6,12646.13,9.6,1.7,0
98493.42,0.345,0.241,0,1.8,24946.4,6.64,15.6,0
189698.67,0.301,0.169,0,15.8,52897.61,5.56,3.5,0
51807.15,0.329,0.652,3,12.1,18775.33,13.58,8.6,1
53924.61,0.509,0.29,1,4.2,10831.2,9.27,6.8,0
80763.54,0.266,0.171,0,3.1,24819.68,5.15,14.8,0
52174.28,0.298,0.698,0,9.7,4515.33,9.14,0.3,1
91062.48,0.233,0.425,1,8.4,42854.89,13.26,10.3,0
96096.75,0.242,0.337,0,9.3,39562.71,6.18,13.4,0
46112.12,0.319,0.613,0,11.3,7883.85,7.81,1.9,0
98952.87,0.257,0.405,1,5.2,11644.02,7.73,2.3,0
65863.83,0.369,0.416,0,26.3,24819.12,9.19,9.0,0
38243.28,0.473,0.669,2,4.2,10824.82,13.29,4.3,1
61106.92,0.283,0.926,0,8.5,26618.81,11.46,1.5,1
74136.74,0.342,0.174,0,12.2,6888.96,5.39,0.6,0
109792.79,0.35,0.697,1,3.2,39350.51,9.61,9.2,1
79619.19,0.435,0.85,0,2.8,28079.22,13.73,1.9,1
55272.25,0.234,0.406,0,1.1,21461.25,6.14,1.7,0
57069.1,0.134,0.581,0,2.6,21137.28,7.27,1.9,0
68000.49,0.239,0.482,1,20.8,29044.67,8.79,10.3,0
78463.62,0.368,0.334,0,5.7,12073.14,11.02,3.6,0
80949.03,0.449,0.407,0,6.1,37110.99,10.33,1.7,0
97635.54,0.081,0.431,0,8.5,27429.56,8.34,5.0,0
83324.24,0.292,0.045,0,13.0,16607.3,4.15,11.4,0
126464.58,0.117,0.06,0,10.5,24708.62,7.66,5.7,0
57408.99,0.425,0.551,0,7.7,26159.71,11.13,5.6,0
247802.78,0.208,0.41,1,4.1,64108.55,8.73,2.4,0
88608.5,0.419,0.556,1,3.2,24556.64,11.88,6.9,0
40664.01,0.217,0.414,2,24.8,10336.98,6.88,13.8,0
72023.66,0.5,0.776,0,24.3,34209.07,8.07,7.0,0
119855.2,0.254,0.546,0,2.6,48351.22,11.06,2.6,1
61909.48,0.234,0.715,1,9.5,7833.07,10.9,3.3,0
30201.07,0.13,0.966,0,3.0,14634.56,13.31,0.6,1
37545.92,0.287,0.386,0,4.4,10066.82,9.35,5.5,0
99051.92,0.373,0.17,1,6.8,22169.18,7.03,5.0,0
28543.4,0.215,0.406,0,7.1,4239.99,8.2,1.5,0
23855.31,0.481,0.729,3,14.3,4619.55,13.36,8.0,1
88235.03,0.234,0.49,0,9.9,17790.71,9.64,2.7,0
68278.44,0.157,0.188,0,13.7,8683.32,3.5,3.4,0
50065.65,0.137,0.453,0,2.3,10349.51,11.37,0.8,0
52841.03,0.244,0.343,1,7.8,14257.05,7.7,2.4,0
34387.87,0.245,0.619,0,13.7,7581.37,11.29,4.6,1
86233.79,0.428,0.15,0,5.6,33002.37,5.28,1.0,0
58167.01,0.101,0.01,0,2.7,7327.68,5.73,3.2,0
61336.04,0.356,0.359,1,6.6,8229.84,8.83,9.6,0
82257.8,0.108,0.522,1,18.0,22657.79,9.31,3.7,0
61729.96,0.134,0.103,0,8.5,25685.23,6.06,12.7,0
53083.41,0.203,0.027,1,8.5,13185.32,4.68,2.1,0
26920.81,0.102,0.395,0,7.8,11209.7,7.34,2.2,0
80327.32,0.183,0.285,0,8.6,22182.4,5.28,2.7,0
61259.45,0.383,0.271,1,24.2,21920.78,4.62,4.4,0
53894.89,0.199,0.529,0,2.8,16019.93,9.65,12.8,0
38772.05,0.391,0.33,0,9.1,18924.15,7.61,3.2,0
74611.13,0.244,0.768,1,16.8,19114.03,8.61,0.9,0
78147.56,0.336,0.71,0,10.3,28867.14,9.75,5.0,0
67108.8,0.222,0.62,0,10.8,25535.22,8.68,6.9,0
129962.82,0.385,0.702,0,2.3,57019.32,12.62,15.7,0
85084.58,0.314,0.557,0,20.2,31358.81,8.28,6.6,0
58780.73,0.337,0.712,0,5.0,27712.06,10.4,7.5,0
98457.83,0.138,0.261,3,7.0,40787.84,8.05,2.6,0
66931.88,0.317,0.767,1,8.0,28862.9,9.89,5.9,1
58617.82,0.237,0.6,1,14.0,28831.94,10.58,7.7,0
140624.65,0.325,0.256,0,9.3,26840.29,7.4,1.7,0
48861.28,0.274,0.127,0,2.8,14846.58,7.53,6.3,0
66797.61,0.323,0.538,2,11.6,7934.71,8.94,4.4,1
112631.76,0.247,0.631,1,11.9,37207.1,9.78,7.1,0
89988.35,0.318,0.411,0,11.4,11403.47,5.96,8.5,0
57646.2,0.302,0.603,0,4.9,16540.53,9.05,9.6,0
30434.93,0.454,0.217,0,7.9,5261.04,7.27,7.1,0
32595.88,0.295,0.458,0,23.2,12791.09,7.53,7.4,0
190796.94,0.299,0.165,0,2.1,22432.17,7.79,9.5,0
80863.64,0.281,0.621,0,13.8,21644.64,10.25,9.3,0
52709.7,0.362,0.643,1,12.4,20424.26,11.88,8.8,0
64116.44,0.306,0.541,0,8.2,17972.56,12.76,2.9,0
52412.85,0.095,0.255,0,8.3,12248.92,3.5,1.9,0
66186.12,0.391,0.182,0,9.7,25941.47,8.0,8.3,0
65746.58,0.167,0.247,0,3.8,14698.44,6.0,7.8,0
37266.06,0.188,0.166,0,10.3,12606.19,6.63,5.5,0
26375.03,0.263,0.422,0,5.1,3707.45,7.51,4.9,1
34268.57,0.272,0.273,0,2.8,14948.42,8.95,6.0,0
92990.51,0.325,0.564,0,11.8,35867.69,8.94,4.2,0
36896.09,0.451,0.787,0,7.7,18145.67,14.1,5.5,1
86816.69,0.241,0.636,1,15.1,36452.21,10.58,4.7,0
114205.17,0.368,0.227,0,9.0,48235.97,8.03,3.3,0
58164.52,0.166,0.354,1,19.6,19458.46,4.04,2.9,0
59107.43,0.165,0.306,0,21.6,20196.27,4.84,5.2,0
82622.49,0.408,0.473,0,10.2,27013.08,10.87,8.2,0
73268.42,0.321,0.449,1,19.5,17755.59,10.02,11.4,0
130059.82,0.16,0.428,0,0.8,35686.03,7.61,2.3,0
148339.12,0.267,0.407,2,7.4,66349.46,9.4,2.0,0
94743.31,0.32,0.855,1,12.9,31704.6,10.08,2.4,0
23972.32,0.323,0.141,1,10.1,5159.44,7.16,3.4,1
62314.35,0.173,0.878,0,4.9,16128.1,10.89,9.3,0
82359.89,0.111,0.316,0,2.5,31353.26,8.66,2.2,0
77747.22,0.308,0.54,1,13.3,29003.47,10.32,3.2,1
39359.42,0.117,0.694,0,20.4,2000.0,7.69,1.2,0
26966.61,0.257,0.398,1,3.3,9139.09,9.01,6.9,0
111712.98,0.373,0.206,1,12.6,44849.05,4.51,1.8,0
48488.45,0.207,0.467,0,15.4,19384.82,7.52,3.5,0
34491.0,0.315,0.537,0,10.5,3937.92,10.52,3.9,0
36575.17,0.46,0.435,0,13.4,13863.43,9.67,6.6,0
79804.94,0.245,0.287,0,9.6,10496.03,4.67,3.6,0
51893.04,0.119,0.136,1,8.0,11695.2,6.67,4.9,0
56793.51,0.452,0.659,1,4.8,25410.54,11.87,6.6,1
44969.63,0.259,0.187,0,10.8,12248.66,6.73,2.8,0
26001.94,0.419,0.845,1,16.7,6819.65,13.86,6.6,1
198380.81,0.374,0.042,0,17.0,37816.12,7.18,5.6,0
67114.73,0.265,0.64,0,14.7,24695.1,9.52,20.5,0
45800.96,0.517,0.415,0,6.2,6984.72,11.08,4.3,0
52692.9,0.213,0.301,1,17.2,18518.48,8.59,9.0,0
125619.38,0.314,0.642,0,2.8,60293.35,8.6,5.2,1
82605.78,0.245,0.635,0,8.0,16043.26,8.66,6.8,0
130689.38,0.239,0.416,0,22.5,24089.35,7.33,4.1,0
47077.52,0.469,0.376,0,3.6,20355.64,9.82,9.0,1
79297.65,0.285,0.277,0,13.3,28579.64,7.15,8.0,0
90918.57,0.206,0.246,0,8.1,28951.46,5.98,7.7,0
43604.64,0.272,0.476,0,11.9,10312.86,10.84,3.0,0
55573.53,0.353,0.503,1,2.0,12670.61,10.62,6.5,0
57535.08,0.125,0.27,0,9.5,18179.41,6.7,2.4,0
92612.89,0.095,0.498,0,4.7,39094.24,8.4,6.5,0
39986.18,0.087,0.149,0,8.7,10443.83,3.5,8.2,0
79585.43,0.401,0.198,2,16.5,38828.65,6.08,6.1,0
92633.2,0.39,0.417,0,8.9,24135.06,11.0,4.6,0
58255.91,0.147,0.866,1,8.5,14064.49,12.58,5.6,1
74872.03,0.27,0.273,1,14.9,33630.53,7.87,7.5,1
57884.84,0.209,0.454,1,19.4,17594.29,5.16,1.5,0
41939.78,0.448,0.571,0,6.1,11487.66,8.96,14.6,1
92683.08,0.312,0.416,0,5.5,7019.73,6.85,1.5,0
93269.33,0.28,0.485,2,22.3,23467.9,13.1,3.5,0
62325.92,0.34,0.171,0,5.9,3664.5,8.79,8.3,0
43471.01,0.506,0.776,2,13.8,21378.92,12.3,6.1,1
70409.18,0.159,0.204,0,3.5,26996.9,3.5,1.4,0
49332.42,0.301,0.141,0,7.3,21381.99,8.81,2.0,0
143018.71,0.214,0.384,0,10.0,50258.32,6.16,5.8,0
93677.81,0.301,0.45,0,10.4,17124.8,8.65,4.5,0
75487.9,0.244,0.393,0,7.1,19655.45,8.75,2.0,0
34832.13,0.209,0.324,1,4.4,8271.29,6.07,14.2,0
93874.37,0.276,0.55,1,18.6,42910.29,10.63,12.9,0
59584.85,0.116,0.598,0,4.1,6509.15,10.79,7.4,0
47339.09,0.451,0.681,1,8.3,19663.52,13.43,12.3,1
100860.76,0.194,0.046,1,10.4,25507.98,8.97,7.5,0
47123.66,0.558,0.89,3,12.9,24998.21,12.3,0.0,1
19535.49,0.294,0.416,0,7.2,3145.38,8.57,3.9,0
66999.0,0.368,0.198,0,7.4,5072.94,8.0,4.6,0
57544.16,0.412,0.493,3,19.0,23029.71,9.52,2.0,0
77561.2,0.189,0.046,0,8.4,19509.36,4.21,6.8,0
72341.0,0.356,0.683,0,17.9,13861.38,10.39,12.9,0
20733.46,0.34,0.56,1,3.8,10031.59,8.67,4.4,1
18000.0,0.18,0.566,2,5.0,6821.94,11.61,4.7,1
56182.83,0.1,0.328,0,7.4,23865.35,6.5,7.0,0
82957.9,0.12,0.023,0,15.7,5817.72,5.68,3.5,0
18000.0,0.329,0.457,2,13.2,2318.28,10.51,2.9,1
42710.06,0.354,0.815,0,22.2,12933.96,6.94,5.7,0
30901.34,0.363,0.01,0,21.8,6663.8,5.76,6.7,0
67537.77,0.395,0.187,0,7.8,10551.34,7.62,11.3,0
190347.51,0.32,0.506,0,8.7,80000.0,6.95,6.3,1
57827.91,0.269,0.516,1,7.3,8714.55,12.68,3.3,1
52132.83,0.483,0.569,2,1.4,23947.14,13.05,7.3,1
85965.91,0.216,0.614,0,10.6,14893.96,10.02,5.1,0
63865.09,0.25,0.081,1,11.8,26564.96,4.6,9.3,0
75896.82,0.116,0.01,0,4.4,6431.28,5.46,12.5,0
131205.78,0.165,0.095,0,11.7,11734.2,7.94,10.7,0
78311.4,0.385,0.162,1,2.0,38317.61,10.0,7.8,0
96865.5,0.103,0.365,0,7.6,37318.27,6.48,4.5,0
65955.74,0.188,0.544,0,10.7,5148.46,8.8,8.3,0
54857.15,0.152,0.724,1,5.1,18236.17,14.09,3.9,1
126692.74,0.21,0.01,0,3.8,45773.82,4.21,18.3,0
68162.03,0.163,0.599,0,6.5,6132.73,11.44,5.3,0
124657.31,0.335,0.804,1,19.1,26417.94,11.45,3.3,1
37950.91,0.221,0.687,1,8.7,4459.49,10.68,17.1,0
114191.97,0.517,0.393,1,4.3,25716.89,9.16,5.2,0
77397.8,0.37,0.32,1,10.0,19339.8,7.96,1.9,0
42217.12,0.479,0.398,0,3.4,19665.61,8.16,7.1,0
97827.78,0.376,0.534,0,14.0,41360.5,11.28,8.1,0
59069.07,0.135,0.01,0,7.0,3499.43,4.36,8.9,0
74985.41,0.352,0.244,0,18.5,18606.85,5.5,3.8,0
50417.43,0.175,0.755,2,20.5,24002.6,13.15,6.5,0
60452.02,0.251,0.446,0,8.3,22197.67,8.7,1.8,0
149512.32,0.096,0.229,0,11.2,18291.64,4.65,10.1,0
98899.25,0.285,0.293,0,13.6,9479.79,8.54,2.8,0
32675.03,0.408,0.601,0,16.0,12597.51,10.42,6.9,0
40211.26,0.186,0.708,2,11.4,18370.87,10.77,5.0,0
97144.68,0.102,0.113,1,16.6,30418.39,5.87,1.5,0
54998.51,0.523,0.675,3,11.7,22555.58,13.04,1.7,1
49422.45,0.347,0.203,0,8.8,19894.46,7.32,3.4,0
137255.71,0.484,0.404,1,5.2,24654.19,12.17,1.6,1
94260.41,0.252,0.669,0,10.3,12479.32,9.52,1.9,1
53412.58,0.223,0.245,0,11.2,12432.92,6.82,10.2,0
54013.66,0.195,0.069,0,8.5,19674.11,6.84,2.6,0
43409.98,0.301,0.838,0,3.2,11857.82,11.3,3.3,0
49387.86,0.315,0.368,3,3.0,14890.93,8.42,7.5,1
108957.0,0.259,0.355,0,16.2,27440.22,5.03,3.6,0
99471.63,0.221,0.123,0,11.3,29802.29,3.59,13.6,0
81196.48,0.24,0.175,1,6.0,32966.1,5.34,11.7,0
76745.71,0.219,0.314,1,11.7,8996.92,5.84,10.0,1
115519.23,0.21,0.422,1,12.6,48468.47,9.37,7.1,0
66829.66,0.332,0.838,0,22.1,10189.54,7.72,13.8,0
107239.76,0.413,0.16,0,11.0,9711.93,6.15,7.2,0
125368.22,0.11,0.01,0,26.6,53240.67,5.86,13.7,0
81665.52,0.157,0.819,0,5.3,25726.01,9.9,8.5,0
53257.45,0.312,0.383,0,9.3,10545.29,10.89,4.1,0
67523.37,0.101,0.686,1,10.9,24124.93,11.93,3.2,1
54297.86,0.403,0.273,0,17.0,15956.84,5.31,2.3,0
34504.71,0.534,0.795,0,6.4,17633.61,11.32,18.5,1
26845.27,0.244,0.316,0,7.9,13663.3,7.54,1.3,1
98016.47,0.227,0.215,1,8.9,17327.37,6.67,3.9,0
80187.56,0.446,0.092,1,7.5,36685.99,7.12,1.7,0
31018.34,0.274,0.52,1,2.6,3980.89,10.87,11.4,0
50619.01,0.379,0.675,0,1.6,17826.85,11.85,13.2,0
65760.29,0.269,0.295,0,17.9,16689.81,3.9,2.6,0
73801.02,0.083,0.569,0,5.4,24931.17,9.72,5.4,0
38555.03,0.349,0.419,0,6.1,7336.82,10.7,5.1,0
32491.23,0.333,0.131,2,7.2,14414.32,7.45,6.7,0
89145.31,0.341,0.192,0,10.6,26415.12,5.47,9.7,0
33195.67,0.243,0.236,0,10.3,15514.36,7.06,10.4,0
48767.11,0.351,0.713,2,6.8,18350.68,14.76,2.4,1
47916.86,0.529,0.312,1,14.8,12174.0,11.36,12.7,1
59379.29,0.133,0.34,0,4.1,12332.63,9.77,2.2,0
58308.9,0.535,0.708,2,8.4,18813.01,13.61,3.7,1
155812.43,0.178,0.369,0,8.4,36680.3,6.79,1.2,0
24338.9,0.311,0.784,1,22.8,8252.58,11.47,2.7,0
94960.82,0.327,0.803,1,6.5,15676.59,11.71,1.7,0
18000.0,0.575,0.569,1,16.8,3295.01,11.6,7.2,0
160659.33,0.184,0.447,0,10.1,67961.88,9.42,2.2,0
28480.67,0.089,0.348,0,7.3,6533.26,6.54,4.5,0
204786.81,0.467,0.811,0,12.6,46264.15,11.51,2.1,0
52924.25,0.361,0.222,2,8.9,8888.45,8.42,7.7,1
92468.62,0.427,0.599,1,6.1,43610.48,9.76,8.5,1
127337.69,0.158,0.183,1,8.7,42063.15,4.51,6.8,0
47713.1,0.189,0.29,0,3.5,11589.68,9.5,2.4,0
47504.95,0.472,0.562,0,15.1,14967.44,9.46,4.6,0
40647.11,0.21,0.325,2,4.8,11515.26,11.36,2.2,1
115723.62,0.317,0.125,2,13.3,7637.23,8.81,8.0,0
44300.75,0.351,0.607,0,13.1,12444.46,11.98,4.5,1
37701.64,0.333,0.825,0,6.7,13856.16,13.44,4.0,1
79955.22,0.251,0.691,1,12.6,20248.07,11.81,10.5,0
42784.14,0.324,0.288,0,8.8,19705.96,8.47,4.3,0
56003.77,0.231,0.289,0,8.1,13727.88,8.06,0.5,0
72494.9,0.268,0.441,2,3.1,33877.32,11.08,6.5,1
45087.99,0.315,0.532,0,5.0,10876.01,10.1,5.8,0
53441.24,0.417,0.246,0,6.0,6620.66,8.61,2.3,0
162725.32,0.289,0.295,0,14.0,9929.41,8.92,1.5,0
72911.73,0.103,0.553,0,12.9,21222.61,9.01,8.5,0
64535.31,0.373,0.349,0,17.7,22297.19,7.27,5.2,0
60334.64,0.377,0.397,1,9.5,17417.18,9.46,12.7,0
84941.18,0.45,0.771,1,3.8,9384.05,10.76,2.4,1
39996.75,0.195,0.535,1,8.4,4804.55,10.77,7.5,0
77048.95,0.166,0.557,2,11.0,23736.62,10.42,9.5,0
85001.83,0.181,0.123,0,21.3,39225.61,6.04,5.4,0
22792.86,0.4,0.515,2,1.1,3868.74,10.43,6.4,1
167936.2,0.13,0.613,0,16.9,21719.19,8.7,11.0,0
146943.26,0.178,0.01,0,7.7,21412.72,3.5,7.5,0
42865.0,0.336,0.501,1,10.0,17922.36,8.73,2.4,1
53228.0,0.03,0.321,0,16.3,18191.68,4.72,7.7,0
86095.57,0.214,0.365,0,6.5,13098.44,7.51,2.1,0
29315.66,0.385,0.406,0,3.9,5795.82,8.45,6.5,0
172837.36,0.211,0.307,0,8.5,48484.65,8.44,14.0,0
45414.8,0.26,0.757,1,22.4,19875.0,9.99,5.7,0
116302.34,0.407,0.424,0,3.5,16963.3,10.94,8.7,0
48565.19,0.094,0.501,1,3.6,12091.46,6.0,9.5,0
61495.29,0.483,0.732,0,1.2,29856.61,12.95,10.7,0
104450.77,0.256,0.609,0,6.8,45186.75,10.92,0.7,0
62742.5,0.11,0.449,1,10.4,5736.68,10.87,6.0,0
67441.98,0.351,0.345,0,14.7,25625.69,4.95,8.9,0
127915.22,0.383,0.739,1,8.7,58339.7,9.16,0.6,1
56205.88,0.334,0.275,1,5.5,14423.94,8.9,4.7,0
42172.43,0.199,0.01,0,6.6,19027.69,4.32,6.9,0
31960.57,0.495,0.705,0,8.3,13149.68,11.44,2.8,0
74759.81,0.32,0.201,0,11.1,9125.07,7.14,1.1,0
84401.01,0.457,0.267,0,7.0,25717.72,9.41,9.8,0
138726.71,0.14,0.61,0,15.1,38855.56,10.04,9.9,0
70894.96,0.409,0.264,0,5.2,25544.71,9.93,5.5,0
32124.47,0.339,0.474,0,2.3,15490.12,10.15,4.5,1
18000.0,0.61,0.734,4,8.5,7622.26,12.41,16.4,1
250000.0,0.274,0.692,0,13.4,26785.75,12.76,15.9,0
93161.47,0.278,0.369,1,2.8,15413.39,12.46,1.9,0
64236.93,0.259,0.546,0,35.0,8395.2,7.33,2.3,0
80767.49,0.256,0.103,1,11.4,31385.71,6.79,7.0,0
36342.6,0.089,0.792,0,12.1,11199.68,11.44,2.4,0
54126.43,0.111,0.621,0,12.2,9478.51,7.67,3.5,0
125330.51,0.303,0.43,1,6.3,27636.95,11.63,8.2,0
140020.34,0.091,0.01,0,10.9,26655.7,4.59,4.7,0
41484.64,0.362,0.656,1,7.6,20360.22,9.0,3.7,0
40643.36,0.253,0.647,0,10.5,17924.43,9.99,5.7,1
56691.77,0.092,0.566,0,6.5,9195.42,8.37,1.7,1
44582.02,0.295,0.705,2,12.6,22776.86,10.78,13.1,1
203844.77,0.106,0.162,0,8.9,75219.52,4.44,5.7,0
69265.74,0.221,0.198,0,30.8,6106.66,4.46,5.0,0
39227.81,0.145,0.346,1,14.0,9896.13,10.51,3.4,0
61877.89,0.168,0.471,0,8.7,19272.64,6.31,4.3,0
82854.59,0.151,0.187,0,4.0,6705.62,5.59,13.9,0
47307.21,0.248,0.057,0,23.5,14566.11,4.31,5.6,0
94732.66,0.335,0.529,1,3.7,14222.96,10.18,10.2,1
98965.76,0.337,0.525,1,9.3,28807.97,7.85,13.4,0
71815.88,0.458,0.49,0,3.5,19550.37,9.58,13.8,0
43152.59,0.186,0.637,0,18.1,12761.66,7.85,3.6,0
55007.93,0.437,0.378,1,15.9,5760.28,11.83,5.3,0
34082.57,0.143,0.19,1,8.9,6308.33,6.08,13.0,0
48757.34,0.278,0.738,1,4.1,19606.25,11.98,7.4,0
81352.6,0.247,0.343,0,4.8,24508.32,9.27,4.3,0
47468.35,0.263,0.164,0,12.1,3459.4,6.48,1.4,0
144775.03,0.208,0.803,2,4.5,71373.16,14.06,2.7,0
111651.18,0.223,0.534,0,13.3,25540.04,9.17,9.7,0
31630.79,0.296,0.391,0,16.1,7415.91,12.13,8.4,0
28996.71,0.465,0.401,0,7.2,13614.12,10.32,5.9,1
42399.35,0.418,0.38,0,2.9,3430.57,10.64,3.7,1
138809.0,0.253,0.662,0,8.6,24036.12,10.37,4.0,0
74625.56,0.396,0.327,1,16.2,26183.26,6.51,0.1,0
140483.47,0.426,0.467,2,12.7,26712.67,13.51,3.2,0
99972.66,0.191,0.183,0,17.0,21011.07,5.8,6.1,0
58366.67,0.235,0.667,1,5.6,20133.4,11.4,4.9,0
37138.06,0.264,0.181,0,26.0,14137.28,8.39,23.6,0
79870.29,0.429,0.059,0,6.9,28749.59,10.18,6.0,0
59501.14,0.23,0.182,3,10.5,21774.63,8.44,8.3,0
61035.37,0.413,0.267,1,5.5,28385.68,10.33,7.1,1
149095.95,0.333,0.576,0,13.7,42699.45,7.62,6.0,0
58019.24,0.207,0.484,0,6.4,6832.97,9.57,6.3,0
140486.55,0.226,0.176,0,4.9,18387.63,7.11,19.1,0
36924.0,0.363,0.425,0,35.0,11236.18,8.54,1.0,0
152321.98,0.534,0.658,5,12.9,35606.67,10.14,2.5,1
63744.0,0.25,0.023,0,13.4,23150.46,6.19,3.5,0
93966.01,0.257,0.907,1,2.8,8061.95,14.1,4.0,0
130924.96,0.258,0.01,0,4.9,53551.99,5.85,1.8,0
52569.79,0.131,0.14,0,18.9,8701.55,4.85,5.6,0
116974.77,0.363,0.261,0,6.2,47374.14,7.22,1.6,0
110872.94,0.414,0.841,0,35.0,24557.56,9.34,11.8,0
40853.32,0.319,0.677,2,4.7,12017.98,11.95,7.9,1
45031.49,0.373,0.402,0,13.3,19723.42,6.97,6.2,0
63453.63,0.216,0.54,0,3.3,25059.53,11.87,5.4,1
85410.02,0.284,0.294,0,13.8,19293.32,5.78,1.5,0
98919.55,0.267,0.693,3,6.6,36800.83,11.98,1.2,1
115294.47,0.251,0.679,1,9.9,6041.72,11.68,3.3,0
51476.98,0.264,0.829,1,25.2,11284.74,7.95,2.2,0
77244.68,0.436,0.681,0,6.1,21992.63,10.04,9.1,0
23213.66,0.444,0.583,0,19.0,6373.14,9.34,4.0,0
58029.76,0.163,0.615,0,11.8,25912.19,9.96,8.8,0
76203.5,0.384,0.582,0,7.7,10592.69,8.81,3.2,0
125239.83,0.179,0.509,0,4.8,31585.65,6.69,2.1,0
74496.39,0.178,0.547,0,3.7,9933.68,10.01,5.2,0
142514.25,0.335,0.587,0,4.1,60046.56,13.21,9.4,0
142921.64,0.224,0.154,0,3.5,22557.59,7.75,2.0,0
44953.3,0.304,0.567,0,17.1,11825.99,8.64,6.2,0
64410.08,0.198,0.222,0,5.3,23642.38,6.8,2.0,1
89399.78,0.156,0.321,0,11.8,15852.88,7.03,1.8,0
59968.23,0.324,0.332,0,4.3,27374.09,7.56,4.7,0
133910.74,0.419,0.373,0,25.7,18132.21,8.59,6.1,0
46077.29,0.247,0.119,0,12.2,6746.85,6.28,4.4,0
113529.97,0.101,0.673,0,11.2,11854.5,7.63,9.0,0
90684.04,0.268,0.757,0,13.0,24666.55,10.88,10.2,0
53838.92,0.234,0.746,0,2.7,20051.02,12.42,1.7,1
54207.82,0.249,0.377,1,1.6,12666.03,9.48,3.9,0
78779.53,0.295,0.134,0,14.1,4956.01,6.13,10.6,0
98991.83,0.246,0.331,0,3.5,11888.56,6.28,20.5,0
67620.14,0.179,0.01,1,12.8,6075.63,9.14,3.8,0
47979.91,0.169,0.459,0,26.6,10178.61,6.51,1.8,0
133206.44,0.07,0.233,0,9.0,30673.43,5.75,16.3,0
71962.11,0.27,0.958,0,2.1,30791.57,11.66,6.1,0
116897.45,0.449,0.203,0,2.6,46926.68,6.96,4.3,0
105177.1,0.152,0.378,1,5.6,35646.5,6.64,8.6,0
141613.82,0.397,0.551,1,7.6,45085.35,10.97,8.8,0
109760.45,0.242,0.636,0,7.5,23278.64,8.04,12.6,0
45499.91,0.295,0.785,1,11.1,12287.11,11.43,3.3,0
90413.03,0.127,0.481,0,4.7,31756.28,9.99,1.3,0
57244.56,0.257,0.358,0,9.4,25472.14,9.24,3.5,1
77583.3,0.282,0.01,0,11.1,29242.11,4.85,7.2,0
29562.57,0.242,0.295,1,2.4,7345.38,11.28,4.0,0
55171.35,0.277,0.516,0,5.8,22492.34,11.49,3.4,0
90902.79,0.278,0.144,1,10.8,18730.27,6.27,7.1,0
67341.29,0.161,0.437,0,4.6,7602.35,11.79,2.9,0
35659.93,0.212,0.382,0,13.7,6331.21,7.63,2.7,0
41980.79,0.1,0.465,1,17.0,9820.16,9.28,1.3,0
205937.92,0.242,0.317,0,3.2,72851.87,4.84,8.0,0
95334.65,0.09,0.641,0,8.3,31356.49,8.95,5.3,0
34484.61,0.527,0.339,0,3.5,13285.45,7.45,7.2,0
73777.87,0.377,0.315,0,5.9,30616.22,8.93,7.3,0
250000.0,0.274,0.082,0,8.9,70172.65,4.59,3.6,0
116691.24,0.308,0.056,0,6.6,9862.68,5.27,18.5,0
18226.75,0.198,0.416,0,8.5,7512.35,8.13,2.2,0
250000.0,0.327,0.777,0,7.1,69664.38,8.64,1.9,0
34597.12,0.208,0.049,0,6.6,8025.73,6.32,2.0,0
45126.06,0.392,0.569,2,9.9,11640.26,9.03,3.8,1
37542.26,0.301,0.473,1,12.4,15031.01,9.06,4.8,0
44182.82,0.366,0.548,1,13.5,17763.89,9.69,9.5,0
87072.99,0.425,0.449,0,8.1,31432.9,10.73,3.3,1
22417.74,0.47,0.728,0,6.5,3881.48,11.08,4.6,1
69204.03,0.127,0.033,0,10.2,11672.08,3.5,6.7,0
123416.77,0.271,0.059,0,12.4,39735.75,3.5,19.1,0
41140.46,0.408,0.468,1,9.2,10307.79,12.0,12.0,0
45277.51,0.219,0.183,1,9.2,2263.88,7.16,3.6,0
49260.22,0.283,0.948,1,35.0,7124.98,14.1,6.0,0
56144.1,0.377,0.296,0,9.0,12292.02,8.12,12.4,0
41631.09,0.436,0.399,0,7.1,8937.8,8.04,3.2,0
45657.54,0.348,0.56,0,16.4,4517.43,12.74,2.8,0
101131.61,0.211,0.01,0,14.1,46070.79,3.86,5.1,0
108977.15,0.378,0.01,0,24.8,8615.74,4.38,5.4,0
39171.51,0.271,0.271,1,9.7,11960.25,11.34,3.5,1
43114.9,0.202,0.424,0,9.9,10530.09,8.8,9.2,1
78204.7,0.481,0.286,0,19.7,33617.63,7.92,3.5,0
50328.54,0.22,0.264,0,20.3,16692.8,7.16,4.1,0
90732.98,0.038,0.41,0,7.7,8603.35,8.92,2.0,0
138646.49,0.189,0.207,2,1.8,59054.76,11.55,7.8,1
71185.33,0.204,0.407,0,10.9,15526.47,6.7,10.9,0
42379.68,0.261,0.755,1,13.9,3412.97,11.2,13.8,1
64083.25,0.326,1.0,1,5.0,21412.63,14.73,11.7,1
63269.64,0.362,0.412,1,12.2,14262.37,10.62,14.0,0
51636.33,0.488,0.623,0,2.4,12462.41,11.13,8.9,0
93035.68,0.42,0.459,0,5.5,32957.79,7.07,5.4,0
91107.62,0.363,0.854,0,3.9,19235.68,13.74,4.3,1
69785.41,0.229,0.673,0,9.5,19129.9,9.39,5.9,0
86660.72,0.202,0.202,0,4.9,31471.11,6.67,9.5,0
145688.89,0.349,0.47,1,14.4,49342.41,9.2,13.7,0
123642.98,0.448,0.521,1,6.1,48886.34,10.81,6.9,1
90033.6,0.33,0.501,0,6.0,36640.43,6.66,13.0,0
81680.16,0.134,0.172,0,8.2,25497.78,8.62,15.3,0
43082.9,0.232,0.406,0,4.4,14688.74,6.38,16.5,0
134202.46,0.266,0.577,0,8.9,59849.52,9.92,4.0,0
59800.21,0.289,0.19,1,5.5,30211.77,8.94,12.6,0
49040.23,0.226,0.375,0,5.4,21658.33,4.58,8.5,0
57058.2,0.226,0.42,0,9.8,27663.07,8.11,5.2,0
34412.87,0.307,0.469,1,3.4,9215.72,10.23,4.8,0
93879.41,0.303,0.591,2,6.0,17481.09,10.18,1.9,1
83505.35,0.394,0.249,2,6.8,18044.57,10.23,8.6,0
93145.95,0.117,0.339,0,10.7,7222.22,6.37,4.8,0
74461.28,0.299,0.548,0,9.0,17358.08,7.33,6.1,0
57593.44,0.215,0.661,0,10.8,5223.8,10.84,1.0,0
21772.93,0.387,0.36,0,5.1,7692.08,8.45,3.5,1
33582.28,0.458,0.262,0,5.8,5484.05,6.9,10.8,0
59472.85,0.271,0.159,0,2.6,26233.35,5.34,3.3,0
45653.62,0.193,0.739,1,6.4,16947.87,9.3,9.8,0
99231.82,0.227,0.462,1,7.9,18859.58,10.57,5.5,0
101243.62,0.249,0.534,1,8.7,38889.56,10.89,16.4,1
83322.32,0.224,0.01,0,5.9,17185.14,5.61,3.6,0
122875.97,0.196,0.634,4,19.8,19723.18,12.76,5.6,1
43958.36,0.209,0.657,0,10.5,6931.99,11.39,8.2,0
46954.46,0.534,0.691,3,2.9,13256.99,13.19,10.5,1
57938.04,0.288,0.833,0,4.7,17709.01,10.78,1.7,0
122906.44,0.146,0.392,1,6.4,52885.92,11.3,12.4,0
62767.81,0.453,0.455,0,11.0,15182.87,8.84,8.5,0
90671.86,0.167,0.166,0,8.2,33503.0,6.78,10.9,0
35844.09,0.18,0.313,0,19.2,3720.37,6.82,2.6,0
41856.61,0.244,0.471,2,6.4,16635.9,10.48,3.4,1
162533.6,0.255,0.122,0,12.0,29708.19,6.92,7.7,0
25261.69,0.199,0.789,0,8.7,5124.57,8.25,4.2,0
152533.81,0.146,0.581,0,5.2,40461.48,8.08,10.1,0
85041.34,0.147,0.751,0,5.4,33646.72,10.34,10.0,0
56437.58,0.279,0.345,0,4.5,13909.37,7.29,11.1,0
42616.63,0.29,0.183,2,21.2,11116.15,6.71,4.5,0
168422.19,0.27,0.744,0,19.2,67061.27,7.34,4.6,0
107010.18,0.315,0.287,0,11.1,45704.19,7.2,2.1,0
64141.95,0.248,0.624,0,18.2,20412.87,9.68,2.3,0
82030.78,0.161,0.084,0,9.2,22400.87,5.84,1.2,0
51875.28,0.275,0.689,1,5.6,7262.57,11.61,13.4,0
89952.51,0.191,0.303,0,8.0,23269.83,7.6,11.6,0
46111.02,0.191,0.412,1,5.3,5874.17,8.95,2.1,1
59586.62,0.491,0.293,2,19.8,27092.47,9.08,4.9,1
109223.3,0.46,0.689,4,3.7,31968.01,11.81,3.8,1
71744.18,0.34,0.391,0,16.5,18460.38,10.17,6.6,0
42918.56,0.303,0.166,0,3.2,9836.45,5.53,2.4,0
38697.33,0.138,0.42,0,10.3,13795.9,7.42,21.3,0
69866.48,0.202,0.507,0,5.3,18387.26,8.84,2.4,0
44398.58,0.129,0.631,1,22.7,18638.05,9.57,10.8,0
77201.37,0.227,0.402,1,4.7,23964.17,10.53,2.5,0
26267.54,0.419,0.62,0,10.6,3585.46,12.0,4.7,1
104537.36,0.425,0.455,0,8.8,18519.72,10.53,11.1,0
34912.35,0.232,0.342,2,13.8,16294.53,5.06,5.8,0
63788.36,0.224,0.594,0,7.7,7663.17,9.51,0.4,0
57919.08,0.24,0.625,0,17.9,26834.24,8.38,5.2,0
163158.85,0.378,0.608,0,8.0,66867.71,12.01,15.8,0
50076.69,0.428,0.584,2,9.3,22967.65,12.16,2.8,1
197167.89,0.141,0.447,0,3.8,77541.66,10.35,11.7,0
84859.31,0.174,0.797,0,9.0,29748.76,11.0,4.7,0
151978.28,0.107,0.037,0,3.7,15359.27,5.94,2.1,0
46227.98,0.269,0.579,0,12.1,15559.36,11.47,3.2,0
69648.21,0.167,0.512,0,6.4,22653.65,6.93,1.2,0
136045.94,0.243,0.147,0,1.5,19279.26,7.45,5.8,0
96725.13,0.344,0.456,1,10.7,44581.32,11.44,7.1,0
84196.48,0.298,0.63,1,13.7,33120.06,9.13,10.6,0
63102.41,0.379,0.255,0,9.4,21561.18,7.23,4.9,0
55811.99,0.408,0.62,0,6.1,16550.9,10.31,8.9,1
110310.22,0.466,0.605,1,17.4,53598.23,8.82,10.3,0
125340.41,0.163,0.755,2,4.9,20476.93,10.94,6.1,1
51503.04,0.087,0.425,0,15.2,15397.93,6.11,2.8,0
44413.11,0.277,0.835,0,12.4,8617.32,10.34,4.6,1
42471.0,0.256,0.174,0,17.0,4058.73,3.5,0.5,0
100314.38,0.115,0.418,0,3.9,8672.6,8.73,16.3,0
48227.15,0.156,0.212,0,3.3,21662.19,7.32,9.0,0
76780.81,0.583,0.864,2,11.4,25743.8,12.62,4.4,1
104533.36,0.349,0.01,1,17.5,38360.27,5.67,4.9,0
48883.59,0.242,0.766,0,9.7,19959.81,8.56,2.0,0
151623.23,0.425,0.275,0,11.8,14164.42,9.08,2.3,0
25434.23,0.349,0.433,2,6.2,11389.03,11.04,5.5,1
174276.05,0.306,0.726,0,22.8,43349.82,11.53,13.9,0
89140.61,0.362,0.615,1,11.9,20374.51,9.84,6.0,0
29353.59,0.091,0.146,0,6.5,11965.9,8.27,12.5,0
138636.52,0.451,0.732,1,12.4,60981.82,12.57,10.6,1
135078.73,0.181,0.084,0,22.7,47878.84,7.43,3.7,0
59771.6,0.204,0.33,0,9.3,15553.93,8.98,8.2,0
60389.81,0.281,0.18,0,32.6,10687.36,3.57,2.2,0
30811.51,0.364,0.432,2,6.5,4401.48,10.71,12.2,0
234852.17,0.244,0.245,0,7.7,80000.0,9.82,19.8,0
55388.58,0.298,0.653,0,11.0,2769.43,8.71,3.1,0
31164.75,0.263,0.568,1,7.0,13320.59,10.25,5.6,0
95329.15,0.258,0.254,0,9.8,17064.85,6.64,4.5,0
27270.56,0.227,0.492,0,9.9,3931.35,7.73,12.3,0
47490.56,0.274,0.123,1,6.0,3807.75,6.67,11.0,0
84846.31,0.358,0.709,1,3.4,14874.17,12.56,2.3,0
75369.35,0.388,0.253,0,12.4,10356.96,6.93,4.8,0
66376.15,0.174,0.534,0,15.3,20653.39,5.45,3.6,0
79442.07,0.109,0.172,0,5.3,29482.42,6.44,8.8,0
49910.82,0.299,0.861,0,6.6,6017.17,14.16,10.3,1
68836.16,0.208,0.355,1,3.9,16284.52,8.52,8.0,0
48469.42,0.272,0.333,1,4.9,5946.06,9.58,9.7,0
41990.13,0.243,0.315,1,15.7,8914.73,6.83,10.2,0
57178.18,0.175,0.396,0,10.6,17669.9,8.41,10.6,0
47298.92,0.336,0.755,0,14.6,18956.0,11.78,4.0,1
96336.24,0.362,0.431,1,6.4,14665.45,8.91,12.6,0
86462.02,0.192,0.822,1,7.3,13952.74,10.47,3.3,1
44590.08,0.277,0.728,0,9.1,3603.26,11.48,5.9,0
40142.02,0.241,0.669,0,4.8,7685.56,11.52,6.8,0
83281.41,0.03,0.316,1,11.2,31876.63,8.31,7.1,0
226567.96,0.27,0.01,0,5.2,50364.26,8.16,5.0,0
39459.38,0.136,0.149,0,6.6,15611.9,5.7,8.3,0
64339.98,0.237,0.039,1,5.4,11780.28,7.16,1.8,1
70112.79,0.215,0.477,0,18.8,9069.64,7.64,9.8,0
54657.09,0.287,0.237,0,14.1,11279.88,5.77,1.1,0
65992.34,0.433,0.022,1,6.7,3466.62,7.55,3.4,0
122944.73,0.23,0.225,0,18.8,54752.1,5.9,6.6,0
82060.28,0.294,0.758,1,6.7,33319.81,12.0,3.8,1
114223.82,0.174,0.244,0,5.0,19534.9,8.81,3.8,0
71763.34,0.418,0.207,1,1.0,36083.39,10.33,0.7,1
90308.27,0.289,0.533,0,9.2,44019.24,5.72,4.0,0
138878.74,0.54,0.683,0,12.1,35798.9,11.31,1.6,0
96672.77,0.371,0.581,0,14.4,18920.79,10.08,12.4,0
250000.0,0.175,0.463,0,14.9,80000.0,9.24,5.1,0
122127.76,0.504,0.853,1,35.0,43732.69,10.36,13.0,0
46504.98,0.182,0.677,0,5.8,6906.27,9.93,6.1,0
118219.88,0.24,0.553,0,6.9,48521.9,8.84,14.5,0
91140.5,0.154,0.519,4,13.3,25451.91,9.6,21.0,0
204037.23,0.318,0.137,0,10.3,40025.32,5.53,2.1,0
38274.45,0.309,0.579,0,13.8,6917.22,7.02,13.6,0
75043.7,0.382,0.677,0,18.7,16983.55,8.51,9.4,0
46947.06,0.316,0.418,0,3.2,9100.35,7.4,8.5,0
116976.96,0.228,0.563,0,8.2,23007.24,8.9,3.0,0
71601.52,0.203,0.763,0,4.7,32227.17,11.36,4.9,0
78202.31,0.166,0.391,0,3.9,11257.61,6.9,11.9,0
34437.76,0.16,0.361,0,8.5,15859.13,8.95,18.7,0
153131.47,0.195,0.01,1,8.4,10908.21,3.5,9.4,0
61532.37,0.291,0.568,0,8.2,18933.09,9.84,11.5,1
71571.38,0.421,0.389,0,11.4,6085.1,7.56,7.5,0
197683.89,0.25,0.506,0,11.4,20343.65,8.87,11.5,0
48265.78,0.319,0.689,2,10.3,5287.62,11.67,7.6,1
89317.86,0.339,0.31,0,23.1,8677.81,7.16,5.2,0
79661.78,0.324,0.719,0,22.8,30659.06,11.39,17.5,0
70614.12,0.3,0.802,0,7.0,15474.8,10.58,2.7,0
148562.75,0.39,0.888,3,26.3,32503.17,11.76,0.8,1
54074.42,0.233,0.722,1,9.3,16337.09,9.4,4.3,0
48894.24,0.376,0.103,1,11.0,9404.12,6.26,5.7,0
155020.81,0.391,0.757,0,4.3,58667.02,11.77,6.3,1
51685.5,0.346,0.767,1,8.4,18602.18,10.42,2.5,0
38480.04,0.313,0.329,0,17.4,4644.42,3.5,1.8,0
42984.47,0.431,0.69,0,10.6,8406.12,11.89,5.7,1
42038.99,0.322,0.104,1,16.0,9511.83,5.34,4.0,0
27236.77,0.289,0.197,1,14.0,11931.53,6.59,2.6,0
59243.46,0.306,0.706,0,3.9,14602.1,8.44,6.2,1
60679.79,0.285,0.21,1,12.0,6776.28,6.02,12.1,0
117597.12,0.226,0.3,0,12.1,10480.97,5.75,8.3,0
150401.04,0.133,0.01,0,7.5,27464.12,4.27,5.2,0
87455.1,0.44,0.831,0,3.5,42259.72,8.52,6.4,1
39965.73,0.37,0.287,0,6.8,11872.29,8.35,1.9,0
96827.12,0.224,0.542,0,6.8,34447.99,10.65,6.7,0
134789.35,0.189,0.906,3,23.0,56678.44,12.6,2.9,1
63190.62,0.355,0.481,0,15.7,14094.45,9.0,5.2,0
79241.2,0.257,0.446,0,10.1,7291.67,8.38,13.2,0
34550.7,0.405,0.462,0,9.0,7812.64,10.45,3.9,0
95441.95,0.156,0.365,0,6.4,13953.92,4.78,1.8,0
150850.83,0.209,0.659,0,16.1,30661.08,12.28,1.3,1
91671.15,0.121,0.239,0,8.0,17810.61,6.98,0.7,0
75516.43,0.123,0.544,1,11.2,3775.82,10.5,6.0,0
67903.63,0.337,0.341,0,2.3,12925.94,6.93,8.0,0
49202.99,0.291,0.297,2,12.0,19441.14,6.52,8.0,0
60520.81,0.162,0.371,1,6.8,20400.25,7.78,3.6,0
81642.59,0.438,0.188,0,3.6,15881.47,6.48,9.7,0
75933.2,0.261,0.717,0,4.5,7710.24,9.52,1.3,0
89595.64,0.384,0.436,1,8.0,24399.09,8.97,0.6,0
85180.76,0.169,0.325,0,21.6,24242.21,6.07,9.5,0
41676.07,0.218,0.662,0,12.1,4401.94,8.68,1.8,0
49315.28,0.507,0.48,0,5.5,10236.45,11.12,3.5,0
40816.55,0.476,0.547,0,12.8,15003.53,10.69,5.9,1
81700.82,0.298,0.249,1,10.3,16310.47,8.09,3.5,0
173177.24,0.079,0.127,0,11.7,53523.57,7.92,3.1,0
151729.14,0.255,0.423,1,8.0,61940.28,8.91,9.0,1
79339.24,0.322,0.724,3,5.8,19946.35,14.66,4.7,1
69276.3,0.344,0.318,0,10.1,21692.52,8.36,9.4,0
37067.75,0.297,0.328,0,20.8,17268.61,5.71,1.7,0
66951.79,0.148,0.207,0,6.0,24432.74,6.67,3.7,0
40500.4,0.379,0.394,2,6.5,18689.63,7.78,10.7,1
157543.89,0.249,0.65,0,8.7,57185.55,10.77,7.9,1
29836.36,0.289,0.521,0,7.4,13934.92,8.64,5.0,0
67706.07,0.282,0.587,1,5.7,24480.12,12.47,12.4,0
33029.44,0.639,0.825,0,9.7,17401.36,11.26,11.3,1
60106.84,0.446,0.436,2,20.7,6073.46,8.79,6.3,0
92958.97,0.3,0.509,0,20.1,44149.46,6.63,7.7,0
112023.06,0.303,0.396,0,3.1,53022.89,9.91,1.2,0
60412.31,0.336,0.677,0,4.0,8926.38,13.04,3.1,0
99823.07,0.218,0.345,1,15.1,44560.24,8.42,12.8,0
47998.97,0.258,0.428,0,5.3,7272.91,7.73,2.2,0
90615.6,0.331,0.259,0,2.9,40024.06,6.3,2.7,0
89392.62,0.381,0.583,1,3.7,26142.02,12.18,3.6,1
95712.13,0.226,0.608,0,8.0,28049.71,7.75,1.5,0
56518.08,0.48,0.594,0,11.0,12176.66,12.74,8.3,0
58554.18,0.312,0.337,0,16.5,26907.45,8.85,1.8,0
80516.71,0.355,0.345,3,5.2,29630.26,10.36,4.8,1
43079.69,0.091,0.458,1,3.2,19147.22,9.49,9.6,0
48076.76,0.242,0.096,1,10.4,6885.42,8.55,4.4,0
99126.92,0.224,0.092,0,19.8,24979.75,3.5,10.8,0
42236.94,0.226,0.896,0,13.3,16705.79,12.12,0.3,1
53091.42,0.031,0.102,0,10.8,6031.24,3.5,8.5,0
152679.16,0.239,0.392,0,9.4,52228.4,6.95,8.9,0
25911.67,0.404,0.739,1,3.9,4547.51,13.94,12.8,0
56218.18,0.456,0.123,0,17.3,5376.09,6.95,0.0,0
60285.73,0.042,0.411,1,5.3,3218.14,7.24,10.4,0
59342.55,0.208,0.261,0,15.8,20573.58,7.82,3.4,0
43995.95,0.364,0.298,1,3.6,15225.63,8.48,6.4,0
83678.47,0.187,0.226,0,5.5,8740.22,9.01,4.0,0
53430.55,0.487,1.0,2,1.7,15897.29,12.86,5.2,1
102462.12,0.35,0.491,0,10.8,33048.58,8.26,19.2,0
55338.73,0.237,0.068,0,6.0,10351.29,7.22,3.3,0
166904.98,0.316,0.38,0,3.4,61525.77,8.69,8.4,0
30477.74,0.192,0.345,0,18.7,8999.62,3.5,2.8,1
37486.35,0.259,0.38,0,11.2,4183.64,4.09,14.4,0
209050.08,0.354,0.01,0,5.1,52625.73,6.2,5.3,0
109669.17,0.332,0.26,0,16.1,40499.89,10.75,16.1,0
92462.6,0.222,0.524,0,8.5,34350.6,8.32,3.0,0
100984.42,0.365,0.01,0,4.7,9303.07,6.45,8.9,0
85078.07,0.379,0.298,0,8.5,40497.83,10.48,6.2,0
95135.34,0.124,0.101,0,2.3,19683.07,6.28,7.7,0
70729.32,0.224,0.01,1,20.2,8855.31,3.5,7.5,0
119016.87,0.291,0.01,0,5.6,39573.68,4.96,3.4,0
100698.49,0.24,0.321,0,10.3,35255.23,7.28,2.5,0
148714.23,0.06,0.568,0,13.4,56748.67,10.57,9.3,0
124364.84,0.36,0.593,1,12.2,40704.9,13.05,7.7,0
87909.07,0.311,0.626,0,14.9,34472.75,11.79,2.8,0
32764.2,0.241,0.293,0,6.3,10659.39,10.56,2.4,0
159709.4,0.328,0.33,1,4.2,25116.5,10.63,19.2,0
41995.58,0.418,0.163,1,9.1,6237.25,7.91,4.4,0
91413.33,0.23,0.557,1,10.1,6802.45,9.24,1.2,0
60684.03,0.404,0.533,0,20.3,19667.58,10.9,9.1,0
62503.52,0.174,0.274,1,7.4,11010.27,5.35,0.8,0
95503.98,0.214,0.296,0,13.2,15616.26,8.1,7.7,0
79411.9,0.303,0.503,0,14.1,18984.65,7.43,5.6,0
101190.42,0.207,0.126,1,3.9,17203.42,7.38,4.8,0
39223.47,0.319,0.289,0,1.4,8935.38,6.12,2.4,0
58419.94,0.256,0.815,0,7.1,11643.21,15.17,4.4,0
50492.31,0.359,0.224,1,4.6,22669.33,6.19,4.3,0
60381.0,0.398,0.477,0,4.6,16683.49,8.29,3.7,0
65099.28,0.259,0.205,0,1.9,15874.75,7.96,2.5,1
189348.32,0.178,0.164,0,8.8,64460.34,7.21,15.9,0
59366.01,0.177,0.391,0,7.9,10351.19,8.31,14.4,0
27074.23,0.398,0.448,0,1.6,8095.4,8.8,6.1,1
154522.71,0.113,0.193,0,21.7,46077.44,5.37,4.1,0
109376.38,0.355,0.107,0,23.8,29941.79,3.88,2.2,0
67626.5,0.298,0.316,0,5.7,5961.63,8.4,8.7,0
50346.5,0.195,0.572,2,5.7,14228.43,10.74,26.5,0
48237.12,0.279,0.081,1,22.4,5123.58,4.7,5.8,0
115175.54,0.375,0.683,2,5.8,56728.34,12.54,3.0,1
60502.43,0.475,0.371,2,2.7,18744.81,8.98,6.9,0
23967.39,0.22,0.725,1,7.0,11850.87,10.42,4.4,0
70076.26,0.466,0.713,0,9.8,35025.4,10.18,4.3,1
90198.4,0.424,0.661,1,3.9,31686.38,11.32,0.9,1
83139.23,0.133,0.045,0,7.8,30945.98,3.5,3.7,0
66450.73,0.03,0.01,0,17.4,18814.68,4.89,2.5,0
45384.57,0.224,0.744,0,4.2,11324.56,10.02,8.7,0
40040.03,0.27,0.205,1,7.2,7656.49,5.17,2.1,0
137780.36,0.406,0.582,2,16.8,18652.65,11.09,0.2,1
62867.75,0.133,0.34,0,20.1,7421.82,3.89,7.4,0
24590.85,0.176,0.286,1,7.5,6789.36,5.15,10.3,1
76919.76,0.515,0.827,2,15.6,24437.52,12.89,6.8,1
64031.77,0.369,0.658,0,14.6,31825.69,7.55,3.8,0
63711.68,0.38,0.373,0,16.5,20739.06,8.37,12.3,0
49648.86,0.306,0.074,0,9.0,17096.4,6.58,3.7,0
31518.67,0.267,0.48,2,14.3,13851.51,8.22,6.5,1
112724.6,0.299,0.238,0,1.7,37645.66,11.16,9.9,0
84608.15,0.385,0.116,0,9.3,23630.53,7.28,6.4,0
94507.56,0.37,0.445,1,7.7,7975.59,11.1,8.7,0
84847.17,0.107,0.396,0,11.2,6705.29,6.72,4.4,0
89142.1,0.299,0.235,0,11.7,13985.73,4.42,3.1,0
66685.13,0.163,0.296,0,5.0,15816.32,9.32,5.0,0
78317.95,0.03,0.31,0,4.0,16179.74,6.76,4.2,0
122715.18,0.308,0.457,1,11.1,56563.65,7.37,2.6,1
147433.78,0.157,0.224,1,15.3,33099.68,7.07,3.4,0
31682.3,0.538,0.443,1,4.0,7895.88,11.45,4.4,0
58712.41,0.275,0.444,0,9.5,23606.68,11.62,9.8,0
97505.99,0.33,0.221,0,2.0,26805.65,5.41,3.8,1
189011.01,0.275,0.144,1,19.8,63926.67,5.64,5.3,0
163075.43,0.15,0.092,2,9.8,47375.34,9.01,6.5,0
43806.57,0.381,0.761,1,3.0,14559.78,11.31,8.0,1
111825.38,0.434,0.477,0,10.8,37538.22,13.8,5.0,0
70999.71,0.344,0.66,0,14.7,8034.14,8.98,21.7,0
94459.19,0.217,0.263,1,10.4,20439.96,4.23,3.9,0
99146.96,0.333,0.339,0,8.6,35697.35,5.4,3.7,0
32653.41,0.38,0.538,0,12.0,4529.79,12.39,2.9,0
95762.54,0.225,0.462,0,13.4,12226.86,8.81,8.8,0
147268.32,0.107,0.298,0,15.5,24158.17,8.21,4.5,0
64514.87,0.459,0.336,0,8.1,8915.01,7.95,1.0,0
53797.34,0.242,0.425,1,7.7,23489.75,7.26,2.5,1
29167.45,0.259,0.789,0,17.2,4715.73,9.46,1.8,0
88242.99,0.462,0.478,1,1.4,11995.29,6.91,2.4,0
79478.05,0.34,0.744,0,12.7,24673.03,6.85,3.9,0
49696.71,0.093,0.337,0,9.3,16671.38,8.9,6.8,0
53240.96,0.365,0.347,1,13.6,20729.25,7.43,5.3,0
68404.44,0.322,0.484,3,18.4,13824.39,8.81,3.1,1
56889.25,0.313,0.392,0,10.2,5567.56,6.68,7.6,0
57013.32,0.203,0.152,0,7.2,28568.27,8.54,3.6,0
33811.42,0.181,0.167,0,9.9,5256.1,4.51,9.6,0
142678.5,0.149,0.162,2,11.9,30153.44,8.27,3.9,0
52736.94,0.345,0.436,0,12.7,10265.31,7.28,2.2,0
34912.5,0.305,0.257,1,6.3,5060.29,10.19,1.8,0
22112.19,0.219,0.554,0,3.6,8254.74,10.6,7.6,1
106432.56,0.479,0.421,0,17.5,39647.78,6.49,4.7,0
86714.83,0.242,0.254,1,2.8,38775.97,7.33,6.5,0
116738.35,0.185,0.128,0,8.8,17873.11,4.28,15.4,0
118996.56,0.31,0.113,2,8.4,30533.03,7.44,7.6,0
103634.93,0.261,0.762,0,10.1,22946.63,10.85,6.7,0
79035.4,0.316,0.159,0,8.3,34046.94,7.29,10.4,0
57855.5,0.289,0.048,1,8.3,7338.95,7.25,3.2,0
46458.65,0.488,0.36,1,2.6,23319.99,8.9,8.7,1
87619.68,0.251,0.198,0,6.4,14156.49,5.61,3.9,0
157481.43,0.132,0.01,0,4.2,16243.32,5.34,5.7,0
61444.72,0.303,0.763,0,11.0,6474.8,9.73,13.8,0
145543.73,0.127,0.606,1,14.5,56778.64,7.85,4.4,1
83395.22,0.434,0.66,0,16.2,30554.79,12.08,8.0,0
85534.79,0.247,0.438,0,13.5,33876.33,9.55,6.8,0
150696.25,0.355,0.379,2,4.1,71057.05,10.32,13.6,0
215143.65,0.129,0.147,0,5.4,58191.55,6.81,3.5,0
161963.92,0.222,0.352,1,6.9,14185.17,7.58,1.3,0
46397.4,0.125,0.45,0,15.8,4658.99,6.92,2.0,0
220685.39,0.188,0.59,0,0.9,80000.0,9.2,6.4,0
56603.54,0.148,0.36,1,7.1,26732.72,5.74,3.6,0
53527.24,0.264,0.744,1,2.0,17849.11,11.28,10.5,1
24305.66,0.221,0.614,1,23.4,10001.81,9.65,5.7,0
83049.36,0.427,0.146,0,4.4,36044.22,8.07,2.9,0
41157.69,0.314,0.41,0,13.2,4373.4,4.8,4.5,0
84119.25,0.208,0.31,2,4.3,9816.05,10.02,0.3,0
39428.78,0.294,0.487,1,12.8,16311.63,9.46,6.4,0
166082.31,0.109,0.817,0,7.3,14430.82,7.99,9.3,0
85103.77,0.357,0.222,0,12.2,15803.1,6.54,12.3,0
180067.56,0.22,0.497,1,3.1,34425.07,8.21,2.3,0
50668.16,0.34,0.01,1,10.4,6792.73,6.35,7.3,0
169223.44,0.357,0.229,1,2.7,53893.76,4.93,13.3,0
37862.78,0.058,0.376,1,10.3,11962.94,9.27,1.7,0
65415.57,0.275,0.536,0,3.8,15944.8,8.48,6.0,0
48244.26,0.533,0.704,1,5.3,6407.78,12.4,11.5,1
50584.53,0.245,0.411,2,7.9,19962.71,7.75,21.5,1
66706.95,0.297,0.03,1,11.6,14458.96,4.92,9.4,0
32945.42,0.437,0.652,0,1.3,9166.21,9.95,4.4,0
40946.79,0.321,0.544,0,4.2,5886.58,9.96,5.5,0
53529.34,0.22,0.225,0,11.3,11662.55,8.1,6.3,0
62708.67,0.461,0.612,2,1.2,24263.41,13.32,14.7,1
139211.97,0.312,0.363,0,13.1,27170.49,8.95,6.1,0
85514.66,0.112,0.484,0,8.3,29933.16,9.04,2.1,0
115674.42,0.204,0.407,1,7.7,38266.47,8.22,2.7,0
21174.28,0.467,0.334,4,7.0,4033.48,13.06,5.9,1
52641.38,0.215,0.452,0,5.9,23719.94,7.46,3.9,1
73978.34,0.343,0.634,0,13.5,29232.58,8.55,4.4,0
66110.76,0.473,0.848,0,1.7,13246.53,13.61,8.3,1
42404.82,0.294,0.784,2,12.3,20666.34,10.57,5.2,1
124727.59,0.136,0.559,0,8.2,30309.52,7.04,7.0,0
44475.39,0.449,0.437,1,18.6,22223.48,10.15,2.5,1
59505.63,0.089,0.379,0,3.8,3751.27,9.35,7.2,0
66493.39,0.316,0.678,0,3.2,17379.84,9.49,5.1,0
66053.71,0.103,0.57,0,4.3,9091.69,8.2,8.3,0
80845.95,0.201,0.246,0,5.8,24260.56,7.53,11.8,0
54964.73,0.347,0.238,0,10.5,20109.76,6.57,13.3,0
36648.54,0.275,0.528,0,7.7,3823.43,10.09,3.9,1
58409.14,0.424,0.182,0,24.8,18575.69,5.59,3.5,0
102833.51,0.386,0.529,1,9.0,16956.46,11.35,1.9,0
87610.06,0.205,0.579,0,14.0,11967.73,12.08,1.5,0
132766.25,0.247,0.501,0,2.2,42215.07,9.98,5.0,0
88115.8,0.216,0.349,0,5.2,38334.24,5.9,12.3,0
50429.64,0.161,0.033,0,22.4,5862.54,5.5,6.0,0
32578.79,0.314,0.436,0,6.6,6060.32,7.43,7.3,1
35810.85,0.232,0.495,1,6.1,6832.12,8.61,14.8,1
56449.57,0.252,0.774,1,4.4,3828.14,9.17,9.7,0
45154.12,0.171,0.852,0,6.0,17416.11,12.09,14.4,0
107718.58,0.232,0.098,0,9.1,23900.92,5.15,1.6,0
138998.72,0.42,0.45,0,4.0,8134.05,9.34,6.3,1
242804.06,0.283,0.396,0,14.6,26591.21,8.26,4.1,0
47040.82,0.194,0.58,1,9.7,6899.39,7.41,0.6,1
106622.11,0.352,0.378,1,10.7,37814.39,7.39,2.3,0
133037.73,0.264,0.325,1,4.6,65402.46,9.23,2.7,0
80167.86,0.235,0.01,0,16.9,6371.48,5.53,9.6,0
140399.56,0.061,0.01,0,7.4,7518.45,4.43,2.2,0
109702.38,0.202,0.217,0,7.2,29281.65,6.77,1.3,0
67129.13,0.198,0.247,0,8.4,29668.53,4.25,4.2,0
53060.73,0.41,0.652,0,4.6,22223.49,9.85,11.1,0
57933.78,0.234,0.653,2,9.3,12894.62,12.05,7.6,0
20710.8,0.435,0.12,2,8.5,9682.99,8.21,7.7,0
61432.95,0.461,0.553,1,10.2,20589.7,12.57,3.7,0
51954.31,0.343,0.149,1,5.1,16424.2,8.15,5.1,0
43445.79,0.321,0.065,0,8.8,9275.2,6.21,3.7,0
82940.02,0.407,0.736,0,9.2,32992.81,14.08,2.5,0
31064.0,0.37,0.308,0,10.9,14383.36,6.99,12.7,0
100355.56,0.219,0.288,1,20.9,38035.7,7.96,2.4,0
73390.61,0.465,0.578,0,18.2,19073.39,7.14,4.7,0
60420.27,0.195,0.21,0,12.7,5139.65,6.23,5.4,0
81586.35,0.355,0.01,0,9.7,7220.05,3.56,5.6,0
27991.07,0.328,0.695,1,9.2,7502.51,9.24,2.3,0
107384.05,0.419,0.389,0,4.6,42512.28,8.28,5.8,0
81482.91,0.212,0.087,0,5.3,33318.48,6.41,6.8,0
77923.24,0.37,0.541,0,9.6,36766.8,9.32,13.2,0
85598.36,0.452,0.274,0,4.8,8836.55,9.85,6.9,0
53144.66,0.182,0.443,1,10.6,15635.62,4.96,5.8,0
32889.36,0.341,0.306,0,14.4,9471.18,8.92,6.5,0
108351.71,0.457,0.076,0,7.2,51386.67,5.0,1.8,0
92030.63,0.315,0.354,1,3.7,22084.0,6.94,4.7,1
76687.1,0.319,0.227,1,16.0,29003.2,8.44,4.5,1
61248.56,0.359,0.453,2,19.9,31403.78,9.27,9.5,1
127345.15,0.317,0.047,0,20.3,35541.5,4.49,19.5,0
107038.06,0.369,0.405,0,19.4,49154.71,9.93,2.5,0
64651.78,0.183,0.056,0,19.2,12587.7,5.67,8.5,0
35882.96,0.348,0.246,0,8.8,7110.77,8.32,18.3,0
40238.13,0.354,0.212,0,9.2,3575.03,4.77,10.8,0
46280.63,0.204,0.514,1,4.0,9400.87,9.05,2.5,1
150678.75,0.337,0.357,0,21.4,66262.07,7.94,13.5,0
42459.94,0.238,0.595,1,4.9,7573.76,8.13,1.3,0
56675.25,0.411,0.67,0,5.5,21786.02,10.92,0.3,0
54369.83,0.415,0.704,0,2.6,17687.19,9.78,2.3,1
54793.14,0.143,0.521,0,4.0,16343.45,9.27,5.5,0
55075.42,0.199,0.608,0,0.8,24673.37,10.6,6.3,1
49772.37,0.051,0.237,0,13.5,10143.03,6.36,11.0,0
141246.51,0.169,0.181,0,9.0,31856.43,5.88,19.2,0
86622.74,0.084,0.513,0,9.5,16441.44,7.05,7.3,0
250000.0,0.156,0.406,0,3.7,64284.22,9.12,22.5,0
44081.92,0.303,0.526,0,7.0,14359.29,8.42,5.6,0
188851.4,0.131,0.504,0,8.3,16858.55,10.26,7.6,0
149129.81,0.128,0.045,0,4.2,46155.41,7.6,1.3,0
77034.52,0.279,0.01,0,14.9,6709.7,3.74,14.4,0
66205.05,0.179,0.773,1,11.5,26754.25,12.31,9.3,0
36061.2,0.404,0.799,1,11.9,11293.67,13.0,6.4,1
41190.98,0.288,0.32,0,12.3,5193.26,5.76,7.0,0
65971.45,0.322,0.595,1,7.6,14603.59,8.85,0.9,0
80631.25,0.063,0.11,0,17.0,19588.41,3.5,6.5,0
40291.91,0.347,0.08,0,7.7,3699.67,4.93,3.0,0
245342.51,0.119,0.267,1,7.2,80000.0,8.7,9.6,0
60452.21,0.262,0.183,0,4.7,10147.73,9.47,5.5,0
61074.43,0.299,0.191,0,12.6,17862.99,3.5,2.7,0
43577.24,0.189,0.359,0,11.3,17827.99,8.26,6.2,0
54078.96,0.362,0.575,0,11.0,12581.98,10.9,1.1,0
64440.05,0.254,0.113,1,7.3,28759.22,8.16,0.5,0
67638.21,0.333,0.284,1,15.7,32000.97,9.81,7.7,0
71088.06,0.394,0.659,0,6.1,19430.08,9.07,9.1,0
103340.97,0.09,0.512,0,14.3,23475.79,7.78,13.6,0
54742.09,0.363,0.547,3,11.2,13773.85,12.2,7.1,0
126404.06,0.242,0.343,0,5.5,37804.29,8.64,7.8,0
70270.13,0.124,0.649,1,7.5,14113.84,10.34,7.1,0
62591.48,0.151,0.281,1,10.8,22540.52,7.09,1.8,0
76571.4,0.381,0.546,0,9.2,7821.44,9.23,5.0,0
121997.55,0.453,0.363,1,32.8,15055.11,6.78,1.0,0
86402.16,0.123,0.516,0,13.2,11053.87,8.18,9.3,0
65323.91,0.283,0.304,1,7.5,18274.65,10.78,4.0,0
80211.27,0.299,0.35,0,5.6,17230.06,9.1,10.5,0
58664.05,0.327,0.664,2,19.0,15249.73,10.26,3.6,0
62023.59,0.226,0.515,1,18.2,12024.42,9.53,2.3,0
61014.67,0.458,0.669,0,14.6,26832.5,8.67,5.0,0
59771.17,0.241,0.466,0,1.4,18467.58,6.99,3.4,0
96816.58,0.155,0.259,1,10.4,13376.55,7.3,13.7,0
116850.42,0.149,0.646,0,11.1,46343.55,11.89,7.1,0
168843.87,0.397,0.564,0,7.1,15790.03,14.89,3.6,0
36060.95,0.497,0.387,0,10.1,18577.66,9.37,7.4,1
92211.7,0.37,0.776,0,7.2,31283.73,10.15,4.4,1
32888.6,0.218,0.179,1,6.8,5234.21,6.36,5.9,0
98356.12,0.14,0.258,0,15.0,19421.06,6.37,4.1,0
41956.6,0.114,0.066,0,5.6,17191.82,5.07,6.1,0
51360.55,0.254,0.399,0,8.0,6433.56,6.68,5.4,0
94212.75,0.409,0.671,0,12.2,5852.25,7.81,5.5,0
54178.15,0.146,0.277,1,6.5,11782.29,10.37,1.3,0
40673.75,0.439,0.495,1,16.5,14753.24,12.82,4.9,0
49119.31,0.179,0.314,1,13.0,22390.26,8.26,4.8,0
88770.02,0.423,0.63,0,9.6,27668.66,11.44,7.2,0
51808.19,0.354,0.623,0,14.4,21054.09,9.79,12.4,0
72249.37,0.31,0.084,0,6.6,29830.8,7.67,5.8,1
54284.16,0.382,0.807,0,1.0,14504.54,9.97,1.9,1
111451.16,0.248,0.578,0,9.3,41273.81,10.35,8.2,0
106809.7,0.21,0.088,0,11.8,28368.5,5.77,7.6,0
26257.59,0.134,0.588,1,7.7,3691.56,8.91,9.9,0
118743.28,0.336,0.385,0,6.8,15283.2,6.84,2.4,0
48919.46,0.295,0.827,0,3.7,22427.72,10.54,6.2,1
59032.69,0.47,0.702,0,9.7,20512.02,11.05,12.6,1
44537.38,0.443,0.123,1,11.3,15456.47,7.11,2.3,0
67286.41,0.572,0.572,0,2.3,18914.8,7.87,5.2,1
211591.17,0.228,0.644,0,7.7,56481.55,9.18,3.7,0
91405.52,0.366,0.353,0,9.9,38824.02,8.27,7.5,0
65047.82,0.231,0.518,0,17.7,25656.79,8.72,7.7,0
69508.26,0.143,0.286,0,15.9,25199.56,5.4,5.8,0
38518.82,0.328,0.676,0,19.9,11038.85,12.07,2.0,0
138304.32,0.225,0.431,0,6.8,36541.89,9.1,7.5,0
71618.15,0.357,0.457,2,9.5,33370.99,12.79,5.4,1
33623.03,0.227,0.437,1,13.2,4225.1,10.35,0.5,0
39740.34,0.362,0.069,0,10.9,5313.3,7.25,8.8,0
73563.72,0.264,0.233,0,14.2,25957.15,6.18,11.1,0
148416.73,0.134,0.602,0,6.5,7420.84,10.44,15.7,0
38696.08,0.258,0.409,0,20.7,12206.94,8.44,5.5,0
115563.59,0.29,0.445,1,18.4,17213.89,9.8,1.8,0
63196.88,0.237,0.615,1,7.3,11546.31,8.01,8.3,0
31062.22,0.266,0.465,3,7.8,5980.1,13.55,4.6,0
44545.93,0.193,0.31,1,14.6,16536.92,8.69,4.3,0
138823.57,0.246,0.345,0,4.9,41110.0,10.06,15.4,0
40735.41,0.158,0.477,0,4.0,3670.02,9.47,10.5,0
51949.82,0.238,0.351,0,9.4,6517.46,8.69,11.6,0
109062.7,0.309,0.147,1,9.4,32049.12,8.42,2.1,0
85410.77,0.105,0.615,0,4.9,15117.57,11.41,7.8,0
42932.87,0.392,0.553,0,3.3,11636.63,12.03,15.3,0
102054.1,0.182,0.246,0,1.7,22715.14,9.39,8.1,0
131569.98,0.124,0.175,0,6.6,55995.27,6.37,5.9,0
65830.59,0.471,0.795,2,13.5,22094.69,10.81,11.7,0
49858.44,0.223,0.765,0,2.0,6493.36,9.36,15.6,0
71964.49,0.075,0.251,0,7.5,31122.09,5.24,5.6,0
78599.64,0.143,0.27,0,14.8,17123.67,7.82,2.0,0
34632.37,0.339,0.691,0,6.7,3995.65,8.64,5.1,0
110078.93,0.574,0.653,0,7.4,46832.32,14.42,9.7,1
162325.62,0.312,0.116,0,8.7,28564.97,9.48,4.1,0
53185.15,0.253,0.717,0,15.0,23712.63,7.46,0.4,1
78295.89,0.277,0.579,0,4.4,37202.15,10.1,6.7,0
148279.86,0.321,0.082,1,3.2,48018.03,5.9,20.6,0
218023.66,0.089,0.532,0,22.2,75843.0,6.42,1.1,0
119970.89,0.381,0.434,2,18.5,51127.61,8.21,3.1,1
24412.43,0.394,0.566,0,12.3,10257.59,7.15,3.0,0
55499.64,0.182,0.437,0,1.6,24785.36,9.66,8.9,0
68069.21,0.215,0.417,2,17.1,10494.57,8.66,2.4,1
45296.32,0.422,0.24,1,1.2,13610.56,9.72,3.7,1
143431.15,0.333,0.435,1,7.9,33127.48,10.49,2.2,0
171986.78,0.239,0.071,1,7.9,38412.26,6.67,7.3,0
34842.32,0.384,0.645,0,4.2,6408.52,7.65,9.7,0
57728.3,0.327,0.495,1,8.7,19857.28,11.54,1.7,1
50473.88,0.206,0.774,0,11.6,15801.83,11.56,2.7,0
68907.79,0.181,0.627,0,20.4,5565.03,8.83,7.8,0
58569.54,0.321,0.36,0,12.6,13852.74,8.83,6.3,0
140459.75,0.258,0.109,0,12.4,22965.69,5.83,3.7,0
39689.91,0.15,0.259,0,4.4,7511.96,9.83,8.8,0
22556.86,0.104,0.139,0,5.1,2843.63,5.65,4.9,0
29666.83,0.372,0.519,0,8.5,11524.95,8.78,4.1,1
45122.55,0.244,0.468,0,14.1,8629.92,8.24,7.4,0
51784.08,0.157,0.446,0,14.1,10730.37,7.35,9.8,0
83969.78,0.39,0.102,0,16.1,6679.19,7.3,16.3,0
41554.4,0.116,0.515,0,25.3,4147.25,8.43,1.7,0
28103.07,0.595,0.832,0,3.2,9500.9,15.39,4.5,1
34874.76,0.179,0.438,0,5.4,5697.67,6.99,14.2,0
37610.27,0.232,0.646,0,7.5,9312.09,10.23,4.2,0
52321.0,0.223,0.265,0,4.7,18571.35,6.77,3.6,0
44600.17,0.405,0.935,1,23.1,10136.98,12.34,10.0,0
79000.94,0.287,0.423,0,20.0,37195.28,6.28,8.0,0
48293.87,0.065,0.01,0,10.7,13829.7,6.74,3.8,0
57988.9,0.355,0.543,1,4.9,5326.31,9.31,14.0,1
70064.07,0.217,0.01,0,18.1,17275.63,3.62,7.6,0
83770.1,0.379,0.862,2,7.4,22586.78,14.91,8.6,1
45379.01,0.324,0.51,1,21.5,10753.75,11.26,6.3,0
111166.48,0.217,0.179,1,5.8,11894.7,8.75,4.2,0
54947.14,0.231,0.01,1,11.4,22618.98,6.57,2.9,0
60243.17,0.343,0.282,0,8.3,12260.86,7.42,3.5,0
59604.69,0.281,0.163,0,5.0,22011.74,5.12,2.9,0
41977.82,0.104,0.166,2,10.4,7954.87,9.97,3.4,0
59552.02,0.281,0.379,0,14.0,19850.08,9.04,1.5,0
149992.36,0.339,0.143,1,13.8,67501.22,10.41,12.9,0
48823.36,0.28,0.473,1,7.4,16441.28,8.65,9.4,0
70970.64,0.386,0.038,0,5.8,15068.49,9.61,14.0,0
35498.94,0.161,0.735,0,14.2,9302.42,9.33,0.4,0
36038.68,0.376,0.641,0,13.2,14996.97,10.52,4.6,0
55651.25,0.381,0.33,0,7.0,13098.65,7.95,3.4,0
57784.81,0.325,0.051,2,18.5,14928.58,8.86,18.1,1
53010.66,0.297,0.225,0,9.0,5916.7,5.94,8.3,0
62772.2,0.315,0.183,1,6.3,27070.93,7.47,7.0,0
38647.01,0.24,0.466,0,7.1,3835.81,12.24,3.0,0
42982.94,0.353,0.572,0,10.6,13586.95,9.3,8.0,0
134096.76,0.246,0.01,0,5.5,30223.57,7.48,10.2,0
38052.57,0.397,0.044,1,19.3,3728.36,7.67,0.9,0
63324.32,0.319,0.273,1,13.4,11518.34,7.28,11.9,0
76429.14,0.137,0.291,0,12.2,21520.54,7.39,3.0,0
42698.07,0.261,0.787,0,13.8,14772.95,11.68,3.7,0
66897.2,0.316,0.684,1,6.2,20126.54,9.92,2.9,1
36721.11,0.144,0.835,1,8.3,7097.58,9.69,7.0,1
94832.32,0.419,0.824,0,4.5,23843.73,10.2,5.8,0
78552.02,0.333,0.328,0,8.7,31286.12,8.24,5.4,0
91842.34,0.141,0.102,0,7.2,39817.64,8.86,1.5,0
86084.89,0.546,1.0,0,3.3,15828.58,12.97,2.1,0
73085.08,0.154,0.228,0,18.9,30068.58,5.63,7.8,0
47267.23,0.423,0.177,1,4.6,14310.55,9.65,7.0,0
123462.24,0.368,0.528,1,11.9,56684.52,11.75,7.5,1
157428.82,0.257,0.81,2,11.3,60691.18,11.43,1.1,0
52761.93,0.156,0.12,0,4.4,20001.49,5.93,6.1,1
56404.59,0.152,0.6,0,13.5,8677.82,7.84,11.8,0
144140.27,0.279,0.288,0,4.8,59351.56,7.11,3.8,0
66190.09,0.294,0.059,0,13.2,13938.81,4.67,2.7,0
99001.02,0.152,0.452,0,12.4,40458.9,8.49,0.9,0
110218.98,0.47,0.03,0,10.9,38652.08,4.79,9.8,0
48472.75,0.415,0.482,2,23.0,13508.99,8.93,4.0,0
69990.74,0.412,0.438,1,9.2,17477.62,8.4,8.6,1
71625.86,0.18,0.686,0,8.9,15657.13,9.46,0.9,1
33465.06,0.23,0.286,0,7.1,6069.98,8.68,5.5,0
41951.57,0.178,0.388,1,22.8,10714.36,6.71,11.2,0
57350.68,0.417,0.488,0,6.9,13278.94,9.48,5.9,0
110660.79,0.217,0.088,0,9.9,20413.77,6.64,7.0,0
113168.44,0.369,0.512,1,4.8,36875.34,13.0,2.8,1
108954.62,0.075,0.22,0,8.2,8529.46,5.11,3.0,0
78429.77,0.408,0.838,2,7.2,17855.48,14.13,9.5,1
79847.69,0.481,0.227,0,6.5,28412.76,7.12,6.0,0
100207.26,0.244,0.079,0,10.5,26628.01,6.8,8.0,0
107705.26,0.122,0.01,0,14.2,45945.98,3.5,15.0,0
79816.66,0.451,0.198,0,9.6,14823.09,7.34,14.8,0
39481.45,0.133,0.707,0,13.6,14940.09,8.28,7.1,0
44338.9,0.213,0.11,0,2.8,9973.23,9.73,1.4,0
36622.99,0.196,0.629,1,6.3,9348.6,9.84,5.7,0
141781.87,0.206,0.01,0,11.8,45298.37,4.61,4.2,0
188542.17,0.15,0.372,0,13.6,21737.13,4.6,4.9,0
18365.16,0.388,0.739,0,11.3,4054.0,11.44,5.1,1
136233.1,0.347,0.076,1,9.8,49881.96,5.35,12.4,0
75808.66,0.181,0.232,0,5.4,20530.4,5.96,6.1,0
128386.3,0.352,0.01,1,11.7,39667.86,3.5,14.9,0
94092.89,0.283,0.152,1,10.4,23143.9,6.71,2.1,0
164249.88,0.167,0.239,1,7.7,8591.6,5.21,6.8,0
65289.95,0.323,0.339,0,9.6,7193.43,7.4,5.8,0
40018.02,0.309,0.463,0,7.8,17393.28,7.94,9.0,0
54261.68,0.275,0.344,0,4.2,9011.95,7.46,3.9,0
92862.81,0.399,0.557,0,13.1,7771.89,8.15,4.1,0
72441.72,0.286,0.403,0,7.1,22817.61,7.84,2.3,0
99825.85,0.486,0.01,0,4.9,43471.13,3.87,12.8,0
100267.3,0.248,0.615,0,8.6,26532.98,7.47,3.1,0
52090.69,0.15,0.528,1,5.0,12087.6,7.42,9.0,0
41490.2,0.318,0.307,1,6.3,13893.95,11.85,5.2,0
49376.64,0.205,0.587,1,4.4,16251.88,12.26,1.4,0
101444.4,0.168,0.415,0,7.4,14111.46,9.69,4.2,0
22045.34,0.326,0.474,0,10.4,10147.39,10.5,5.7,0
41008.33,0.26,0.429,1,2.6,13216.17,8.42,14.7,0
21343.95,0.29,0.679,2,6.3,9555.02,10.04,7.9,0
50996.0,0.231,0.261,0,8.1,17553.11,9.53,21.0,0
102718.81,0.308,0.744,0,25.1,39042.1,11.48,13.2,0
48694.73,0.435,0.208,0,27.8,2434.74,7.39,14.1,0
85024.27,0.321,0.302,0,10.0,35417.5,7.23,4.5,0
250000.0,0.292,0.126,1,19.7,80000.0,8.42,2.2,0
177937.13,0.03,0.413,0,9.9,54514.78,7.4,1.4,0
86786.98,0.109,0.407,0,12.2,30493.73,5.98,10.2,0
102582.9,0.33,0.427,1,18.0,48172.76,9.33,3.6,0
40203.25,0.215,0.584,1,8.2,12970.61,13.0,2.4,1
30087.11,0.284,0.293,0,11.8,13362.26,6.16,3.7,0
92074.76,0.065,0.368,0,22.0,17109.64,6.18,14.4,0
115720.34,0.068,0.253,0,11.1,14954.43,5.29,14.1,0
92318.06,0.326,0.729,0,9.7,31034.44,9.51,3.3,0
44785.92,0.445,0.409,0,12.5,7623.54,10.11,4.9,0
88254.53,0.187,0.077,0,7.8,22203.61,4.25,7.1,0
73432.1,0.243,0.753,0,12.0,5988.59,9.69,1.8,0
54234.51,0.44,0.493,2,2.7,23395.25,10.94,9.6,1
61414.6,0.2,0.689,0,21.9,22572.92,13.44,4.8,0
44059.19,0.198,0.343,0,3.2,4307.63,5.17,9.6,0
65270.66,0.231,0.499,0,5.1,18091.4,9.04,3.8,0
83935.25,0.263,0.26,0,6.8,36920.23,4.69,7.1,0
54779.36,0.381,0.148,1,3.4,22151.52,8.41,12.6,0
93872.28,0.215,0.46,0,7.6,17059.33,8.01,3.0,1
116339.05,0.266,0.622,0,9.3,34507.32,10.33,8.0,0
100184.87,0.449,0.292,1,7.4,39331.84,9.46,5.5,1
40750.82,0.299,0.291,0,6.8,8788.09,7.95,5.2,0
70939.86,0.377,0.657,2,12.0,34045.39,11.02,2.5,0
51923.37,0.185,0.01,0,14.3,20591.37,5.33,4.9,0
62650.19,0.185,0.499,1,7.6,16350.79,9.76,14.1,0
51424.35,0.231,0.532,1,6.5,16639.07,14.43,9.8,1
129990.77,0.224,0.375,0,3.1,56390.11,9.69,8.7,0
103829.66,0.334,0.482,0,10.1,30994.99,11.15,7.1,0
111680.93,0.407,0.818,1,17.0,51355.67,9.27,3.3,0
158125.8,0.225,0.01,0,8.9,66062.48,6.3,4.4,0
51783.64,0.271,0.679,2,6.3,13975.55,10.91,2.7,1
61777.15,0.08,0.071,0,5.1,20625.05,7.17,3.7,0
129068.21,0.261,0.487,0,9.0,27839.23,10.47,1.4,0
67813.19,0.152,0.054,1,21.1,12206.07,5.76,10.0,0
35770.52,0.225,0.184,1,11.5,10591.67,4.56,6.2,0
81197.62,0.226,0.937,2,3.5,34396.59,13.89,3.1,1
76164.4,0.188,0.268,0,10.5,26551.12,7.95,7.1,0
114909.5,0.285,0.91,1,10.8,31407.74,10.93,5.5,1
75935.62,0.203,0.494,0,15.9,9955.07,10.47,5.3,0
63019.23,0.294,0.21,0,2.5,30339.31,8.5,19.7,0
139889.43,0.328,0.716,0,3.9,20079.24,10.34,1.9,0
28371.57,0.327,0.495,0,3.4,6788.59,9.76,5.1,0
57295.31,0.195,0.75,1,3.2,17983.0,14.7,7.0,0
51988.43,0.253,0.41,0,6.0,4081.26,10.79,13.5,0
26259.86,0.271,0.621,0,6.9,5980.25,11.64,4.6,0
101766.27,0.134,0.597,0,4.2,31649.91,10.73,2.5,0
53907.95,0.217,0.289,1,22.6,11589.28,7.5,6.4,0
93732.07,0.207,0.268,1,20.7,40872.37,8.61,9.1,0
66520.63,0.235,0.32,2,5.6,13683.78,11.08,5.8,0
106385.6,0.125,0.414,0,12.8,47540.56,7.74,5.2,0
61457.62,0.356,0.762,0,17.0,10214.01,8.61,8.6,0
59291.56,0.36,0.185,1,19.5,18169.06,6.19,14.3,0
51302.18,0.34,0.383,1,14.2,15479.99,5.73,5.7,0
100681.42,0.235,0.528,1,14.9,46546.43,7.29,6.1,0
61470.41,0.422,0.484,1,6.0,21094.03,8.93,8.8,0
60160.24,0.324,0.523,1,7.0,16488.22,7.84,17.8,0
38250.87,0.26,0.789,0,12.5,16581.4,10.81,5.0,0
69132.59,0.306,0.76,0,20.3,22444.51,12.38,10.5,0
54271.35,0.354,0.586,0,4.1,16685.05,14.13,1.8,1
55310.31,0.468,0.256,3,4.2,12398.3,9.16,7.2,1
41888.06,0.475,0.416,2,6.0,6666.56,8.38,2.2,1
63925.02,0.123,0.278,0,12.8,26199.06,7.48,2.1,0
92209.89,0.36,0.26,0,13.5,6052.48,9.77,4.8,0
102116.12,0.099,0.319,0,14.2,43554.79,7.48,11.4,0
135077.64,0.467,0.911,2,7.1,59535.26,15.38,1.7,1
82810.54,0.299,0.58,0,14.3,17835.11,10.18,4.4,0
149330.16,0.168,0.194,1,9.1,16791.84,8.46,5.6,0
45637.51,0.269,0.393,0,11.4,21418.15,7.71,5.3,0
35934.62,0.268,0.602,0,12.8,16141.21,9.1,1.5,0
58567.32,0.295,0.503,0,8.6,12683.02,6.85,6.0,0
109086.93,0.4,0.046,0,4.5,45201.26,3.5,1.7,0
99253.54,0.491,0.045,0,11.7,30356.23,7.04,4.7,0
110339.78,0.338,0.344,0,11.7,26912.07,9.36,5.9,0
20739.6,0.179,0.681,0,5.0,5388.41,9.19,3.2,0
128834.83,0.22,0.113,1,8.5,26372.33,7.2,5.7,1
79745.29,0.137,0.173,0,11.9,10146.32,8.26,6.1,0
28534.8,0.397,0.321,0,21.0,9804.83,6.81,5.6,0
73948.04,0.243,0.317,1,12.8,36400.61,6.4,3.4,0
67166.97,0.168,0.759,0,2.9,20843.86,12.39,5.8,0
71805.96,0.271,0.446,2,19.5,26824.59,11.97,2.7,0
113415.35,0.189,0.45,1,4.9,25376.67,9.82,2.2,0
93624.07,0.1,0.202,2,10.0,25392.05,7.38,2.3,0
30202.17,0.343,0.649,0,4.0,8407.31,8.59,16.3,0
61772.39,0.264,0.141,0,2.8,12691.69,4.62,3.1,0
39277.77,0.19,0.524,0,11.8,12640.11,10.51,1.8,0
97861.04,0.345,0.388,0,9.7,11413.74,7.97,5.2,0
134800.64,0.223,0.48,0,5.4,12568.2,8.34,6.0,0
40661.59,0.244,0.453,0,18.7,18719.81,6.72,3.2,0
38866.29,0.327,0.387,0,5.7,18859.8,9.26,4.7,1
41231.24,0.203,0.917,1,19.4,4031.43,12.75,1.2,1
43900.48,0.382,0.555,0,4.0,9432.06,9.06,0.9,0
79465.49,0.413,0.748,0,12.2,18791.16,11.06,2.5,1
54261.37,0.318,0.369,1,6.6,24546.9,9.56,12.3,0
108048.24,0.34,0.721,0,15.9,23211.55,9.56,3.5,0
113180.2,0.176,0.735,0,6.3,41745.44,9.51,6.8,0
115153.21,0.261,0.702,1,11.9,55308.91,9.7,6.5,0
49477.55,0.151,0.239,1,12.6,18589.3,5.84,4.0,0
144182.23,0.442,0.337,0,5.9,55032.47,8.65,7.6,0
144741.24,0.204,0.444,0,16.9,48490.99,8.24,13.6,0
134106.91,0.286,0.307,0,28.0,47999.7,6.86,4.6,0
58553.48,0.383,0.304,1,6.4,13241.81,7.54,4.9,0
52020.31,0.257,0.307,0,4.3,4182.03,13.08,7.3,1
39332.56,0.246,0.452,0,11.8,6225.42,10.22,8.2,0
41255.56,0.24,0.249,0,3.3,3923.39,7.37,8.2,0
108229.97,0.03,0.375,0,13.8,14281.97,7.34,14.4,0
110391.03,0.075,0.275,0,10.9,27382.11,7.22,3.7,0
107127.27,0.282,0.409,2,15.7,37781.06,9.93,6.3,0
70494.11,0.162,0.462,0,5.4,3524.71,7.4,3.3,1
65556.13,0.191,0.679,0,23.0,30761.19,10.41,4.6,0
50192.01,0.478,0.289,0,8.1,21851.71,11.13,5.8,0
56614.85,0.218,0.488,0,6.5,11218.24,9.89,3.5,1
96768.7,0.127,0.182,0,8.3,45410.67,6.37,7.1,1
99715.13,0.15,0.246,0,14.9,29313.21,7.27,9.3,0
56105.05,0.247,0.374,0,12.3,27349.58,7.18,2.0,0
81845.03,0.307,0.71,0,3.4,14740.3,13.33,7.5,0
90691.53,0.396,0.322,1,4.7,27331.49,8.5,2.7,0
73217.13,0.263,0.862,1,2.5,18259.44,10.96,3.9,0
40902.7,0.278,0.73,0,9.7,18098.9,10.52,8.6,0
120282.84,0.212,0.056,1,14.7,26329.55,4.13,6.3,0
85255.1,0.319,0.56,0,6.0,24756.0,10.06,5.3,0
50993.74,0.328,0.203,0,11.3,7964.95,6.31,1.4,0
84082.4,0.225,0.552,1,5.0,30751.78,10.59,15.1,0
112574.57,0.091,0.335,0,6.7,5628.73,3.83,4.8,0
115270.6,0.216,0.175,0,9.3,55136.79,5.73,3.8,0
52153.28,0.1,0.01,0,5.6,9456.5,5.85,3.1,0
99175.91,0.25,0.727,2,0.8,12186.86,12.87,11.3,1
66842.66,0.26,0.157,1,5.9,10449.12,8.87,8.5,0
61644.39,0.428,0.31,1,24.5,16581.22,5.92,9.3,1
58770.79,0.45,0.156,0,11.1,25968.7,7.53,2.1,0
56892.0,0.164,0.439,0,20.6,12354.49,4.81,7.2,0
35155.55,0.283,0.01,0,7.8,8327.88,4.83,4.8,0
80001.7,0.342,0.251,0,3.7,21685.92,6.3,5.7,0
123130.82,0.532,0.512,2,6.5,27027.21,10.53,5.8,1
27849.89,0.343,0.617,2,1.5,4308.65,12.01,4.3,1
43729.77,0.176,0.399,0,7.7,14043.17,8.29,14.5,0
104520.28,0.189,0.532,1,2.6,36454.29,11.61,11.7,1
77528.17,0.129,0.769,0,8.8,28240.32,9.76,5.1,0
73000.51,0.332,0.628,1,7.6,30564.95,8.93,8.9,0
66745.15,0.383,0.315,0,4.3,5727.89,8.39,2.5,0
36682.72,0.353,1.0,1,1.8,11939.89,16.97,0.8,1
48820.01,0.51,0.848,1,27.5,22346.85,8.43,7.1,0
28635.07,0.074,0.01,0,12.1,2013.25,6.02,2.7,0
43692.99,0.177,0.523,0,11.8,13996.17,12.08,1.3,0
119310.46,0.23,0.474,0,30.3,34436.88,5.75,6.1,0
122045.64,0.385,0.554,1,5.1,47979.86,9.87,8.8,1
134843.88,0.178,0.051,1,19.2,34219.88,6.47,3.2,0
52025.12,0.35,0.862,2,16.1,23256.61,11.2,4.8,1
27356.42,0.306,0.524,0,8.0,2000.0,12.85,5.4,0
48330.82,0.258,0.384,1,12.2,11754.92,6.03,7.4,0
116361.44,0.312,0.216,2,17.0,19190.15,8.21,10.2,0
148238.91,0.275,0.202,0,8.3,19240.73,7.82,3.6,0
128502.68,0.373,0.148,1,11.5,43528.41,6.62,2.9,0
71756.32,0.271,0.545,1,2.6,26584.43,11.4,8.8,1
35705.81,0.329,0.165,1,10.8,15708.69,8.36,7.3,0
61447.35,0.411,0.661,2,2.9,8518.97,11.9,4.6,1
64987.76,0.338,0.5,1,27.3,28572.87,6.82,7.1,0
131597.32,0.387,0.343,1,9.6,34186.03,8.07,4.5,0
60511.31,0.324,0.626,0,22.1,15441.71,10.79,2.2,0
59003.69,0.223,0.212,1,5.0,8240.27,8.9,24.0,0
69642.72,0.188,0.097,0,7.7,9485.41,6.05,2.6,0
99377.06,0.152,0.164,2,9.8,34406.03,7.42,8.7,0
101109.07,0.278,0.372,0,4.6,22208.67,8.7,3.6,0
49743.05,0.202,0.497,1,9.0,5440.67,9.71,4.1,1
39309.83,0.23,0.341,1,1.8,5928.54,8.55,3.6,0
141727.9,0.081,0.323,0,8.0,29617.95,5.77,3.0,0
35928.3,0.163,0.01,0,14.7,3700.9,8.09,2.6,0
180501.35,0.208,0.291,1,10.4,67288.93,9.27,8.2,1
35394.99,0.24,0.049,0,5.3,13367.15,6.63,4.8,0
53331.12,0.272,0.833,0,7.8,22361.51,11.0,9.4,0
137159.45,0.138,0.179,0,14.7,43782.87,5.44,5.9,0
79818.55,0.331,0.656,1,12.4,10373.28,10.56,6.1,0
38498.65,0.486,0.251,0,10.4,12118.32,10.72,9.6,0
103331.26,0.303,0.377,0,4.9,38200.68,7.12,5.0,0
66082.86,0.403,0.182,0,5.8,27508.19,7.74,2.6,0
54454.68,0.167,0.304,0,7.7,13418.54,6.28,9.7,0
55033.02,0.341,0.368,1,16.4,23910.65,6.49,2.8,0
71723.7,0.221,0.661,1,10.9,21304.52,12.69,3.5,0
47190.69,0.321,0.324,0,6.4,9495.07,7.66,4.7,0
245260.91,0.214,0.263,0,10.7,17893.68,5.16,12.4,0
68685.42,0.316,0.315,0,5.2,20752.18,8.34,3.0,0
46930.35,0.405,0.672,1,8.7,22193.15,11.42,4.2,1
45515.47,0.42,0.513,1,11.5,5788.12,8.3,2.3,0
144922.06,0.158,0.27,4,9.8,47436.98,11.22,1.3,1
26699.7,0.33,0.841,0,21.4,7154.5,13.07,30.0,0
110874.6,0.122,0.01,0,2.6,25343.69,5.19,8.4,0
48814.86,0.365,1.0,1,15.2,15516.69,14.73,4.5,1
32250.89,0.337,0.506,0,6.2,7977.48,8.35,9.5,0
39041.53,0.319,0.958,0,33.1,11993.91,9.59,10.5,0
74418.14,0.213,0.529,0,5.4,16748.67,11.95,4.9,0
44557.08,0.203,0.761,0,5.6,12518.43,11.27,7.2,0
80491.2,0.305,0.851,1,8.3,20331.05,12.87,14.5,1
147047.87,0.445,0.507,0,15.7,36129.44,7.5,5.7,0
77577.36,0.361,0.549,0,6.1,25809.95,7.7,4.5,0
29457.88,0.367,0.733,0,15.8,6943.41,12.46,5.0,0
58374.47,0.324,0.172,0,12.4,20405.75,3.5,11.5,0
64661.44,0.15,0.538,0,10.9,11115.26,9.82,2.5,0
41399.27,0.213,0.655,0,9.8,21769.12,13.19,2.3,1
80854.18,0.157,0.76,0,15.3,35847.27,9.86,4.6,0
82077.98,0.154,0.467,0,10.7,16119.13,9.22,12.2,0
179715.33,0.346,0.185,0,24.8,14071.5,6.1,3.5,0
64327.48,0.403,0.522,0,2.5,8428.83,13.0,11.5,0
44002.95,0.274,0.738,0,17.5,17029.71,13.16,2.7,0
121879.44,0.311,0.184,0,3.7,17898.86,5.33,9.3,0
108846.74,0.329,0.464,1,10.3,47494.79,10.52,2.0,0
85019.66,0.313,0.01,1,10.8,30722.0,4.42,3.4,0
53253.34,0.437,0.383,0,13.3,8255.17,9.58,3.3,0
80380.63,0.351,0.144,1,4.2,23699.88,8.02,6.9,0
51904.03,0.301,0.302,1,4.2,19689.95,9.33,12.5,0
24786.05,0.26,0.7,0,20.8,6408.85,12.31,2.1,0
53057.38,0.403,0.729,5,6.5,16097.56,11.98,10.5,1
88152.04,0.3,0.435,3,8.3,43174.77,12.22,8.5,1
128927.36,0.426,0.257,0,25.2,33567.51,4.3,3.1,0
55085.78,0.373,0.211,0,14.4,4061.62,7.67,4.9,0
76983.92,0.435,0.364,0,8.2,26927.82,9.44,3.8,0
60961.3,0.427,0.882,5,9.0,7891.11,17.96,6.1,1
53891.12,0.309,0.886,0,7.0,19518.65,11.34,8.0,0
56718.81,0.271,0.807,0,9.3,25965.9,9.34,2.6,0
61050.55,0.3,0.363,2,16.7,18247.49,12.3,1.3,1
92024.33,0.202,0.339,0,12.8,23843.06,8.06,2.7,0
89755.45,0.438,0.465,0,10.7,32364.24,7.33,4.7,0
148988.65,0.238,0.168,1,13.1,56512.78,8.24,1.9,0
60007.14,0.148,0.237,0,14.7,16117.57,6.32,4.8,0
60252.11,0.421,0.485,0,7.9,15891.07,8.34,1.1,0
51057.06,0.213,0.214,0,6.7,10904.31,7.73,4.3,0
44855.43,0.465,0.664,0,25.5,11331.02,12.12,14.0,0
28912.41,0.281,0.486,0,5.6,13174.39,8.68,5.7,0
63185.87,0.492,0.51,2,11.9,26831.64,9.91,6.0,1
100195.76,0.132,0.509,0,7.5,8459.61,7.51,7.6,0
64190.56,0.219,0.607,0,5.3,22438.37,8.91,4.8,1
86172.11,0.229,0.388,0,9.8,31743.08,6.22,10.8,0
114536.84,0.292,0.269,0,16.0,12124.53,7.73,9.5,0
118907.08,0.25,1.0,1,12.9,44702.1,13.98,9.4,0
62709.98,0.107,0.39,0,4.7,8659.09,8.29,2.8,0
33701.22,0.358,0.764,0,14.0,8062.78,11.05,2.7,0
54530.54,0.204,0.678,0,12.8,23028.58,11.4,12.1,0
185435.64,0.136,0.68,1,10.6,12648.64,8.6,17.0,0
35439.45,0.433,0.111,2,5.0,7505.14,8.75,4.7,1
103271.14,0.382,0.196,0,19.2,12430.92,7.65,10.6,0
159277.29,0.086,0.01,0,12.8,41359.08,4.38,2.9,0
21419.93,0.194,0.573,0,7.9,8710.17,10.14,6.8,1
89277.93,0.18,0.371,0,6.3,29091.11,10.47,2.3,0
97471.4,0.42,0.012,0,4.7,31162.38,5.51,12.2,0
43603.26,0.446,0.912,0,3.7,10385.21,13.59,7.0,1
63647.14,0.155,0.284,0,6.1,26523.64,6.91,6.2,0
48169.71,0.437,0.388,1,10.2,19162.11,12.35,5.6,1
68099.1,0.337,0.381,1,9.0,29501.0,7.01,11.5,0
50865.24,0.268,0.466,0,9.8,22446.21,7.37,3.9,0
51222.85,0.518,0.141,0,16.5,23660.96,8.36,5.3,0
54242.49,0.226,0.921,1,4.5,24971.0,13.09,4.1,1
140087.91,0.23,0.676,0,7.3,37835.3,9.21,4.1,0
42908.76,0.22,0.01,0,8.6,12447.0,3.7,3.6,0
25320.13,0.453,0.36,0,15.0,3525.42,8.29,2.8,0
91417.5,0.312,0.961,0,11.3,14732.74,13.28,12.1,1
57425.58,0.464,0.414,0,2.8,19291.0,7.48,7.6,0
65153.34,0.063,0.614,0,17.0,19307.22,9.49,3.2,0
61062.22,0.329,0.855,0,4.3,13366.75,12.08,5.3,0
50986.71,0.492,0.879,4,10.6,21715.38,17.15,6.9,1
52017.25,0.349,0.366,1,6.9,16116.53,10.38,16.4,0
68611.5,0.306,0.511,1,13.3,18432.72,8.72,8.2,1
48234.49,0.156,0.807,0,8.5,14433.27,13.74,6.9,0
59226.25,0.246,0.434,0,27.3,13186.01,8.35,2.1,0
21270.54,0.407,0.898,2,13.8,9436.52,17.08,9.1,1
112012.34,0.322,0.601,0,2.5,24452.02,8.63,9.2,0
70640.79,0.308,0.697,1,13.2,27276.85,11.42,3.5,0
106770.37,0.209,0.274,0,6.6,19657.85,6.56,6.6,0
72976.54,0.305,0.454,0,14.0,8108.74,7.39,3.4,0
73168.88,0.241,0.208,1,5.2,22901.15,7.56,11.6,0
53187.98,0.517,0.434,1,4.2,18898.75,9.9,10.3,0
61388.83,0.524,0.244,2,9.1,14288.12,9.94,8.8,0
41953.09,0.504,0.146,1,16.9,4099.14,8.27,0.5,1
40736.88,0.388,0.379,0,12.9,11262.57,8.5,6.6,0
52186.21,0.314,0.229,1,7.0,17924.16,8.86,3.6,1
43777.67,0.359,0.473,0,10.0,6029.57,10.78,4.6,0
157736.09,0.21,0.117,0,4.6,33036.27,4.08,5.1,0
96058.63,0.33,0.541,0,9.7,25158.24,7.6,7.0,0
44562.28,0.216,0.197,0,10.9,14293.66,5.18,12.1,0
61407.52,0.482,0.457,1,17.0,21066.44,8.02,7.7,0
72790.08,0.431,0.511,1,6.3,9252.94,11.32,22.9,0
55437.76,0.375,0.57,2,5.1,21039.97,13.56,7.3,1
68614.22,0.354,0.813,2,8.5,22346.18,10.62,2.0,0
56808.28,0.336,0.621,1,7.7,11169.92,8.08,2.2,0
47514.66,0.228,0.453,0,23.0,7681.74,7.39,1.6,0
23255.23,0.361,0.465,0,15.5,2008.13,8.76,10.6,0
50857.38,0.282,0.384,0,9.0,21816.65,5.28,4.3,0
113613.0,0.109,0.389,0,18.1,40916.52,11.07,5.4,0
63456.45,0.236,0.314,0,3.7,20908.25,7.26,4.1,0
140827.55,0.274,0.153,0,9.6,17976.17,8.51,30.0,0
66256.29,0.267,0.674,0,15.5,24723.4,9.72,1.3,0
100534.93,0.373,0.567,1,12.6,13159.65,10.1,1.8,0
85524.86,0.348,0.436,2,4.2,39256.72,10.41,9.1,1
128305.15,0.113,0.502,1,5.5,22161.21,10.64,2.7,0
35077.96,0.243,0.734,0,7.8,7380.28,11.02,4.5,0
62697.88,0.272,0.589,0,10.1,25547.65,10.26,10.0,0
114940.99,0.343,0.602,0,15.1,40092.19,8.82,6.6,0
72704.0,0.248,0.416,2,6.2,15423.33,10.69,21.7,0
84521.14,0.279,0.791,1,8.7,21129.36,10.43,6.5,0
26663.9,0.5,0.558,1,3.6,3399.64,12.56,8.8,0
143184.25,0.486,0.496,2,23.4,61763.44,13.4,7.0,0
55106.77,0.332,0.216,0,10.0,5625.34,7.31,17.5,0
22985.61,0.305,0.284,0,14.7,2645.43,7.76,1.9,0
49808.6,0.24,0.352,1,8.5,21079.85,6.37,1.0,1
19971.79,0.374,0.556,3,8.1,4637.77,14.06,3.0,1
33704.11,0.208,0.593,1,19.6,3765.33,8.07,6.2,0
225315.48,0.43,0.285,0,23.2,80000.0,9.27,7.6,0
54872.55,0.296,0.669,0,6.0,22237.72,8.98,1.5,1
33608.24,0.419,0.19,0,6.5,12642.49,9.58,5.3,0
95065.84,0.065,0.259,0,10.5,37147.9,5.68,9.8,0
44764.96,0.287,0.371,0,7.8,17005.27,9.92,2.0,0
114594.18,0.336,0.237,0,5.5,41423.97,7.77,23.5,0
53643.37,0.12,0.561,1,15.1,19437.3,7.17,1.9,0
61560.29,0.437,0.626,0,12.0,17534.45,12.44,5.4,1
36170.58,0.204,0.59,0,4.7,13348.13,10.23,1.8,1
237891.38,0.323,0.686,1,6.2,80000.0,9.18,16.4,1
94785.42,0.105,0.843,0,2.3,28096.04,12.45,5.4,0
60477.89,0.372,0.167,0,5.3,8114.7,7.94,14.2,0
50413.45,0.411,0.168,2,2.8,23346.19,8.33,7.2,1
59507.02,0.165,0.434,1,17.7,6489.57,7.72,9.4,0
47230.59,0.261,0.18,0,18.0,12561.51,7.42,9.4,0
40535.84,0.274,0.634,1,3.8,15647.74,9.7,10.7,1
207444.89,0.195,0.192,0,4.1,25940.07,6.0,3.7,0
52639.36,0.194,0.306,0,5.5,17291.6,7.69,11.4,0
26208.22,0.346,0.312,0,6.2,7128.64,6.31,4.4,0
39696.22,0.31,0.23,0,3.7,10080.81,7.93,3.6,0
115016.56,0.378,0.758,0,14.0,25312.19,8.97,6.2,1
58931.29,0.203,0.329,2,15.8,21798.07,9.03,2.9,0
46869.55,0.478,0.37,3,5.6,15768.55,9.56,6.9,1
125567.85,0.259,0.467,0,9.2,46102.33,8.18,8.5,0
44691.98,0.367,0.079,0,11.1,10349.61,8.31,11.7,0
66947.5,0.602,0.667,0,2.3,34040.37,11.65,4.9,1
53889.0,0.345,0.096,0,11.8,9272.83,4.15,6.1,0
67059.51,0.24,0.851,0,7.2,29154.82,12.17,9.6,0
56312.19,0.113,0.363,0,6.8,26115.08,6.52,5.9,0
45534.06,0.416,0.352,1,23.1,22590.54,8.79,1.4,0
89401.7,0.273,0.641,0,11.2,28592.03,10.1,4.0,0
92704.99,0.179,0.61,0,6.3,11008.74,10.46,6.3,0
63472.27,0.418,0.436,0,10.4,13579.1,10.29,10.0,0
59917.88,0.269,0.448,0,4.2,15384.92,7.48,10.3,0
144744.76,0.257,0.334,1,9.3,62956.04,8.32,3.9,0
78163.96,0.28,0.907,0,10.6,13767.5,14.37,9.1,0
56478.35,0.171,0.939,0,11.5,7611.81,10.51,4.5,1
52283.82,0.262,0.612,1,4.5,20000.29,9.84,3.5,0
115767.48,0.259,0.379,1,10.4,9726.66,7.3,3.1,0
61319.84,0.454,0.22,0,8.4,6655.74,8.42,7.1,0
51675.12,0.402,0.146,0,7.9,10265.34,6.64,8.0,0
79953.07,0.355,0.01,2,9.9,6849.84,5.13,11.1,0
88998.92,0.234,0.409,0,6.7,23363.44,8.94,9.2,0
62277.46,0.309,0.577,0,1.9,19288.73,9.73,2.0,0
94904.61,0.318,0.51,3,5.5,27748.89,10.85,12.4,0
103609.78,0.255,0.819,1,15.3,28651.51,11.68,7.6,0
107244.4,0.094,0.032,2,2.7,17173.76,7.69,18.4,0
137225.42,0.334,0.23,0,16.0,58478.4,8.11,11.7,0
79240.12,0.296,0.38,1,8.9,19249.27,7.5,3.3,0
98856.43,0.369,0.242,0,0.7,36693.97,9.37,9.0,0
85194.86,0.349,0.751,0,1.4,34110.29,13.98,2.3,1
139248.79,0.266,0.091,0,19.1,9515.99,3.92,6.5,0
136757.02,0.3,0.189,0,5.9,55072.03,7.26,1.9,0
105114.18,0.161,0.229,0,18.9,23033.29,3.74,4.4,0
166161.38,0.394,0.204,0,11.5,63705.8,6.13,7.9,1
47519.16,0.231,0.352,1,9.5,14382.83,9.78,2.5,0
58851.07,0.236,0.508,0,9.5,5647.28,7.92,2.5,0
50827.27,0.441,0.478,0,11.2,24664.04,11.38,9.2,0
75560.16,0.244,0.053,0,12.3,6447.91,3.98,4.6,0
21644.76,0.301,0.631,1,4.5,9130.39,9.57,3.3,1
138293.48,0.14,0.394,0,21.3,62320.73,4.47,2.1,0
36964.91,0.18,0.571,0,18.2,14405.6,8.97,8.7,0
91173.74,0.246,0.263,0,7.5,23742.95,8.73,3.1,0
34336.92,0.199,0.492,0,5.8,6599.83,12.47,4.5,0
88203.61,0.263,0.465,0,15.9,29504.56,8.77,12.6,0
38768.09,0.576,0.425,1,6.0,8996.16,10.27,6.3,0
50799.51,0.061,0.469,0,14.6,6570.23,7.45,10.4,0
74282.26,0.214,0.494,1,4.8,22274.76,9.59,13.3,0
57788.67,0.27,0.166,0,23.6,8300.21,6.69,3.1,0
47609.48,0.354,0.943,1,8.4,15974.85,13.75,2.8,1
65209.95,0.29,0.354,0,5.5,22463.56,8.52,2.7,0
81252.0,0.205,0.974,0,4.6,23505.2,14.31,8.9,0
50012.86,0.235,0.175,0,5.6,18975.52,9.62,10.0,0
36429.51,0.454,0.474,1,4.2,13195.17,10.6,2.3,0
55314.53,0.352,0.48,1,13.0,26757.4,9.91,0.4,0
114579.45,0.069,0.063,1,13.5,17338.73,7.0,1.4,0
124419.01,0.245,0.527,1,7.3,54082.98,11.92,14.0,0
34879.79,0.453,0.45,0,18.3,6407.9,9.75,7.6,0
60841.96,0.441,0.334,0,10.4,4660.27,8.88,15.5,1
145126.93,0.259,0.293,0,4.5,14735.51,7.71,1.3,0
150764.67,0.321,1.0,1,17.6,66783.59,12.37,2.1,0
51149.13,0.3,0.01,0,15.9,17402.73,3.5,8.5,0
49078.16,0.209,0.169,0,14.1,7231.9,6.05,13.8,0
82175.37,0.349,0.188,1,5.6,38482.29,6.95,24.7,0
45956.94,0.245,0.61,0,8.6,14890.14,8.67,4.7,0
52213.31,0.166,0.31,1,1.6,11564.22,6.47,4.0,1
85318.13,0.097,0.441,0,18.1,17878.16,8.5,7.4,0
140808.78,0.365,0.192,0,3.6,48956.49,9.39,4.3,0
30874.6,0.325,0.491,3,12.1,15488.45,7.24,4.4,1
96806.69,0.423,0.84,2,2.0,45816.06,13.46,0.0,1
65681.38,0.308,0.051,0,8.2,3510.99,6.47,6.0,0
76327.49,0.203,0.839,3,3.7,32466.02,15.02,5.2,1
173636.09,0.102,0.076,0,23.9,71534.54,3.79,10.6,0
67535.49,0.514,0.731,0,2.2,9148.28,10.55,13.0,1
68503.11,0.208,0.172,0,20.2,28915.22,4.33,6.2,0
106930.14,0.255,0.557,0,14.1,45341.18,11.9,1.9,0
68763.38,0.278,0.185,0,7.5,27294.8,9.95,10.8,0
88406.72,0.125,0.415,1,7.6,23811.32,8.83,2.4,0
58530.57,0.377,0.527,1,6.9,11233.23,12.21,13.9,1
95151.36,0.405,0.296,0,14.2,15177.94,8.49,2.3,0
34855.09,0.212,0.152,0,4.7,5209.13,5.25,3.0,0
51717.69,0.189,0.048,0,5.1,22600.58,5.14,10.1,0
30777.27,0.363,0.13,1,15.6,10646.91,5.83,3.5,1
66746.04,0.289,0.303,1,5.8,20259.11,8.33,5.3,0
27097.78,0.416,0.59,0,4.2,3588.21,11.88,7.8,0
54634.57,0.24,0.218,0,10.6,11522.41,6.9,11.1,0
51638.5,0.141,0.249,0,9.2,14616.72,7.15,5.5,0
139100.47,0.252,0.726,0,6.5,61044.28,9.15,6.8,0
34350.92,0.369,0.233,0,3.9,11750.12,8.5,5.2,0
35738.02,0.286,0.57,1,11.5,10544.29,11.72,10.4,0
79095.61,0.243,0.233,0,6.3,13035.87,6.71,2.0,0
175640.16,0.337,0.1,0,8.5,16363.77,3.7,7.8,0
48547.99,0.228,0.576,0,5.6,15338.5,7.46,4.6,0
78701.24,0.196,0.525,0,6.2,19289.09,7.16,4.5,0
141901.67,0.198,0.391,0,6.2,53600.78,9.14,4.1,0
94618.43,0.335,0.182,0,6.1,10947.77,6.43,3.9,0
112243.45,0.117,0.201,0,9.2,47073.28,6.64,4.7,0
41932.02,0.281,0.525,1,13.6,7873.21,8.94,1.2,0
76592.3,0.273,0.601,1,9.5,33076.13,12.43,9.6,1
30644.54,0.291,0.727,0,15.9,8272.23,11.89,3.1,0
46101.46,0.328,0.339,0,12.6,21799.84,8.53,3.5,0
138710.57,0.229,0.478,1,5.5,50573.17,9.84,2.9,0
150591.07,0.213,0.214,0,6.8,32405.74,8.17,12.6,0
85790.86,0.257,0.312,1,5.2,40558.09,6.49,3.5,0
31483.25,0.41,0.102,0,12.8,5970.57,6.65,4.8,0
35225.72,0.257,0.553,0,9.5,3808.14,7.96,2.2,0
43132.47,0.305,0.283,0,13.6,4974.11,10.88,7.3,1
49442.12,0.288,0.358,1,6.8,13266.52,7.11,7.0,0
35157.13,0.148,0.741,0,7.1,15615.35,10.74,6.8,1
52109.38,0.174,0.629,1,16.1,7261.21,10.88,4.2,0
166559.5,0.26,0.418,0,7.7,50300.32,8.61,7.4,0
88981.93,0.222,0.361,0,6.9,23491.19,8.24,5.6,0
70018.32,0.447,0.608,0,2.7,24855.6,10.5,2.2,0
44385.67,0.164,0.491,0,8.7,18282.64,7.28,9.5,0
29657.8,0.329,0.345,1,3.9,10491.83,8.79,14.3,0
44690.64,0.185,0.373,1,12.2,4385.27,10.3,6.8,1
34968.98,0.146,0.425,0,6.7,7161.0,9.6,17.5,0
63679.27,0.249,0.479,1,16.4,20595.29,9.32,5.1,0
70944.83,0.441,0.254,1,13.4,21897.7,11.1,5.4,0
50092.61,0.163,0.374,0,11.1,19150.72,11.31,3.2,0
65576.06,0.516,0.711,1,3.5,16043.45,13.34,3.9,1
149884.12,0.337,0.263,0,20.7,26759.21,6.06,8.1,0
173566.64,0.311,0.838,0,10.9,80000.0,11.34,3.8,1
78460.36,0.533,0.292,0,4.0,23414.65,9.09,12.8,0
54947.95,0.479,0.547,0,5.8,19961.0,7.84,8.8,1
85324.21,0.229,0.355,0,28.3,14483.46,6.56,6.4,0
95867.79,0.43,0.698,2,22.1,32746.65,9.69,5.0,0
29039.56,0.122,0.176,2,2.0,10593.83,6.72,6.4,1
162169.3,0.116,0.378,0,9.4,57619.53,7.73,6.0,0
58770.83,0.156,0.557,1,10.2,25181.71,9.93,3.9,1
54786.6,0.15,0.252,1,11.9,24042.5,5.68,3.2,0
83585.53,0.03,0.267,0,14.0,28786.18,3.5,21.5,0
81968.63,0.198,0.101,0,8.2,12268.22,6.05,9.2,0
43520.71,0.261,0.265,0,17.4,7838.39,6.85,15.1,0
52320.87,0.394,0.257,0,9.7,21578.72,11.8,0.8,1
82702.82,0.206,0.598,0,3.5,10432.31,9.82,0.2,0
83140.62,0.18,0.18,0,6.7,9867.43,7.26,3.2,0
74284.69,0.39,0.783,1,1.5,20224.78,11.86,8.1,1
51846.15,0.334,0.339,0,8.3,18744.43,7.05,2.9,1
107281.46,0.194,0.361,0,10.9,32796.7,9.64,8.2,0
122177.06,0.12,0.246,0,12.9,16000.91,4.2,6.5,0
156625.36,0.064,0.26,1,16.8,46929.73,6.22,4.5,0
99411.34,0.167,0.178,0,4.2,27100.83,9.92,8.9,0
120177.68,0.109,0.426,1,8.5,49228.62,9.69,14.8,0
102079.32,0.304,0.084,0,19.9,20602.61,6.72,11.7,0
250000.0,0.059,0.101,0,11.4,31249.28,4.68,9.6,0
132466.82,0.086,0.611,0,6.8,28329.28,7.95,12.8,0
79278.22,0.413,0.426,0,10.9,27202.75,9.04,2.6,0
42713.86,0.292,0.17,1,6.2,9007.23,6.12,11.8,0
56038.9,0.279,0.464,0,10.5,22161.53,10.27,4.6,0
54373.26,0.471,0.707,1,17.7,11258.63,10.5,5.3,0
86748.47,0.3,0.5,0,22.4,24626.46,7.27,3.7,0
62175.21,0.141,0.25,0,17.2,9376.13,9.53,11.9,0
133079.32,0.423,0.248,0,6.5,18914.35,9.0,3.9,0
37251.29,0.43,0.135,0,10.1,6233.94,5.19,9.5,0
33129.46,0.327,0.671,0,6.0,14652.84,11.08,9.9,0
62969.79,0.369,0.358,0,13.1,29535.4,7.7,3.4,0
36125.27,0.386,0.618,1,8.4,12767.38,9.47,9.9,1
32642.66,0.312,0.1,1,9.4,5455.6,5.84,1.2,0
58657.59,0.252,0.283,0,7.0,5775.86,8.96,12.6,0
42328.05,0.387,0.517,1,13.6,9738.98,10.17,4.0,0
61677.78,0.33,0.811,0,3.8,28223.89,11.73,2.5,1
57434.92,0.272,0.288,0,7.6,7165.31,5.51,1.6,0
45828.43,0.143,0.426,1,21.4,12315.01,9.92,9.4,0
69604.72,0.224,0.098,1,7.0,18453.38,4.38,9.8,0
138647.7,0.317,0.01,1,4.3,55145.38,5.76,13.9,0
128077.19,0.159,0.419,1,3.7,57576.65,5.96,6.0,0
70507.72,0.316,0.657,0,11.5,12046.83,10.85,4.5,0
78586.26,0.176,0.442,0,18.7,10669.37,6.47,1.5,0
62650.42,0.241,0.372,1,3.6,8845.9,9.69,5.8,0
96116.47,0.219,0.559,0,19.9,25124.87,7.98,2.3,0
74380.37,0.305,0.517,0,8.7,23258.62,9.67,3.9,0
129394.61,0.282,0.556,0,14.3,26444.52,9.09,12.6,0
26743.67,0.225,0.358,0,12.7,11109.89,5.96,6.6,0
57386.33,0.294,0.254,0,14.6,16773.86,8.24,2.9,0
96259.97,0.285,0.495,0,10.4,34169.95,9.36,3.4,0
77476.66,0.094,0.438,0,5.0,4723.94,12.97,4.8,0
61700.73,0.279,0.314,0,7.2,10455.42,5.08,5.2,0
33296.52,0.303,0.497,1,10.5,13316.1,11.2,1.1,1
121570.71,0.332,0.144,0,2.4,22552.39,9.36,3.3,0
46292.14,0.344,0.251,0,13.4,4070.87,6.23,15.0,0
27599.49,0.359,0.624,0,4.9,5139.0,11.34,3.4,0
93157.0,0.156,0.505,0,7.6,31214.32,10.64,4.5,0
102766.79,0.287,0.01,0,18.3,26530.5,7.1,5.2,0
64995.24,0.211,0.498,0,6.5,6186.46,6.39,2.6,0
33558.09,0.411,0.384,0,8.5,14528.74,9.22,9.4,0
48948.34,0.256,0.651,0,3.0,7402.74,13.32,3.5,0
104065.25,0.275,0.271,0,7.1,11424.41,9.29,2.7,1
29679.4,0.382,0.456,0,6.6,12968.12,9.47,10.7,0
37698.32,0.159,0.729,0,17.2,16247.78,10.06,3.7,0
44844.5,0.417,0.296,0,14.2,20901.64,8.22,8.1,0
68854.95,0.324,0.356,0,8.4,10374.62,8.91,2.7,0
48989.36,0.204,0.869,3,5.8,21606.53,12.52,8.2,1
102443.83,0.218,0.295,1,7.8,9477.62,6.25,6.1,0
117897.7,0.397,0.547,1,14.6,11444.09,9.17,4.5,0
75720.82,0.144,0.657,0,21.2,34063.49,8.68,2.0,0
85550.83,0.381,0.704,0,14.0,31101.36,9.72,11.7,0
71601.77,0.37,0.323,1,7.3,17640.12,8.28,8.2,0
74944.12,0.456,0.649,0,8.2,24849.32,12.55,10.6,1
45309.88,0.179,0.491,0,10.4,15658.8,8.98,7.7,0
32011.85,0.297,0.323,1,16.7,14867.95,7.67,24.0,0
23873.91,0.564,0.643,2,13.9,7671.94,12.55,6.5,1
58946.96,0.285,0.791,0,8.3,23829.02,9.9,13.1,0
93957.25,0.266,0.248,0,12.4,30950.62,6.85,5.1,0
38381.4,0.128,0.251,0,5.6,5555.05,7.28,1.3,0
64903.04,0.524,0.3,0,17.3,30657.79,7.06,4.8,0
36047.06,0.278,0.35,0,10.3,8530.29,9.48,0.1,0
49419.97,0.295,0.618,0,2.2,15509.22,10.18,1.1,0
51379.19,0.261,0.675,0,20.8,13937.38,8.51,4.6,0
38487.36,0.264,0.567,0,10.4,10889.18,8.07,4.3,0
79231.31,0.409,0.523,2,8.2,38257.2,9.7,0.3,1
66276.92,0.114,0.382,0,10.7,10745.34,5.81,2.1,0
129155.98,0.352,0.462,0,11.3,35469.37,10.55,11.3,0
49761.31,0.192,0.257,0,5.8,22006.25,7.78,3.4,1
46749.85,0.505,0.742,2,5.4,9859.3,13.03,5.6,1
169346.35,0.164,0.658,0,6.9,50989.41,9.4,7.3,0
29241.83,0.357,0.714,0,8.0,11177.6,8.58,4.5,0
135907.88,0.37,0.744,0,12.9,47100.98,11.82,11.5,1
172259.64,0.258,0.354,1,3.4,50607.62,7.51,2.2,0
83335.28,0.413,0.638,1,2.8,19452.79,9.4,7.5,1
54537.17,0.261,0.438,0,15.4,19854.27,9.71,1.4,0
124706.34,0.301,0.572,1,12.9,51921.2,10.06,8.2,0
45820.14,0.365,0.412,1,9.5,17464.39,5.35,4.6,1
57369.08,0.278,0.349,0,7.9,19434.89,6.23,5.1,0
61649.38,0.322,0.471,0,5.5,24367.98,10.91,9.7,0
50427.94,0.411,0.314,2,6.1,5074.1,9.64,4.5,1
47248.4,0.45,0.274,1,16.4,4220.95,6.99,5.7,0
102207.97,0.426,0.367,1,10.0,15775.69,9.91,10.2,0
48338.89,0.235,0.344,0,9.2,14143.47,6.0,5.0,0
78577.26,0.303,0.493,1,4.7,28789.66,9.57,7.4,0
33648.68,0.199,0.524,0,11.6,8893.93,12.45,11.1,0
67157.64,0.413,0.282,0,8.0,18845.53,11.39,3.1,0
33619.76,0.21,0.46,1,9.7,4554.62,8.17,7.5,0
36233.06,0.185,0.155,1,10.7,8261.29,6.69,7.7,0
59935.33,0.312,0.883,0,7.8,12322.95,12.94,16.4,1
107297.75,0.413,0.402,1,4.9,44689.45,11.39,3.9,0
86575.93,0.08,0.577,2,8.1,33794.98,9.29,1.2,0
97366.34,0.269,0.298,0,22.5,11194.22,6.0,7.2,0
61003.63,0.402,0.522,0,10.0,28252.14,9.07,23.4,0
61050.44,0.188,0.501,0,8.7,17891.52,6.66,5.9,0
75859.55,0.384,0.758,1,3.1,28227.52,10.48,6.5,1
41864.3,0.248,0.506,3,3.2,10165.69,10.88,3.8,1
91723.8,0.231,0.988,1,7.7,22279.48,11.82,2.9,1
115839.72,0.437,0.4,1,6.1,29909.17,9.12,9.4,0
46049.44,0.349,0.067,0,4.1,6800.11,7.6,8.9,0
59617.77,0.205,0.337,0,9.7,19085.96,7.68,6.0,0
54171.85,0.157,0.879,0,4.0,12950.46,10.93,3.7,1
33087.04,0.261,0.32,0,3.8,8962.96,10.46,17.9,0
52325.37,0.3,0.226,1,10.3,16914.24,9.16,5.2,0
117810.54,0.241,0.343,0,17.0,41513.3,7.02,8.5,0
35524.36,0.33,0.396,3,1.9,7875.63,9.35,5.5,1
143501.64,0.052,0.487,0,3.0,57702.65,8.85,5.9,0
61605.21,0.215,0.061,0,15.8,10124.65,4.81,4.6,0
148726.31,0.343,0.765,0,4.3,46679.81,10.57,6.7,1
43331.52,0.426,0.632,0,5.0,6093.4,9.97,3.8,1
67553.49,0.189,0.273,1,5.1,11191.51,8.1,14.5,0
44691.07,0.336,0.374,0,7.6,16913.3,7.71,6.3,0
49692.08,0.35,0.751,1,7.1,14336.06,10.76,10.1,0
128609.65,0.333,0.695,0,17.2,25542.13,10.27,2.9,0
79174.64,0.345,0.351,0,15.7,10201.7,8.99,12.9,0
74272.55,0.42,0.838,0,24.3,33367.11,17.15,3.7,0
35081.14,0.345,0.636,2,9.3,9312.0,10.75,3.1,1
83747.78,0.282,0.784,0,7.5,39673.44,13.26,3.4,0
55871.32,0.207,0.259,0,35.0,13721.31,6.82,2.3,0
38674.44,0.22,0.423,0,1.9,7012.56,8.32,6.9,0
62646.33,0.465,0.899,2,8.5,17285.99,10.83,1.3,1
71153.22,0.408,0.466,0,3.9,28415.85,9.51,4.7,0
140804.45,0.03,0.01,0,9.0,9947.08,3.5,4.7,0
86150.18,0.32,0.269,1,9.2,23633.57,7.56,1.6,1
76089.72,0.448,0.854,2,6.0,30218.58,12.84,8.9,1
189487.49,0.292,0.092,0,14.3,78626.1,6.44,2.1,0
30115.53,0.447,0.806,2,9.8,15414.04,11.18,4.1,1
217889.58,0.136,0.417,0,24.1,18029.59,7.23,7.9,0
144450.57,0.235,0.534,0,7.1,32653.83,9.63,2.5,0
57116.96,0.304,0.191,0,21.5,24804.3,5.92,7.9,0
44461.65,0.149,0.165,0,8.4,4677.79,6.83,2.0,0
32591.33,0.304,0.822,1,10.0,8801.72,11.23,4.2,1
45317.11,0.451,0.567,0,9.7,6954.98,8.17,14.2,0
168691.86,0.367,0.457,1,8.4,65183.86,9.25,14.5,0
62435.48,0.403,0.717,1,8.7,15993.37,10.83,2.1,0
54007.75,0.393,0.036,1,27.8,25355.92,6.89,10.5,0
65913.09,0.193,0.03,0,2.9,16760.26,6.39,4.8,0
32262.41,0.325,0.532,0,6.2,9215.98,11.37,4.6,0
78205.78,0.416,0.577,1,14.4,21710.66,9.81,4.7,0
54303.12,0.191,0.561,0,10.8,18108.12,7.42,6.5,0
250000.0,0.202,0.01,0,8.4,61598.26,7.14,3.3,0
117147.21,0.151,0.213,1,24.6,19387.73,7.31,5.5,0
115958.45,0.299,0.557,1,8.7,50293.33,11.36,6.4,0
78114.32,0.312,0.01,0,28.2,29911.25,4.7,6.0,0
39994.53,0.31,0.364,0,11.1,4607.14,7.89,11.5,0
41982.06,0.144,0.187,0,15.7,8818.4,6.43,3.7,0
44305.54,0.424,0.064,1,15.9,3764.65,6.97,3.7,0
92958.82,0.315,0.511,0,3.2,27096.45,11.36,1.0,0
51345.22,0.417,0.736,0,8.9,21343.24,12.74,5.1,0
117262.31,0.357,0.215,0,11.8,45247.85,6.91,24.5,0
74615.64,0.48,0.741,0,19.5,30178.53,11.15,15.6,0
80714.89,0.225,0.053,0,16.0,10529.87,4.71,5.5,0
40905.33,0.453,0.492,0,6.3,18212.66,8.48,5.0,0
78500.88,0.284,0.357,0,9.4,35865.62,10.47,5.2,0
59594.56,0.127,0.128,0,3.6,12004.0,8.72,6.1,0
98685.27,0.381,0.558,0,4.7,24909.85,10.9,2.3,1
46387.59,0.508,0.765,1,7.5,19250.65,12.88,7.6,0
95348.1,0.099,0.496,0,1.4,20895.67,7.56,5.9,0
142782.68,0.217,0.508,0,6.4,32050.61,7.14,10.6,0
66023.41,0.517,0.894,1,4.2,22426.01,11.45,8.9,1
100657.87,0.445,0.605,1,7.2,41447.14,12.06,13.6,0
85046.64,0.192,0.497,0,10.6,13898.77,10.85,3.3,0
174230.47,0.388,0.389,1,17.7,70584.43,9.48,4.4,0
90137.67,0.308,0.027,2,8.2,34664.42,7.19,7.8,0
87516.49,0.288,0.557,0,7.7,40850.09,7.71,1.8,0
73034.46,0.282,0.189,2,13.2,9956.98,6.19,8.7,0
44080.51,0.294,0.459,2,11.3,16010.98,11.76,2.3,1
37904.22,0.295,0.24,0,4.8,14116.35,9.54,5.8,0
131139.39,0.199,0.244,1,8.4,11104.44,5.27,17.1,0
44167.89,0.275,0.199,0,8.5,8264.74,8.67,2.9,0
105511.72,0.368,0.274,1,15.2,44857.39,7.09,2.0,1
108042.41,0.067,0.01,0,6.2,12730.87,3.78,2.7,0
99363.16,0.244,0.358,1,13.4,46512.54,7.13,3.8,0
51182.54,0.184,0.421,1,5.6,14338.81,10.22,9.4,0
40609.83,0.322,0.746,0,15.8,5671.6,9.08,3.8,0
88779.81,0.144,0.316,0,9.9,26072.3,8.11,5.6,0
43637.74,0.242,0.493,0,3.4,10376.04,9.37,3.5,0
40019.7,0.151,0.5,1,7.8,15370.79,9.5,4.6,0
198346.9,0.331,0.413,1,5.0,17509.11,8.62,1.1,0
54522.93,0.365,0.496,0,7.0,7521.46,8.79,2.3,0
55700.64,0.156,0.057,1,7.7,22749.95,8.36,6.5,0
47373.46,0.456,0.478,2,7.9,5865.64,11.42,10.6,0
99634.55,0.204,0.788,1,34.3,35980.69,10.69,2.1,0
21831.54,0.228,0.748,1,5.6,7870.12,10.14,5.4,0
137610.34,0.321,0.387,0,5.5,44904.14,10.37,4.3,1
32858.08,0.29,0.896,1,5.1,8521.65,12.42,6.8,0
81675.57,0.252,0.394,0,15.7,14567.77,10.2,3.4,0
51319.38,0.229,0.219,0,4.0,22636.33,6.45,0.8,0
140564.48,0.376,0.726,0,8.5,66142.82,9.81,6.7,0
64968.31,0.228,0.198,0,19.1,20715.96,6.96,6.8,0
34036.97,0.3,0.551,2,12.8,18075.4,11.05,7.9,1
56553.57,0.317,0.385,1,10.1,10851.07,6.69,8.0,0
75645.54,0.314,0.492,1,7.2,21680.19,8.92,7.2,0
81669.55,0.382,0.144,0,7.2,35366.46,7.37,12.6,0
112801.89,0.11,0.08,1,13.6,14050.98,5.98,4.4,0
71051.77,0.227,0.647,0,19.3,16763.64,9.45,4.1,0
29234.07,0.383,0.497,1,3.1,12957.27,9.6,2.3,0
52476.52,0.479,0.734,1,4.8,24948.42,14.36,14.7,1
90690.67,0.275,0.348,0,11.7,7336.78,5.72,8.9,0
57809.52,0.259,0.393,0,7.5,9214.16,10.21,3.5,0
90571.81,0.296,0.317,0,2.6,8784.1,8.56,4.1,0
58714.24,0.23,0.446,1,11.2,19704.11,9.52,4.2,0
57172.75,0.254,0.185,1,7.7,9310.42,6.96,4.5,0
117450.76,0.381,0.454,1,4.7,39869.79,12.47,2.0,0
33539.3,0.291,0.409,0,14.7,12041.56,8.41,9.5,0
42802.85,0.424,0.146,1,6.9,8065.5,4.95,3.9,0
202791.48,0.248,0.332,0,11.8,44200.61,7.36,2.7,0
153957.41,0.312,0.218,2,25.0,18534.61,7.93,2.8,0
135034.81,0.389,0.557,2,8.7,70971.67,10.57,4.1,1
88678.56,0.14,0.114,0,15.7,27850.81,3.5,1.4,0
88051.12,0.417,0.254,0,16.7,29088.62,5.31,0.9,0
100800.05,0.215,0.59,0,12.1,40710.77,7.51,4.2,0
135038.12,0.208,0.01,0,7.2,53732.52,7.1,7.8,0
66951.73,0.464,0.475,1,14.4,13652.97,9.7,4.4,0
98343.56,0.327,0.701,0,5.8,31358.48,12.36,5.1,1
82750.58,0.376,0.527,0,6.9,16874.81,10.11,3.6,0
76908.13,0.363,0.407,1,12.9,26716.05,8.65,2.1,0
43641.58,0.153,0.846,0,20.5,8643.98,7.78,7.2,0
34907.68,0.431,1.0,2,8.2,14531.25,14.46,5.1,1
51643.43,0.191,0.151,0,11.8,19579.8,5.04,4.2,0
37247.8,0.226,0.515,2,11.4,6667.49,9.55,0.5,1
40463.98,0.115,0.154,0,5.0,14699.95,8.29,8.2,0
60528.76,0.143,0.01,0,8.3,8410.97,3.65,4.2,0
49862.23,0.513,0.41,0,0.5,12940.25,12.57,3.0,1
88552.77,0.199,0.027,0,3.8,6555.57,5.55,7.4,0
125395.28,0.318,0.116,0,8.2,17138.66,8.43,6.0,0
74042.25,0.256,0.46,0,4.4,29364.5,8.7,8.5,0
48272.94,0.472,0.55,1,2.3,7349.03,9.55,5.4,0
43530.68,0.128,0.584,0,6.4,4841.54,9.42,10.8,0
109320.16,0.118,0.366,0,2.3,17088.68,5.96,7.8,0
87181.41,0.159,0.412,0,8.6,36017.89,7.82,7.6,0
51363.51,0.333,0.503,3,17.5,11700.8,9.36,0.2,0
55935.86,0.429,0.312,2,9.8,26944.31,8.24,1.4,0
63616.17,0.196,0.023,1,3.6,14514.26,8.11,4.9,0
43959.07,0.324,0.754,0,11.7,10811.92,12.48,8.6,0
45925.31,0.307,0.131,0,8.9,22003.87,4.58,7.6,0
49422.96,0.346,0.642,1,2.8,23830.1,11.94,2.3,0
84851.79,0.174,0.671,0,13.5,41083.2,8.27,23.7,1
74465.23,0.395,0.521,0,21.4,11611.17,8.8,4.1,0
131449.97,0.457,0.422,0,4.7,27600.79,12.08,2.6,0
105866.84,0.251,0.202,0,7.1,36885.79,8.58,8.1,0
232663.08,0.208,0.185,0,16.2,13842.71,4.99,6.7,0
113077.48,0.129,0.01,1,14.1,45911.03,5.22,3.9,0
99281.52,0.253,0.237,0,20.8,18677.74,6.59,11.3,0
54944.27,0.329,0.503,0,9.6,20714.12,9.74,1.9,0
95001.53,0.374,0.42,0,11.0,23737.41,8.15,5.1,0
47116.46,0.457,0.471,1,1.5,6893.07,9.28,4.3,1
28077.04,0.338,0.745,2,9.7,10545.87,11.9,0.8,0
117728.8,0.302,0.81,0,14.9,38311.87,11.2,3.0,1
42926.19,0.241,0.413,0,6.9,15136.09,7.88,5.6,0
80800.6,0.29,0.636,0,12.8,19519.46,9.05,1.9,0
51039.59,0.22,0.01,0,5.7,17070.38,6.18,3.4,0
120352.83,0.268,0.341,0,20.0,54338.0,4.82,10.3,0
118419.94,0.151,0.194,1,12.3,11244.66,3.94,2.6,0
151245.9,0.03,0.01,1,3.8,53787.47,4.88,6.2,1
84096.4,0.381,0.668,4,3.8,44386.93,14.54,2.9,1
62327.59,0.245,0.327,0,7.2,24200.89,9.14,3.5,0
218595.74,0.431,0.426,0,13.4,44890.64,7.82,6.7,0
71470.72,0.429,0.392,1,13.1,28211.7,8.78,6.4,0
46657.42,0.348,0.222,1,3.0,13229.71,10.84,9.3,0
68835.24,0.255,0.488,1,6.3,20743.14,12.16,2.6,0
68322.92,0.272,0.653,0,5.9,17674.71,10.0,13.7,0
46292.75,0.44,0.246,1,2.0,20043.93,7.85,4.4,1
31214.37,0.325,0.437,0,4.5,8448.09,8.42,6.7,0
79940.71,0.102,0.598,1,8.4,29044.9,8.76,4.0,0
28839.36,0.242,0.437,1,10.1,3578.36,9.24,0.4,0
18424.66,0.4,0.382,0,18.9,2518.79,6.82,6.5,0
58152.96,0.411,0.054,0,17.4,23823.19,3.5,9.7,0
39607.41,0.273,0.726,0,12.3,17439.45,11.16,0.5,0
29958.49,0.531,0.674,4,3.9,12705.59,13.43,4.9,1
18000.0,0.227,0.591,0,0.8,4349.5,12.86,4.1,1
44363.7,0.236,0.736,0,12.1,19911.67,9.04,4.2,0
60877.23,0.123,0.494,0,9.7,12387.07,7.21,4.4,0
40668.14,0.538,0.366,0,3.4,9916.04,8.86,5.0,0
90134.62,0.168,0.731,0,4.1,20307.49,6.78,2.3,0
138728.06,0.155,0.444,0,12.7,12304.96,8.16,5.5,0
111425.36,0.099,0.217,0,5.5,14491.42,5.72,3.3,0
134504.25,0.16,0.426,0,12.3,10743.71,8.71,1.7,0
125805.43,0.188,0.228,0,12.6,35173.96,7.5,7.0,0
42072.93,0.415,0.351,0,6.2,15006.67,8.35,5.7,0
63258.49,0.366,0.589,1,6.6,22790.63,11.04,15.2,1
100627.38,0.246,0.312,0,17.3,36179.72,7.31,13.5,0
63827.19,0.302,0.468,0,24.6,24584.98,3.5,7.0,0
52273.2,0.241,0.454,0,4.9,23732.8,12.23,1.5,0
70396.46,0.448,0.52,1,3.6,11598.44,7.31,3.7,1
27884.42,0.511,0.439,2,3.3,4668.37,9.48,4.4,1
40155.58,0.167,0.161,0,7.9,16805.33,4.06,5.8,0
52998.78,0.121,0.687,1,21.3,15714.02,9.91,12.9,0
70510.76,0.28,0.509,0,3.9,34555.05,10.67,1.3,0
88545.63,0.152,0.617,0,10.4,19035.75,11.75,2.4,1
104827.99,0.379,0.363,0,8.8,40316.49,6.38,9.8,0
30367.85,0.429,1.0,0,11.1,8278.35,12.53,10.2,1
41199.4,0.306,0.166,0,23.6,14696.19,3.91,3.3,0
98996.35,0.105,0.441,0,2.9,30632.6,10.43,3.4,0
43401.27,0.17,0.379,0,12.9,13456.71,7.92,5.3,0
54873.32,0.294,0.252,0,16.2,10137.68,7.77,1.6,0
34859.27,0.21,0.296,0,17.3,13512.73,5.83,1.9,0
69891.78,0.217,0.694,1,11.0,10001.55,12.05,4.0,0
119160.77,0.336,0.678,0,13.2,53827.66,12.37,3.3,0
43605.97,0.168,0.216,2,4.7,7672.94,7.8,15.5,0
117952.64,0.097,0.191,0,7.3,46024.47,5.15,2.0,0
77080.23,0.156,0.108,1,9.6,33833.89,4.3,6.3,0
29847.42,0.237,0.266,0,11.1,3186.56,7.05,5.5,0
48425.07,0.255,0.106,0,7.0,12656.74,6.41,8.1,0
50509.86,0.282,0.249,0,5.4,22315.27,8.6,7.6,0
43156.25,0.285,0.808,2,9.3,5829.53,12.22,5.8,1
77187.36,0.406,0.678,2,14.2,7737.06,12.47,5.1,1
150717.53,0.348,0.495,0,8.9,43101.39,11.7,2.6,1
29701.98,0.411,0.321,1,5.0,9250.39,6.23,5.0,1
47629.33,0.42,0.87,0,11.9,16798.85,9.67,11.6,0
47253.87,0.113,0.315,0,18.3,16698.22,6.08,5.7,0
35419.73,0.4,0.303,1,9.7,5399.12,6.53,6.6,0
74319.06,0.344,0.428,1,19.9,11880.47,8.3,4.0,0
63438.06,0.283,0.335,0,4.2,7309.01,11.12,4.4,1
26956.17,0.364,0.232,0,17.6,2736.97,8.99,1.1,0
72926.03,0.4,0.073,1,9.2,16164.79,8.08,8.3,0
47162.8,0.196,0.385,0,9.9,18521.2,5.51,1.0,0
66805.61,0.239,0.579,0,10.5,21007.16,9.82,4.5,0
129224.23,0.259,0.605,0,13.1,30832.96,8.06,9.9,0
114920.42,0.221,0.01,0,10.8,7869.22,5.55,3.9,0
68271.34,0.291,0.884,0,10.8,26346.94,11.63,5.1,1
45206.7,0.314,0.647,0,10.9,20926.08,9.6,11.3,0
46855.44,0.343,0.528,2,10.9,7983.33,13.22,4.1,0
94865.62,0.234,0.249,0,13.6,32694.85,5.91,6.6,0
92619.66,0.117,0.524,0,9.0,29902.31,6.83,10.6,0
77431.22,0.187,0.103,0,10.8,32069.82,5.12,9.7,0
73000.45,0.289,0.141,0,8.6,21937.31,5.64,0.3,0
34994.37,0.351,0.317,0,0.7,4865.06,9.13,3.6,0
54425.54,0.284,0.341,2,5.4,13281.17,10.29,4.1,0
98211.68,0.269,0.08,0,17.1,45297.76,4.53,2.0,0
139808.0,0.03,0.086,0,10.0,39627.22,6.98,19.6,0
61326.67,0.272,0.588,1,6.0,8455.38,8.71,6.6,0
156447.41,0.345,0.01,0,5.1,41082.34,5.0,7.3,0
87260.86,0.161,0.255,1,9.0,28404.13,9.38,7.6,0
76391.96,0.264,0.472,0,8.9,8684.91,7.03,4.2,1
41562.69,0.253,0.141,2,3.1,16294.4,8.38,17.6,0
141859.09,0.109,0.431,0,1.9,13030.37,6.53,2.6,0
98599.54,0.117,0.486,0,12.9,36626.39,10.41,10.5,0
149297.35,0.417,0.677,0,11.2,41089.12,10.61,0.9,1
152832.49,0.267,0.382,1,11.6,50556.62,8.85,3.0,0
32607.51,0.24,0.619,0,11.8,9152.38,8.6,2.9,0
31471.46,0.276,0.35,0,10.5,5627.89,7.53,3.1,0
18000.0,0.337,0.243,0,9.1,5793.33,7.09,10.4,0
96463.84,0.281,0.175,2,17.5,9682.19,9.52,5.7,0
93736.96,0.308,0.119,0,3.8,43841.51,7.78,2.9,0
60641.76,0.339,0.515,0,14.5,11679.48,8.87,2.2,0
31794.15,0.495,0.699,0,5.3,12125.09,12.86,3.4,1
58732.96,0.261,0.479,0,12.8,17603.83,6.17,8.3,0
93775.79,0.206,0.593,1,8.2,12012.36,10.08,7.3,0
113278.53,0.377,0.256,0,10.7,20669.26,8.2,3.2,0
81005.58,0.334,0.527,0,19.9,13042.96,8.71,6.9,0
82549.07,0.294,0.691,3,2.3,37183.79,12.15,5.0,1
64285.9,0.224,0.532,0,7.9,9224.87,7.7,4.5,0
99954.99,0.397,0.731,0,15.0,13513.33,10.67,12.6,0
74611.92,0.447,0.832,1,8.5,26366.9,9.55,9.6,1
31750.63,0.517,0.211,1,4.0,7976.51,9.92,4.8,1
109229.04,0.214,0.386,1,12.8,30741.74,9.39,9.9,0
144560.93,0.089,0.155,1,10.9,35275.01,7.62,4.9,0
78705.57,0.351,0.563,2,11.3,37658.83,13.11,5.2,1
85751.78,0.321,0.351,0,6.6,9615.83,6.68,10.5,0
196270.12,0.398,0.278,0,28.1,10733.33,6.25,4.1,0
32508.87,0.388,0.188,0,18.6,13323.82,4.85,7.4,1
99816.91,0.349,0.679,0,9.8,39845.56,11.24,7.1,0
50260.01,0.288,0.373,2,7.3,8310.33,11.01,2.0,0
83291.24,0.314,0.349,0,3.3,28104.12,6.84,5.4,0
70030.53,0.431,0.528,0,12.3,7936.59,9.47,4.4,0
25311.4,0.411,0.673,2,9.1,9845.23,13.41,6.4,1
52079.68,0.252,0.726,0,2.4,17153.63,11.63,5.3,0
110646.54,0.285,0.102,2,7.4,37588.59,3.83,30.0,0
75437.94,0.147,0.307,0,6.7,12127.22,5.94,3.5,0
42245.79,0.248,0.393,0,14.4,13791.45,7.76,15.7,0
54506.78,0.317,0.136,1,6.4,16798.37,8.04,2.4,0
102648.87,0.269,0.188,1,17.7,12075.45,8.16,12.2,0
128357.02,0.317,0.693,2,5.5,63661.34,9.73,7.5,1
20217.89,0.383,0.9,0,8.5,9049.19,15.03,2.4,0
217610.77,0.258,0.478,0,11.0,80000.0,8.79,6.1,0
79460.22,0.241,0.187,0,6.7,29840.89,6.38,4.6,0
90574.38,0.243,0.652,0,19.5,35797.73,11.83,6.4,1
55683.22,0.204,0.572,2,3.3,14803.11,11.08,18.6,0
59896.47,0.229,0.362,1,22.8,17761.28,5.9,3.2,0
58168.48,0.37,0.43,1,9.8,26545.24,8.09,10.2,0
38746.41,0.317,0.457,0,11.8,4828.23,9.66,10.1,0
33676.43,0.434,0.615,1,16.8,6905.05,9.76,4.4,0
104016.45,0.416,0.565,1,6.0,25966.66,8.3,13.8,0
33513.53,0.157,0.175,1,8.0,8295.29,5.85,19.8,0
73597.62,0.419,0.668,0,18.4,32013.06,11.26,4.1,1
43324.1,0.438,0.577,0,17.4,22320.43,8.11,5.4,0
31144.64,0.3,1.0,0,6.8,14100.67,12.48,3.3,1
144912.83,0.44,0.248,1,6.1,21626.98,13.3,3.0,0
42829.99,0.417,0.57,2,1.8,12811.63,11.84,12.4,1
40924.53,0.208,0.492,0,3.7,14808.02,7.69,11.1,0
56689.54,0.355,0.576,0,15.7,17949.54,9.69,13.9,1
35972.82,0.45,0.314,1,4.1,10766.75,9.87,0.8,1
63635.24,0.388,0.507,0,9.4,16611.63,10.65,3.6,0
68127.04,0.449,0.487,0,7.0,23267.91,10.2,2.4,0
75483.94,0.408,0.493,0,8.9,25302.42,10.74,8.6,0
67525.32,0.289,0.171,1,6.2,13142.93,9.55,5.2,0
49819.76,0.453,0.315,0,7.3,12082.6,9.59,6.0,0
90619.82,0.439,0.677,1,1.9,13098.6,14.14,0.9,1
48959.78,0.518,1.0,0,8.1,23324.23,12.58,5.8,1
55699.19,0.308,0.368,1,7.1,23489.69,3.5,11.1,1
137206.45,0.472,0.146,0,3.3,47377.46,4.26,16.9,0
73680.52,0.101,0.109,0,9.7,33027.74,4.63,7.6,0
102411.63,0.239,0.135,0,12.6,29995.76,4.75,13.4,0
98467.0,0.312,0.365,0,7.3,45870.88,9.04,5.2,1
97287.55,0.244,0.729,0,21.5,40698.33,8.28,4.9,0
91718.59,0.232,0.459,0,10.2,14314.87,10.21,3.4,0
62010.7,0.353,0.798,1,9.2,27360.89,8.76,15.0,0
67581.6,0.089,0.085,1,6.1,9701.25,6.68,8.8,0
55581.31,0.269,0.633,0,10.8,18996.26,10.98,7.8,0
22854.85,0.534,0.201,0,19.4,3588.64,8.42,3.0,0
95126.98,0.245,0.708,0,7.1,44034.42,10.8,1.7,0
74799.45,0.323,0.711,0,18.0,26073.69,14.69,4.5,0
94014.76,0.507,0.426,1,3.9,13392.91,8.33,4.3,0
67384.25,0.293,0.49,0,6.6,7840.07,8.88,12.0,0
97263.45,0.166,0.593,1,5.5,14616.55,10.86,0.4,0
26712.36,0.538,0.977,1,9.3,9088.38,13.09,12.4,1
25142.83,0.445,0.47,0,4.4,4224.83,10.64,4.9,0
25119.01,0.096,0.173,0,4.2,10655.57,5.74,3.5,0
77986.48,0.229,0.378,0,11.2,10043.57,8.32,5.5,0
54698.7,0.081,0.05,0,18.9,13941.88,7.7,0.7,0
44809.07,0.113,0.534,0,2.7,16087.27,4.49,1.8,0
69187.21,0.383,0.218,0,13.5,27798.05,8.29,10.6,0
50433.91,0.215,0.263,0,9.5,14896.15,8.2,0.7,0
33251.47,0.447,0.637,0,5.0,4281.99,14.88,6.1,0
211953.32,0.317,0.716,0,15.9,35619.24,11.8,3.0,0
74625.06,0.188,0.752,0,18.7,30991.77,11.93,2.8,0
42041.16,0.399,0.292,0,6.9,3735.78,7.98,9.1,0
49461.86,0.199,0.666,1,9.5,11969.42,10.78,4.5,0
80630.23,0.171,0.474,0,8.0,17278.01,11.34,5.2,0
75278.85,0.287,0.614,0,2.3,32933.45,11.53,9.6,0
152017.73,0.328,0.433,0,9.6,57003.5,6.38,3.3,0
57923.55,0.475,0.331,2,8.7,22592.87,9.5,12.0,0
159293.89,0.422,0.388,0,5.8,44605.66,9.08,5.4,1
50107.71,0.218,0.393,0,0.5,18328.25,8.37,15.6,0
112004.81,0.125,0.245,0,9.1,14900.23,5.84,6.2,0
140812.45,0.148,0.144,0,17.1,19038.4,4.23,5.2,0
108534.31,0.481,0.227,0,8.1,40401.84,7.25,29.2,0
199097.27,0.24,0.085,0,5.7,31781.55,6.4,11.9,0
49057.91,0.378,0.537,0,4.7,15414.27,11.8,3.8,0
90794.94,0.032,0.032,0,5.1,13189.03,9.58,5.9,0
18073.55,0.27,0.746,1,1.0,2826.22,10.36,6.3,0
71349.93,0.44,0.204,2,8.5,16793.19,9.38,1.5,1
97075.12,0.464,0.436,1,2.1,48727.85,9.34,4.1,0
62594.88,0.395,0.759,2,11.8,12524.47,12.38,5.7,1
93850.43,0.03,0.013,0,7.1,21335.05,5.91,7.6,0
137528.93,0.251,0.285,0,8.8,29511.88,7.43,3.8,1
75527.08,0.059,0.261,0,4.1,15141.2,5.98,9.2,0
45036.69,0.294,0.363,0,4.9,14635.69,7.35,16.0,0
56141.41,0.265,0.646,0,28.9,13121.62,9.15,7.5,0
38859.76,0.262,0.409,1,8.4,5469.49,12.1,12.0,0
106072.96,0.273,0.584,0,3.8,20983.3,9.56,6.6,1
68930.06,0.234,0.593,1,12.7,21881.85,10.23,8.4,1
114896.89,0.265,0.351,1,7.6,39027.2,6.65,2.5,0
45693.11,0.382,0.648,1,7.1,8571.8,12.32,3.9,1
70605.83,0.23,0.303,0,13.3,20295.34,7.08,5.7,0
29913.12,0.417,0.291,2,11.0,11914.85,10.54,9.5,0
63111.69,0.274,1.0,0,22.6,32395.5,11.78,2.6,0
72076.38,0.4,0.228,0,10.7,14589.34,6.89,4.5,0
29548.49,0.305,0.428,1,12.4,6409.87,9.15,9.0,0
53189.19,0.282,0.854,1,11.6,23670.15,10.28,2.1,1
68268.15,0.167,0.371,0,9.1,30234.69,9.6,6.0,0
160770.17,0.3,0.286,1,9.9,70403.49,8.62,3.9,0
40076.92,0.316,0.525,0,3.4,9379.75,7.72,12.2,0
62451.09,0.446,0.599,2,6.9,25421.16,10.99,2.6,1
37559.87,0.197,0.516,0,2.2,7339.4,7.29,3.8,0
50578.25,0.319,0.267,0,16.7,16202.27,4.09,11.7,0
80187.01,0.179,0.137,0,17.3,26358.86,3.56,3.7,0
61938.54,0.091,0.742,1,8.1,23273.05,11.76,6.9,0
55031.04,0.351,0.711,1,10.3,27853.54,10.76,4.0,0
79728.05,0.359,0.171,0,2.6,30403.16,8.5,3.9,0
57153.25,0.292,0.643,1,9.8,4037.74,10.86,9.4,0
113774.59,0.463,0.305,1,13.7,27887.5,9.08,1.0,0
64166.41,0.307,0.806,0,22.9,22849.38,11.33,19.2,0
81208.22,0.11,0.268,1,18.3,33141.61,8.64,3.6,0
91194.74,0.194,0.341,0,20.5,11727.82,4.3,2.7,0
59663.51,0.264,0.623,2,6.8,9304.23,15.71,9.7,1
95755.01,0.206,0.433,1,7.7,21673.38,11.58,1.8,0
70735.3,0.222,0.24,1,4.4,26025.77,6.1,10.0,0
126626.71,0.062,0.335,0,19.3,33981.71,5.98,6.1,0
53111.8,0.378,0.281,0,4.2,9958.77,9.33,11.6,0
41775.67,0.206,0.285,0,15.8,9821.02,9.79,1.4,0
37013.08,0.141,0.347,0,18.4,12932.2,7.33,1.8,0
29624.84,0.396,0.44,0,7.9,9420.58,13.01,10.1,1
171562.66,0.152,0.01,0,6.7,64434.51,8.45,6.0,0
33022.74,0.36,0.256,0,16.0,2393.57,7.81,8.8,0
104056.63,0.437,0.855,2,2.4,51774.35,14.19,10.5,1
44106.53,0.227,0.377,0,8.0,14189.04,4.86,9.0,1
126372.03,0.345,0.452,0,3.6,9133.69,7.32,5.0,0
27574.13,0.168,0.4,1,8.5,9444.04,9.6,3.2,0
76848.8,0.138,0.097,0,9.3,5026.0,4.33,1.5,0
131843.63,0.25,0.094,1,11.4,21784.32,5.88,4.3,0
73972.82,0.376,0.429,2,5.4,27901.89,11.31,3.7,1
55986.67,0.307,0.06,0,15.2,11930.44,4.96,9.7,0
33385.46,0.137,0.039,0,9.9,12962.71,5.93,1.7,0
34767.9,0.329,0.569,1,4.5,15329.35,9.72,9.7,1
133597.72,0.118,0.272,0,13.8,47469.66,6.89,7.8,0
50104.21,0.304,0.322,0,6.2,23314.17,10.17,3.8,0
59617.84,0.344,0.842,1,7.2,6785.57,8.79,7.1,0
125629.38,0.068,0.01,0,5.5,21319.12,5.68,8.5,0
33344.95,0.4,0.432,0,10.1,9598.64,7.31,2.5,1
97082.75,0.386,0.188,0,4.4,18323.7,9.65,2.3,0
69795.45,0.377,0.01,0,9.5,11344.45,6.47,2.5,0
80692.11,0.246,0.382,0,2.9,14834.06,6.24,9.8,0
48244.79,0.422,0.649,0,7.0,15805.98,9.86,4.4,1
41551.33,0.224,0.343,0,10.3,9347.59,6.69,7.7,0
49483.37,0.284,0.647,1,14.6,20703.3,10.32,0.5,0
81854.78,0.206,0.592,0,8.5,23474.96,8.35,3.2,0
81543.8,0.217,0.704,0,14.9,11702.85,10.05,1.8,0
79294.94,0.343,0.385,0,6.1,28434.46,8.32,4.7,0
122402.09,0.222,0.244,0,16.2,10108.41,4.74,8.2,0
52333.33,0.257,0.469,2,5.7,15798.87,11.26,0.0,0
88971.49,0.157,0.341,0,8.0,13240.98,10.77,3.5,0
45554.27,0.368,0.618,0,10.9,16422.19,9.65,6.8,0
110511.13,0.307,0.729,1,15.0,34019.0,10.11,5.5,0
79421.96,0.236,0.228,1,12.0,15287.75,7.77,5.6,0
68406.09,0.35,0.01,0,13.6,23247.34,6.16,6.3,0
34064.24,0.24,0.545,0,2.9,6879.66,9.08,7.8,0
104764.55,0.299,0.748,1,11.2,39734.4,9.4,7.8,0
58920.09,0.335,0.221,0,6.8,4712.34,5.76,4.3,0
64995.42,0.152,0.33,0,6.9,27463.67,6.72,8.6,0
207371.86,0.198,0.078,0,15.6,80000.0,7.32,2.0,0
110745.32,0.299,0.46,0,12.0,8020.84,8.21,5.1,0
128523.51,0.379,0.541,1,4.0,61504.92,9.26,2.1,0
74706.63,0.044,0.116,0,19.6,10799.55,3.5,4.3,0
107566.31,0.263,0.225,0,17.7,28132.36,6.17,3.7,0
53154.31,0.265,0.857,1,6.7,17074.85,12.35,2.5,1
64380.12,0.549,0.969,0,0.5,28329.75,13.24,4.5,0
168534.87,0.171,0.728,1,20.4,34725.36,12.48,9.4,0
62428.8,0.289,0.091,0,8.7,18272.37,9.12,20.4,0
75980.62,0.358,0.357,1,26.3,9896.7,7.39,1.8,0
46267.18,0.299,0.656,0,15.7,16923.67,8.84,8.6,0
95484.45,0.48,0.793,1,33.9,34559.13,10.28,2.2,0
59119.79,0.265,0.232,0,12.4,15097.37,7.38,10.3,0
98417.72,0.469,0.392,0,4.2,48045.45,8.27,2.4,0
21894.68,0.446,0.986,2,6.3,6127.81,13.4,2.6,1
89367.34,0.376,0.549,0,10.7,8801.0,7.34,2.5,0
61907.3,0.219,0.341,0,8.1,24800.86,7.33,11.2,0
119739.11,0.258,0.347,2,3.4,33335.14,8.36,6.2,1
59665.19,0.295,0.473,0,3.4,27438.34,9.12,4.3,0
53096.15,0.414,0.323,0,10.2,23043.83,6.63,1.8,0
49090.53,0.276,0.556,1,8.6,20755.51,10.27,4.8,0
49239.83,0.124,0.189,0,18.0,4806.28,5.1,5.6,0
89009.76,0.475,0.381,1,7.8,38693.21,11.57,1.5,1
42160.75,0.309,0.478,1,23.2,20057.81,6.74,3.9,0
67256.29,0.209,0.49,0,9.6,21190.38,10.7,0.7,0
85574.08,0.178,0.656,1,8.3,40146.92,11.14,7.6,1
178665.22,0.186,0.198,0,15.5,47822.02,4.95,4.3,0
49242.0,0.447,0.776,3,4.8,7191.76,13.73,1.7,1
61468.43,0.367,0.099,0,2.5,14768.48,8.9,5.9,0
69946.47,0.443,0.211,0,10.4,14276.27,8.58,5.2,0
27389.07,0.164,0.164,0,10.9,2679.69,5.94,4.8,0
45261.93,0.251,0.635,0,5.3,9089.37,9.18,6.6,0
58953.72,0.127,0.723,0,18.3,7174.81,6.75,24.9,0
40491.49,0.305,0.343,2,14.3,13214.03,8.15,8.1,0
34275.29,0.289,0.581,1,6.0,11655.28,10.63,9.1,1
117981.35,0.173,0.774,0,7.7,9421.15,9.53,2.6,0
75137.27,0.543,0.622,0,14.9,22373.61,6.96,9.4,0
67154.2,0.164,0.161,0,5.5,25259.56,8.94,3.3,0
37469.84,0.305,0.486,2,10.6,6893.82,10.87,3.5,1
66754.14,0.35,0.42,0,6.6,31302.02,12.47,2.0,0
78524.02,0.375,0.479,0,10.2,36880.33,8.84,15.8,0
53371.32,0.171,0.596,0,2.3,23298.83,10.44,11.1,0
101228.96,0.217,0.447,0,4.5,32791.32,8.67,1.9,0
54137.75,0.3,0.453,0,5.4,10239.4,9.57,7.6,0
84751.55,0.284,0.137,0,3.2,18807.47,7.18,8.7,0
145627.24,0.157,0.098,0,9.6,58630.36,6.24,3.8,0
108159.13,0.422,0.686,1,10.8,29425.63,12.01,2.1,0
122773.64,0.513,0.51,0,3.5,27245.83,11.36,4.5,0
77004.29,0.38,0.452,0,8.5,22367.95,8.7,2.8,0
104534.49,0.1,0.01,0,12.2,23067.8,5.12,1.0,1
39457.05,0.648,1.0,0,5.0,17660.42,15.71,3.6,1
32950.24,0.117,0.269,1,8.0,7019.4,7.56,5.5,0
25678.8,0.501,0.402,1,7.0,6592.29,12.08,14.4,0
79100.56,0.081,0.303,0,17.2,18080.1,7.9,8.9,0
73516.76,0.118,0.01,0,7.2,28236.93,3.5,4.0,0
190534.0,0.156,0.26,0,4.7,74649.54,9.12,9.4,0
120623.16,0.27,0.472,0,5.6,31143.37,6.55,1.5,0
58334.6,0.153,0.196,0,20.9,14989.64,6.89,8.5,0
119579.82,0.313,0.511,1,6.3,43751.02,9.23,8.7,1
67364.42,0.161,0.106,0,10.7,11350.47,4.81,8.4,0
83328.18,0.449,0.621,2,10.7,14935.83,8.6,0.7,0
89350.07,0.391,0.419,0,21.5,34768.14,7.09,3.7,0
92368.58,0.227,0.73,1,10.3,27553.84,12.02,3.9,1
59904.52,0.155,0.531,0,9.4,10693.32,7.44,11.3,0
106843.2,0.315,0.4,0,13.5,19575.18,7.39,1.3,0
34016.67,0.331,0.47,0,10.9,8724.95,8.77,4.1,0
133659.76,0.331,0.286,0,17.9,31957.4,5.56,5.4,0
73004.05,0.187,0.34,1,6.9,33655.96,10.3,1.9,0
63017.11,0.278,0.329,0,3.8,27086.59,7.34,0.9,0
21732.63,0.27,0.729,1,12.3,9927.68,10.6,2.3,0
48152.71,0.511,0.549,2,12.7,23159.44,12.46,7.3,1
149155.26,0.154,0.41,0,5.0,9804.34,5.42,8.0,0
47225.59,0.315,0.457,0,2.2,13644.18,8.41,7.7,0
96449.88,0.229,0.569,0,13.2,13295.84,11.83,4.1,0
72822.84,0.198,0.731,1,7.9,25783.88,12.15,3.5,0
126843.08,0.231,0.296,1,15.3,47741.5,9.69,17.7,0
81533.82,0.218,0.319,1,5.1,8668.42,9.71,4.7,0
32899.85,0.312,0.543,1,4.8,10918.18,11.29,3.8,1
66514.39,0.185,0.491,1,11.4,23396.62,9.36,10.5,0
142615.75,0.201,0.423,0,16.2,42874.27,8.33,1.9,0
90047.46,0.332,0.633,0,7.2,8411.85,12.44,6.6,0
43478.08,0.438,0.408,2,20.0,12204.12,10.96,12.7,1
162953.2,0.245,0.559,1,9.9,67304.41,10.24,2.4,1
133126.68,0.26,0.311,0,25.0,19456.29,5.96,6.4,0
105142.69,0.288,0.357,0,4.7,15742.78,9.23,8.0,0
81950.16,0.203,0.01,0,12.5,24460.21,3.5,7.6,0
94320.6,0.241,0.502,0,7.6,39135.12,7.5,5.9,0
109707.23,0.153,0.427,1,11.3,39312.26,7.07,2.7,0
22232.29,0.335,0.829,1,4.9,8092.81,11.95,1.5,1
65153.3,0.24,0.31,1,6.3,29999.74,9.21,5.0,0
77672.51,0.332,0.01,1,9.4,22611.04,6.0,4.7,0
64079.12,0.112,0.155,0,13.8,14568.05,5.91,10.1,0
66886.9,0.187,0.585,0,7.6,21046.6,10.55,9.6,0
34556.22,0.248,0.435,1,12.1,11183.28,11.03,3.2,0
20770.64,0.335,0.459,1,13.1,8052.07,10.88,1.0,0
105378.16,0.248,0.497,1,8.0,48995.04,8.76,13.6,0
72984.85,0.417,0.182,0,22.0,36096.83,8.84,0.6,0
22277.13,0.13,0.324,0,8.4,6778.0,7.07,7.5,0
53982.14,0.256,0.377,0,4.8,17938.83,8.19,1.6,0
130901.54,0.178,0.263,2,3.4,16632.1,9.33,1.3,0
52458.5,0.324,0.245,1,10.4,21391.81,6.85,2.7,0
114267.4,0.323,0.801,0,17.3,17108.57,7.08,12.8,0
91618.11,0.221,0.39,0,5.8,28487.5,7.79,1.4,0
36672.2,0.194,0.837,0,6.7,4881.47,10.61,10.8,0
64935.65,0.244,0.138,0,7.3,19219.71,4.75,16.3,0
53368.33,0.267,0.812,0,12.7,15966.22,12.14,6.9,1
30264.33,0.464,0.318,0,15.6,9514.46,6.28,0.0,1
42806.52,0.242,0.014,0,11.5,5418.35,6.67,7.1,0
41052.36,0.306,0.401,0,17.3,12956.26,7.3,2.6,0
50156.23,0.327,0.758,0,9.3,19639.66,11.74,1.4,0
92281.16,0.417,0.339,0,12.2,14665.81,7.48,4.0,0
156689.65,0.159,0.374,0,4.3,36356.74,6.75,5.1,0
88933.87,0.174,0.205,0,15.3,31375.09,3.5,9.5,0
77327.71,0.533,0.38,1,1.2,33491.88,11.79,11.9,1
45767.84,0.303,0.693,2,7.9,17234.47,11.84,3.5,1
85805.89,0.125,0.653,0,14.4,34343.9,9.65,9.4,0
46264.12,0.495,0.481,3,6.6,11058.49,10.62,2.6,0
55394.01,0.537,0.203,0,8.4,11125.29,6.67,2.4,0
145123.86,0.304,0.461,0,7.4,35294.89,10.59,7.4,0
23880.83,0.246,0.368,0,12.8,10125.8,8.12,6.6,0
30043.83,0.28,0.466,0,7.7,10229.53,7.74,5.3,0
91067.87,0.316,0.095,1,6.7,40088.23,5.86,6.1,0
83262.71,0.225,0.382,0,11.4,14526.06,8.5,3.7,0
27766.23,0.277,0.55,0,22.4,7853.94,7.37,6.1,0
45420.14,0.404,0.242,0,7.6,14740.52,7.63,2.1,0
49601.6,0.194,0.086,0,11.1,21971.28,6.61,3.0,0
126043.2,0.058,0.794,1,33.0,17221.84,6.95,3.4,0
125733.2,0.45,0.716,0,14.1,25225.82,12.14,6.8,0
112656.0,0.307,0.678,2,12.1,25555.96,13.08,7.3,0
22686.67,0.417,0.711,1,2.2,6231.36,11.22,6.1,1
46017.75,0.379,0.101,0,8.8,14760.66,6.72,4.3,0
36129.82,0.196,0.01,0,15.0,16371.67,3.5,12.0,0
148956.8,0.346,0.17,0,7.7,66289.73,7.22,1.7,0
70926.31,0.414,0.794,0,5.1,26483.02,13.83,7.2,0
67501.4,0.356,0.067,0,5.9,28649.94,5.99,4.8,0
84064.18,0.162,0.462,0,11.9,24882.91,7.17,4.4,0
65407.86,0.272,0.758,0,11.5,27670.44,11.66,6.1,0
42851.75,0.26,0.107,1,10.5,8166.33,6.45,13.3,0
67191.8,0.339,0.777,1,16.9,15495.1,9.04,2.1,0
56977.0,0.282,0.417,0,10.8,12285.11,7.38,3.6,0
34335.56,0.344,0.918,1,8.3,10586.2,13.49,0.5,1
137259.26,0.058,0.01,0,16.8,11649.79,3.55,5.2,0
56026.0,0.218,0.611,0,21.5,22080.11,7.43,12.3,0
54346.82,0.451,0.909,1,7.1,20169.11,14.74,16.1,0
51797.25,0.393,0.385,1,9.5,6415.61,8.39,6.8,0
140176.71,0.316,0.636,0,7.2,9575.59,8.66,14.9,0
79466.38,0.104,0.611,3,3.7,36378.73,12.39,4.3,0
53923.95,0.253,0.514,0,11.2,2913.46,9.63,5.6,0
60357.97,0.374,0.791,0,7.3,23544.85,12.29,8.4,0
77530.68,0.354,0.324,1,5.0,24986.86,10.13,4.7,1
98277.47,0.109,0.342,0,18.8,41952.65,8.75,5.5,0
111192.4,0.453,0.39,1,11.2,19745.64,10.01,3.5,0
76785.4,0.116,0.219,0,21.6,3839.27,4.75,10.7,0
111465.0,0.246,0.168,0,9.0,45078.0,6.71,2.5,0
29540.57,0.149,0.271,0,8.1,13318.65,5.27,13.0,0
56070.34,0.173,0.883,0,27.0,23754.1,10.34,8.8,0
81310.99,0.176,0.392,0,9.5,7887.97,6.47,5.1,0
144815.17,0.3,0.792,0,10.9,38580.19,10.29,1.6,0
53673.37,0.2,0.418,0,19.7,10666.39,8.24,1.7,0
114844.02,0.112,0.49,0,19.5,31201.91,3.62,1.1,0
28139.79,0.436,0.532,0,6.0,9329.8,8.35,4.7,0
56832.48,0.243,0.289,1,12.7,24117.3,9.07,11.1,0
34430.89,0.348,0.438,1,7.0,9023.42,7.6,12.6,1
231498.83,0.376,0.347,1,6.7,34338.88,10.9,4.3,0
50749.48,0.35,0.374,0,6.0,20310.31,7.37,9.2,1
61429.37,0.309,0.527,0,1.7,7343.12,9.81,2.7,0
89342.73,0.162,0.409,1,20.5,13889.09,6.95,5.5,0
32848.28,0.34,0.622,1,9.1,9410.08,9.52,10.6,0
56822.18,0.28,0.484,1,7.0,17555.35,5.27,8.7,1
84438.34,0.221,0.207,0,8.4,33953.11,7.06,2.0,0
61862.2,0.41,0.656,0,8.4,21461.16,11.73,4.2,0
20627.9,0.23,0.223,0,3.3,4443.53,7.79,14.4,0
58389.79,0.273,0.116,0,4.5,11107.15,8.78,2.4,0
108595.53,0.25,0.655,0,23.5,15856.66,9.19,11.3,0
71050.01,0.236,0.245,1,9.2,12971.05,8.01,11.6,1
139376.96,0.364,0.09,1,3.3,54691.38,6.6,6.0,0
41395.42,0.265,0.317,0,4.0,11954.19,7.98,3.3,0
129704.6,0.415,0.679,0,12.1,59486.19,10.16,7.8,0
67240.36,0.121,0.655,1,8.9,14577.36,10.01,8.0,0
189555.1,0.181,0.605,0,7.1,42867.38,7.23,1.1,0
54346.04,0.396,0.663,1,3.4,27826.13,11.65,10.3,1
28806.92,0.233,0.588,2,5.0,8457.12,8.98,4.9,1
86745.49,0.382,0.269,2,10.1,23974.64,6.98,10.0,1
60705.93,0.227,0.01,0,5.9,7211.38,5.46,5.2,0
62739.94,0.169,0.425,0,8.8,6848.98,8.69,3.0,0
27880.34,0.328,0.474,3,33.8,8851.11,9.42,4.2,0
126360.88,0.398,0.671,0,11.8,54420.28,8.62,10.0,0
51212.96,0.429,0.678,2,12.0,22749.76,13.87,5.3,1
128219.13,0.385,0.566,2,6.3,18731.24,10.44,5.1,1
57897.8,0.194,0.263,0,8.9,17546.09,6.73,4.5,0
43620.57,0.31,0.188,0,8.2,11037.2,6.47,3.3,0
142414.47,0.399,0.587,1,14.2,34686.6,9.33,5.5,0
56806.83,0.269,0.339,1,22.7,11236.92,6.6,4.2,0
73695.32,0.33,0.264,0,11.6,26740.74,10.1,10.4,0
28982.79,0.333,0.607,2,7.1,8976.81,13.87,5.9,1
57419.38,0.26,0.844,2,14.0,4832.79,12.33,8.2,1
83262.67,0.309,0.768,0,9.1,15846.94,11.08,4.7,0
32281.84,0.234,0.508,1,13.0,14439.26,9.82,8.6,1
52296.39,0.516,0.292,0,19.2,18265.61,10.0,6.8,0
58285.81,0.339,0.558,0,5.9,21206.11,5.43,8.9,0
70541.63,0.309,0.377,0,11.6,28046.02,7.17,9.4,0
119903.28,0.317,0.762,0,14.8,25275.17,8.93,4.2,0
65469.64,0.355,0.596,0,6.4,8819.52,7.4,1.5,0
49812.47,0.241,0.298,0,11.8,9034.0,7.31,6.3,0
250000.0,0.294,0.793,0,3.3,25607.22,12.79,4.5,1
48098.22,0.297,0.647,0,4.0,23109.86,10.64,2.1,1
63052.46,0.138,0.274,0,13.6,20262.12,5.19,15.3,0
42880.35,0.394,0.372,1,5.6,14540.26,10.86,6.9,0
61050.7,0.287,0.499,0,9.2,27112.88,6.1,4.1,0
73321.91,0.317,0.548,1,2.0,17893.76,9.94,3.7,1
108728.63,0.234,0.266,0,17.2,23434.61,4.87,5.4,0
101909.43,0.056,0.384,1,7.9,7269.73,6.24,6.4,0
134611.1,0.131,0.01,0,8.3,55246.25,7.39,3.6,0
122186.45,0.289,0.786,0,6.3,48984.55,11.45,8.1,0
62669.82,0.318,0.157,0,8.2,8891.24,6.51,3.4,0
81894.97,0.286,0.594,0,7.1,8643.69,13.35,6.6,1
125116.38,0.355,0.526,1,4.9,34334.99,11.26,2.7,0
32782.06,0.427,0.673,0,2.8,11749.54,11.7,8.5,1
175995.91,0.239,0.531,0,4.2,25536.6,7.71,3.4,0
43493.25,0.526,0.929,0,4.0,16435.59,12.97,5.2,0
65860.5,0.441,0.01,1,14.1,19074.0,7.88,4.4,0
41142.23,0.142,0.026,0,9.4,15346.86,7.31,5.9,0
28843.29,0.233,0.391,2,9.4,14320.7,10.63,7.9,0
104424.23,0.451,0.308,0,4.1,16423.04,10.42,1.3,0
211034.33,0.315,0.407,1,5.0,80000.0,8.75,6.2,1
46168.46,0.219,0.646,0,4.7,9110.14,9.05,14.1,1
68378.04,0.363,0.27,1,9.6,30699.38,8.23,0.7,0
82815.86,0.176,0.088,1,18.7,18685.89,5.3,1.4,0
106114.08,0.153,0.722,0,3.9,48081.35,9.05,11.2,0
170075.26,0.322,0.451,1,4.5,58977.02,10.91,6.5,0
169901.85,0.461,0.08,0,2.4,12086.12,5.93,14.7,0
60520.13,0.374,0.767,0,8.4,25712.66,13.57,1.5,1
104754.39,0.283,0.337,0,7.9,23985.02,9.42,9.1,0
107592.22,0.135,0.514,0,14.3,33162.41,7.73,0.9,0
73696.86,0.228,0.515,1,19.5,33234.58,6.06,14.4,0
37230.16,0.466,0.472,1,6.2,9947.33,14.32,2.6,1
48794.56,0.093,0.352,0,12.7,11097.72,6.71,13.3,0
130891.39,0.282,0.106,0,2.8,57967.13,6.64,7.2,0
122963.41,0.23,0.847,0,8.4,21767.29,8.82,1.2,0
73950.02,0.213,0.4,0,19.2,15725.68,6.65,4.3,0
71966.86,0.306,0.534,0,15.9,28339.91,8.28,3.2,1
100803.44,0.474,0.377,0,9.8,34259.27,9.96,2.8,0
30390.54,0.118,0.393,0,31.2,6017.85,3.5,2.0,0
56694.79,0.135,0.561,0,10.8,13830.26,7.31,3.8,0
168736.03,0.367,0.088,0,7.7,80000.0,7.06,4.7,0
108606.42,0.03,0.01,0,12.2,35641.31,3.5,1.3,0
36291.85,0.314,0.332,0,7.1,17411.16,9.23,3.5,0
43794.2,0.489,0.707,1,16.8,8492.53,11.1,1.8,0
113230.43,0.391,0.585,0,9.8,11831.18,9.18,3.5,0
20414.22,0.174,0.827,1,12.8,2000.0,10.15,1.8,1
65703.21,0.426,0.615,0,14.5,30256.72,9.55,2.7,0
43706.44,0.416,0.561,0,11.2,17167.17,9.65,10.3,0
26452.58,0.269,0.477,0,6.7,5475.66,12.41,14.2,0
99856.07,0.149,0.308,0,3.2,25161.39,9.02,3.7,0
58198.14,0.509,0.548,2,10.2,10195.83,12.62,7.6,1
44542.13,0.45,0.669,4,12.4,17181.28,10.31,1.1,1
52078.49,0.338,0.435,0,24.6,11463.2,9.35,10.1,0
50099.05,0.266,0.45,0,23.5,15284.79,7.46,8.8,0
32333.69,0.231,0.602,0,12.9,4537.86,8.6,0.4,0
59912.58,0.189,0.099,1,13.1,8963.89,6.59,3.8,0
84326.83,0.357,0.62,1,5.9,9992.23,14.24,7.2,0
88616.91,0.17,0.259,0,7.9,34142.97,6.82,3.0,0
65002.49,0.203,0.092,1,8.0,26204.74,3.58,0.7,1
47354.59,0.242,0.56,1,4.3,9185.77,12.04,5.2,1
62020.21,0.222,0.283,0,1.2,8219.91,7.2,2.7,0
76367.65,0.397,0.555,1,3.4,10782.57,9.12,8.6,1
85221.25,0.33,0.244,0,12.3,30683.26,4.38,9.0,0
59141.01,0.254,0.346,0,2.8,7275.52,7.2,3.8,0
23319.06,0.259,0.241,0,3.3,4134.87,7.64,2.7,0
66357.25,0.207,0.013,0,12.1,24652.93,3.5,10.6,0
65892.14,0.158,0.033,0,6.2,4337.92,3.5,8.5,0
43214.82,0.189,0.307,0,8.9,8296.52,6.52,3.9,0
47672.08,0.432,0.319,0,10.2,23406.5,8.19,4.0,0
110069.06,0.308,0.117,0,15.0,12423.29,5.84,6.5,0
51951.91,0.395,0.393,1,6.0,8624.94,9.93,1.1,1
122653.32,0.177,0.336,1,10.5,51943.13,8.93,3.1,0
34246.04,0.36,0.267,3,31.9,14883.35,8.1,15.1,0
69812.23,0.245,0.456,0,4.6,23591.91,9.12,7.4,0
22879.82,0.337,0.553,0,34.0,8752.44,6.99,3.0,0
39612.66,0.256,0.834,1,18.2,15388.68,12.14,6.8,0
54569.92,0.112,0.01,0,11.5,15454.74,5.16,4.5,0
132939.61,0.267,0.373,0,7.5,39847.56,7.93,20.3,0
67613.3,0.461,0.733,0,15.1,32747.35,9.33,8.7,0
139510.12,0.253,0.064,0,8.9,37115.19,3.5,6.7,0
50539.3,0.313,0.261,0,7.0,18978.75,6.28,8.8,0
34281.56,0.277,0.658,2,23.8,11220.12,9.45,4.2,0
40538.04,0.196,0.372,1,10.7,10577.07,9.39,3.6,0
70730.47,0.512,0.627,2,11.9,23255.05,11.99,3.7,1
122320.03,0.298,0.657,1,6.2,36742.27,10.31,5.5,0
60685.39,0.398,0.587,1,11.2,17788.79,10.28,4.6,1
57370.71,0.262,0.187,0,4.7,4786.02,3.88,2.0,0
67631.79,0.301,0.334,0,12.7,19215.09,6.89,4.7,0
77608.76,0.052,0.427,1,10.3,25941.41,6.84,2.0,1
153850.58,0.438,0.497,1,6.0,57915.99,8.67,3.8,0
153104.99,0.121,0.414,0,10.5,28303.77,6.26,0.9,0
80214.15,0.387,0.478,0,14.4,33443.53,7.51,9.8,0
70509.59,0.268,0.519,0,6.8,13069.19,9.26,5.1,0
85087.3,0.34,0.124,0,6.3,15509.54,9.52,1.5,0
82433.24,0.42,0.471,0,6.5,30363.13,7.73,3.0,0
36997.51,0.342,1.0,3,9.7,8041.14,13.39,4.3,1
46238.17,0.211,0.778,0,9.3,3617.21,12.45,1.5,0
119658.08,0.449,0.166,1,9.7,43940.05,7.1,14.7,0
58416.96,0.419,0.556,0,13.8,9827.89,9.43,6.1,0
103189.15,0.331,0.86,0,1.2,26720.48,14.91,4.7,1
119029.36,0.271,0.471,1,10.4,36728.12,10.8,0.4,0
85034.13,0.316,0.165,1,17.1,27543.31,6.22,3.0,0
84045.53,0.386,0.284,0,9.4,20811.91,4.4,5.9,0
250000.0,0.234,0.058,0,18.8,31789.51,3.87,9.2,0
97322.96,0.271,0.48,0,4.3,33989.5,9.38,6.3,0
54041.76,0.223,0.01,0,10.0,7416.41,6.96,3.1,0
55914.59,0.488,0.287,0,15.6,15332.32,9.89,11.6,0
178087.73,0.21,0.147,0,11.3,11488.55,3.5,7.6,0
29886.74,0.297,0.451,3,8.6,5480.82,12.52,3.6,1
47157.24,0.267,0.158,0,7.1,6338.22,4.96,3.7,0
120260.77,0.321,0.091,0,23.5,29359.18,6.45,12.8,0
68316.18,0.128,0.326,0,8.1,15246.43,7.59,3.2,0
58383.21,0.185,0.536,0,8.7,9425.6,10.07,3.7,0
129469.63,0.188,0.01,1,12.7,51481.88,6.76,2.8,0
56435.25,0.307,0.161,0,7.7,14316.28,7.1,10.5,0
27783.51,0.467,0.439,0,31.5,11799.84,8.99,11.6,0
32986.65,0.262,0.32,0,3.8,10833.92,5.62,5.0,0
93349.55,0.382,0.193,0,5.3,9362.96,8.07,3.4,0
69495.49,0.353,0.472,1,3.2,23686.44,11.99,7.2,0
48698.42,0.413,0.449,1,9.0,8230.0,11.18,4.5,0
36671.71,0.307,0.95,0,7.8,8337.69,12.52,3.4,0
68055.82,0.218,0.567,0,5.1,27636.36,7.25,5.3,0
83443.71,0.396,0.325,0,1.0,33487.4,8.97,0.6,0
49951.59,0.342,0.417,1,3.7,13959.32,11.66,14.3,0
38569.31,0.257,0.652,1,18.9,6783.06,8.65,4.4,0
39578.12,0.186,0.473,1,5.3,4281.26,9.18,11.4,0
50099.65,0.296,0.411,0,2.2,14373.94,8.63,14.0,0
71115.82,0.33,0.247,0,11.3,17198.79,3.69,7.2,0
156224.27,0.367,0.36,1,8.0,66457.68,9.63,3.3,1
86361.56,0.265,0.335,0,6.4,9737.2,9.19,1.5,0
55792.56,0.3,0.463,0,22.3,13724.88,7.18,7.5,0
76576.24,0.488,0.941,1,5.1,29319.08,14.66,7.8,1
98996.26,0.156,0.457,1,6.7,44405.01,7.93,7.0,0
51248.05,0.322,0.502,1,11.0,6431.18,10.82,9.6,0
223240.13,0.27,0.137,0,8.5,80000.0,6.58,9.9,0
71039.32,0.166,0.284,0,5.5,27484.61,7.07,6.8,0
57924.49,0.445,0.31,1,9.3,21426.4,11.15,5.9,0
104045.94,0.164,0.072,1,3.0,13151.63,3.5,9.3,0
93341.56,0.232,0.293,1,18.8,24048.43,5.85,6.3,0
109284.49,0.468,0.242,1,9.1,41807.77,8.89,1.8,1
46359.39,0.352,0.596,0,23.6,5788.68,9.1,2.5,0
70546.49,0.538,0.754,0,7.0,31474.6,10.32,3.8,0
79088.76,0.14,0.255,0,9.4,35983.77,6.47,10.0,0
106805.55,0.245,0.15,0,8.1,36744.62,6.67,3.8,0
68171.26,0.083,0.669,0,17.3,15142.22,8.92,5.5,0
56169.85,0.308,0.417,2,11.8,21346.65,10.18,10.5,1
128349.68,0.3,0.187,0,1.3,27933.93,9.89,7.8,0
72367.1,0.326,0.381,1,8.9,23694.17,8.39,10.0,1
43554.39,0.311,0.44,1,3.3,4210.25,10.82,5.9,0
130923.13,0.38,0.215,0,6.6,33605.39,7.19,3.2,0
102880.74,0.254,0.67,0,20.6,48063.63,9.06,4.9,0
75720.61,0.217,0.782,0,5.6,9263.02,12.04,9.7,0
48343.06,0.32,0.353,0,15.7,20651.11,10.19,3.4,0
97676.88,0.209,0.457,0,17.1,19555.04,5.5,7.2,0
86024.94,0.317,0.61,1,12.4,17484.68,10.03,1.5,0
22701.69,0.214,0.584,1,2.9,11455.81,10.16,3.7,0
64209.5,0.205,0.6,1,5.2,19354.53,11.94,6.6,0
118339.12,0.076,0.109,0,17.6,52221.2,3.5,10.7,0
23955.8,0.267,0.386,0,8.8,6933.52,11.02,7.3,0
69842.77,0.233,0.089,1,6.4,18581.03,5.39,6.1,0
95982.43,0.391,0.688,0,11.5,18102.82,10.03,2.3,1
112419.14,0.212,0.445,0,12.5,6519.13,8.14,19.8,0
93975.34,0.302,0.961,1,8.6,37403.36,13.63,12.7,1
58199.6,0.176,0.415,0,22.6,12805.47,8.3,6.8,0
30388.39,0.434,0.84,0,8.5,13032.96,10.84,7.1,0
29848.87,0.422,0.067,1,5.8,12985.84,5.45,8.0,1
95287.09,0.268,0.718,0,6.0,21656.63,8.01,0.9,0
116712.46,0.321,0.286,0,13.7,20576.18,6.35,5.7,0
140451.73,0.238,0.546,0,5.7,63556.58,11.59,24.1,0
42775.86,0.51,0.326,2,11.6,11073.41,8.28,6.2,0
84095.43,0.217,0.317,2,0.6,36429.41,8.23,3.8,0
38528.71,0.392,0.474,0,10.8,11854.92,7.15,9.4,0
44625.19,0.248,0.507,0,2.6,4427.73,8.42,7.0,0
90109.85,0.321,0.129,0,15.6,9979.88,4.73,6.2,0
96239.76,0.323,0.096,1,14.6,32337.91,4.76,11.1,0
133156.62,0.308,0.608,0,6.8,62527.87,9.78,15.4,0
64966.41,0.328,0.265,0,12.2,5196.19,6.0,5.9,0
46702.3,0.244,0.133,1,14.2,4195.1,4.31,6.2,0
52459.61,0.216,0.384,0,6.3,8079.82,9.28,7.5,0
54221.58,0.347,0.037,0,7.0,11452.67,8.21,13.7,0
149053.13,0.394,1.0,2,8.1,30888.26,14.7,1.1,1
96654.14,0.339,0.646,0,11.4,17045.7,12.69,7.1,0
136168.38,0.356,0.145,0,3.7,14415.79,6.66,2.9,0
63762.05,0.47,0.683,0,7.1,12942.4,10.99,7.6,0
87733.58,0.172,0.231,1,23.6,19937.45,6.66,13.2,0
111879.26,0.142,0.38,0,5.1,45558.97,9.05,2.7,0
42908.5,0.303,0.932,3,19.1,11971.45,15.53,7.7,0
60489.94,0.399,0.387,0,35.0,27133.11,9.37,11.9,0
36347.77,0.273,0.663,0,5.8,13068.18,11.62,6.7,1
55699.26,0.235,0.369,1,13.8,18991.58,13.57,4.3,0
70019.52,0.219,0.942,1,5.4,31265.87,13.57,9.1,1
41369.5,0.493,0.22,1,9.7,6326.99,8.57,0.8,0
119628.56,0.1,0.135,0,17.4,26886.77,3.5,2.7,0
75438.42,0.37,0.398,2,11.3,15715.46,9.45,5.0,0
62884.91,0.13,0.221,0,2.0,29021.25,7.03,5.9,0
36037.52,0.287,0.916,2,4.6,17273.91,15.43,11.5,1
61285.38,0.473,0.395,1,4.2,19953.72,9.46,4.1,1
63978.31,0.265,0.01,0,22.1,14707.37,3.66,5.5,0
57004.53,0.302,0.417,1,9.9,12900.44,8.87,9.2,1
120130.57,0.262,0.77,0,3.5,33084.69,11.32,15.2,0
43069.24,0.248,0.286,0,9.9,14026.97,8.42,3.9,0
187025.44,0.367,0.813,1,8.1,56990.83,14.55,5.5,1
67839.15,0.237,0.282,0,5.6,27846.4,5.66,4.9,0
64782.54,0.362,0.735,2,8.9,16536.21,14.37,6.5,1
44866.35,0.292,0.11,0,3.0,6757.35,5.55,10.1,0
113847.95,0.461,0.177,0,13.6,49120.2,9.22,7.0,0
55429.03,0.399,0.456,1,2.8,12595.25,11.0,6.9,1
47250.89,0.337,0.763,1,10.4,18772.65,10.79,9.1,1
45507.8,0.266,0.763,0,5.7,6030.16,10.47,5.9,0
47632.6,0.407,0.426,1,6.9,20080.2,8.24,2.0,1
75408.89,0.446,0.302,0,10.1,7247.29,4.96,10.0,0
71925.63,0.255,0.427,2,20.8,8610.83,7.92,2.7,0
54713.34,0.358,0.372,1,25.8,8847.42,8.12,10.4,0
49036.69,0.151,0.821,0,21.4,13540.02,8.76,23.2,0
46757.98,0.39,0.811,0,13.9,7279.35,9.85,1.3,1
41381.58,0.467,0.799,2,9.6,19897.1,11.3,1.0,1
65426.81,0.514,0.641,0,12.2,23187.13,7.88,12.8,0
93569.13,0.39,0.375,2,12.6,11681.83,8.72,4.0,0
107195.81,0.248,0.073,0,12.5,31226.35,7.82,4.3,0
53768.93,0.524,0.281,0,23.6,16107.35,8.18,2.9,0
71919.72,0.382,0.298,0,13.8,31657.74,8.91,2.1,0
59629.97,0.498,0.556,0,12.6,13661.45,10.86,9.4,0
31022.24,0.283,0.107,0,5.9,4096.49,7.86,1.4,0
58136.37,0.296,0.444,0,11.3,20448.83,9.92,4.0,0
56987.06,0.419,0.527,1,5.3,25237.58,9.25,13.8,1
45927.32,0.361,0.301,0,10.6,14427.06,10.05,3.4,0
50729.71,0.154,0.552,0,3.8,21044.37,6.08,9.4,0
69538.72,0.373,0.667,1,9.1,7125.83,9.19,3.9,1
41913.69,0.227,0.719,1,7.5,7201.63,11.87,7.8,0
41834.38,0.386,0.608,1,17.6,17456.46,9.67,8.4,0
116313.31,0.418,0.596,0,11.2,16936.89,9.42,8.1,1
26978.09,0.224,0.545,0,7.2,3613.61,7.76,4.1,0
65090.59,0.433,0.027,1,8.5,27441.74,8.18,6.4,0
34423.79,0.366,0.398,1,9.5,15591.81,11.57,3.7,1
46817.09,0.308,0.67,1,9.0,20084.22,9.26,4.0,0
75362.76,0.13,0.738,0,7.5,31086.28,8.51,12.2,0
38009.44,0.301,0.565,0,10.6,8102.42,14.45,5.0,0
87497.77,0.422,0.421,0,2.5,22281.5,10.75,2.4,0
85892.14,0.424,0.494,1,1.6,27595.65,9.64,2.0,0
80668.64,0.532,0.669,2,3.1,32306.35,14.21,18.8,1
99239.68,0.308,0.114,0,8.5,15099.39,8.73,11.9,0
33695.6,0.171,0.581,1,6.4,10694.97,11.03,15.5,0
58946.96,0.342,0.394,0,9.3,16572.92,9.75,6.9,0
99929.02,0.239,0.01,0,7.2,38704.66,5.01,4.8,0
136444.41,0.076,0.314,1,7.9,20133.41,8.95,4.4,0
181404.0,0.091,0.414,0,14.8,32579.36,8.89,3.8,0
114466.41,0.148,0.551,2,12.3,37443.41,9.2,5.6,0
146453.58,0.149,0.501,0,11.9,24620.88,6.96,3.8,0
250000.0,0.257,0.224,0,19.6,77281.56,6.07,14.1,0
74095.45,0.301,0.558,1,9.0,20931.52,9.23,2.9,1
61266.18,0.148,0.514,0,15.3,29071.43,8.78,7.8,0
82311.87,0.273,0.438,1,4.8,20549.0,5.74,6.6,0
46289.94,0.115,0.613,1,23.0,16719.34,9.11,5.3,0
53311.33,0.309,0.902,2,6.8,16654.88,13.98,10.7,1
26700.32,0.347,0.759,0,3.5,7416.64,9.33,6.1,0
57684.4,0.318,0.292,0,30.3,6743.37,8.61,3.4,0
65045.24,0.143,0.478,0,8.0,24299.26,7.71,7.1,0
107755.29,0.288,0.423,1,11.4,40573.26,8.75,19.6,0
131066.4,0.187,0.592,0,10.0,16270.49,13.48,3.9,0
48425.78,0.159,0.528,1,6.6,17249.82,10.1,6.4,0
156697.93,0.244,0.449,1,11.5,19691.7,7.38,2.4,0
78092.38,0.291,0.758,0,7.3,12403.66,12.68,13.0,0
90910.97,0.187,0.153,0,5.9,7521.33,9.68,10.0,0
31497.79,0.329,0.804,1,5.9,2640.94,13.93,16.0,0
49550.81,0.318,0.288,0,2.2,8380.96,9.74,4.2,0
154324.23,0.222,0.33,0,5.4,27882.9,7.96,24.0,0
74256.16,0.261,0.175,1,5.3,29543.37,8.66,8.5,0
62326.21,0.347,0.508,1,3.0,9840.32,12.41,6.2,0
70552.26,0.353,0.788,0,5.9,19546.7,11.35,7.5,0
23807.54,0.43,0.803,0,8.6,8181.98,13.27,4.9,1
53141.5,0.423,0.692,1,7.3,19202.07,14.37,10.9,1
106025.2,0.33,0.501,1,12.1,18324.84,8.23,4.1,0
73194.01,0.445,0.429,2,3.6,28081.48,11.16,3.1,1
56718.87,0.138,0.418,1,3.2,10252.48,10.0,9.3,0
140327.28,0.2,0.16,0,8.1,44602.28,7.82,4.4,0
31796.05,0.238,0.502,1,9.0,4168.28,11.08,18.2,0
46645.23,0.296,0.317,0,5.8,3145.05,8.33,6.1,0
163500.6,0.316,0.539,1,9.5,41304.17,10.75,6.1,0
99541.16,0.343,0.495,1,4.0,36330.44,9.9,7.0,0
55543.38,0.348,0.95,0,10.9,18353.21,11.89,3.0,0
73498.15,0.249,0.344,0,3.3,19811.58,8.59,7.8,0
51533.56,0.27,0.672,0,5.6,23337.27,9.9,7.8,0
72683.65,0.295,0.32,1,4.5,24888.38,10.0,8.8,0
76423.33,0.2,0.842,0,9.7,13983.39,8.86,4.7,0
93452.73,0.039,0.291,0,15.2,18178.65,4.68,6.1,0
49191.15,0.193,0.625,0,19.3,2808.2,8.84,3.1,0
92772.78,0.348,0.356,0,5.1,31074.75,11.79,0.6,0
60740.93,0.292,0.349,1,12.7,14682.61,3.97,9.0,1
39643.65,0.322,0.186,1,18.6,15253.61,5.99,10.3,0
120604.17,0.451,0.316,1,12.8,56900.08,6.05,2.0,0
162475.83,0.368,0.601,2,14.4,22830.01,13.63,1.0,0
153165.2,0.298,0.155,2,8.8,70190.15,7.11,8.0,0
78262.0,0.435,0.818,0,3.8,16851.66,10.41,3.9,1
54308.65,0.285,0.343,0,3.5,17184.94,9.7,6.4,0
63572.97,0.213,0.732,1,10.3,25522.45,12.41,11.3,0
69289.99,0.301,0.747,1,10.8,22876.59,10.77,0.9,0
47975.13,0.238,0.91,0,25.1,15200.74,12.37,4.8,0
120585.77,0.349,0.187,0,20.7,42768.69,8.1,6.2,0
20884.08,0.225,0.768,1,8.2,3131.48,13.11,7.4,1
85874.38,0.201,0.279,0,13.6,34518.15,4.7,4.5,0
104636.89,0.331,0.019,0,15.9,36520.9,4.52,1.7,0
47596.42,0.306,0.1,0,13.9,17096.52,5.76,4.4,0
50390.72,0.442,0.609,0,12.1,20846.07,8.92,14.7,0
70318.39,0.417,0.245,1,11.5,25339.92,8.5,11.0,0
177737.11,0.079,0.179,0,2.8,69752.4,4.14,6.3,0
29155.12,0.483,0.911,0,4.5,14252.45,14.56,4.2,1
42532.27,0.174,0.124,1,3.9,16435.89,8.94,12.2,0
51832.0,0.333,0.01,0,7.8,5957.39,3.5,8.4,0
33749.86,0.277,0.191,0,6.0,5857.12,11.71,7.2,0
35394.59,0.44,0.437,1,6.7,11451.98,10.65,12.8,1
54706.2,0.234,0.052,0,9.4,14422.09,6.89,12.4,0
110786.41,0.308,0.414,0,3.9,41996.36,10.82,5.9,0
52510.15,0.207,0.708,0,11.9,11298.22,10.45,6.5,1
58318.6,0.216,0.959,0,1.2,17808.4,11.73,7.0,1
46073.49,0.4,0.531,0,8.0,21194.0,9.34,4.2,0
92752.88,0.31,0.662,1,22.1,37461.66,11.61,8.7,1
168130.89,0.239,0.359,1,14.8,62148.28,8.53,1.6,0
33898.34,0.313,0.713,0,2.7,14199.21,8.19,1.4,1
244903.95,0.284,0.337,0,6.1,12245.2,9.72,10.2,0
94400.14,0.313,0.58,0,17.0,11940.26,7.65,2.1,0
68491.91,0.377,0.271,0,10.2,20746.47,6.84,22.2,0
98028.51,0.104,0.367,0,4.6,24079.72,8.27,5.1,0
85480.79,0.158,0.082,0,5.9,14106.2,9.18,5.6,0
169201.43,0.122,0.231,1,7.8,54778.97,11.5,1.4,0
96974.05,0.332,0.734,0,6.4,34499.4,9.95,1.8,1
87262.79,0.399,0.409,0,11.9,9279.57,9.91,15.9,0
50233.59,0.355,0.283,0,7.8,16048.07,9.04,1.2,0
105643.2,0.205,0.598,0,4.5,29776.61,8.01,2.2,0
46188.57,0.367,0.307,0,7.8,6070.13,9.97,7.5,0
73578.44,0.165,0.463,0,11.3,26738.5,5.6,5.7,0
250000.0,0.261,0.425,0,9.2,27829.61,11.95,5.8,0
27002.99,0.274,0.551,0,9.8,11629.7,6.81,11.3,0
70638.1,0.382,0.223,1,14.2,7182.46,7.39,5.7,0
83266.55,0.201,0.328,0,7.3,27754.35,9.16,6.6,0
49808.19,0.216,0.474,2,8.0,11729.86,11.57,2.4,1
56079.48,0.343,0.469,0,6.9,16969.26,8.79,13.3,0
58919.6,0.363,0.249,2,23.7,13637.73,9.01,0.4,0
70831.71,0.198,0.127,0,3.1,20198.55,6.82,9.2,0
80276.73,0.159,0.466,1,7.8,11705.75,11.66,13.8,0
65644.11,0.169,0.566,0,32.0,18704.42,7.07,4.4,0
200956.18,0.233,0.618,0,14.6,80000.0,9.46,6.9,0
49313.81,0.358,0.647,0,5.3,8851.34,11.57,1.8,0
70451.37,0.518,0.665,1,6.9,30325.31,10.75,7.0,1
59268.13,0.254,0.31,0,10.9,16389.55,8.5,6.9,0
114519.0,0.106,0.024,0,14.0,26219.17,4.35,1.1,0
97882.09,0.329,0.189,0,2.3,30584.57,5.32,8.1,0
75721.01,0.345,0.375,1,19.0,26027.59,7.91,6.1,0
55034.29,0.05,0.232,0,5.4,18184.07,6.88,7.9,0
61242.06,0.173,0.01,0,18.3,6899.36,4.24,6.3,1
141249.88,0.217,0.763,0,3.6,55495.13,9.14,9.3,0
64385.37,0.215,0.01,0,6.1,17852.08,7.55,4.0,0
99347.95,0.318,0.232,0,13.6,40523.75,4.96,4.5,0
42103.5,0.191,0.702,0,12.0,8286.4,9.32,6.0,0
103236.77,0.45,0.522,2,27.6,40504.28,7.7,13.3,0
50034.46,0.264,0.338,0,7.5,8851.47,5.56,4.6,0
45408.47,0.23,0.406,0,6.3,15015.86,8.96,2.8,0
42201.34,0.202,0.865,1,3.7,14574.08,12.33,1.8,1
49801.72,0.208,0.568,0,8.7,9263.4,6.37,5.0,0
91585.56,0.177,0.159,0,10.8,41616.45,3.94,5.0,0
69879.77,0.088,0.418,0,2.1,33407.46,9.1,7.5,0
37808.19,0.36,0.644,0,7.1,17850.56,9.99,2.8,0
50966.84,0.242,0.559,2,20.3,24633.49,11.72,4.7,0
34633.29,0.226,0.133,3,10.7,14277.64,8.37,9.0,0
76255.24,0.449,0.301,1,27.2,9098.0,5.97,15.7,0
111510.45,0.327,0.056,0,4.6,20005.59,8.73,1.6,0
73103.94,0.079,0.229,1,13.4,34001.63,6.47,5.5,0
80444.07,0.34,0.268,0,7.9,25984.39,10.21,6.5,0
161337.57,0.169,0.183,0,7.0,56145.18,6.0,2.9,0
74079.75,0.277,0.135,0,6.3,13575.62,6.19,2.8,0
35294.05,0.256,0.499,1,1.1,13624.94,11.07,4.4,0
77959.16,0.246,0.394,1,8.2,18424.16,11.19,11.4,1
41460.55,0.255,0.154,0,11.9,15055.5,5.88,7.9,0
55465.48,0.293,0.176,2,5.2,25869.43,9.61,2.7,1
49221.41,0.212,0.172,1,12.4,13270.67,6.78,8.4,0
43270.09,0.352,0.572,2,12.2,18377.06,10.37,0.4,1
74780.32,0.2,0.59,0,14.4,30830.81,8.87,3.2,0
107206.98,0.375,0.399,1,6.8,16727.16,8.65,1.5,0
116689.3,0.358,0.424,0,5.4,47736.83,8.11,6.7,0
95995.74,0.148,0.622,1,6.1,34612.53,14.18,3.8,1
88367.8,0.335,0.578,0,10.9,24360.92,9.28,7.0,0
89639.2,0.03,0.01,0,5.9,24279.75,4.3,17.1,0
26071.0,0.239,0.363,0,6.1,2611.83,11.17,0.7,0
81920.78,0.434,0.513,1,3.2,34656.57,11.21,6.9,1
22538.1,0.557,0.159,0,8.7,4647.23,7.96,4.1,0
20633.0,0.346,0.793,1,4.7,5316.16,13.3,3.5,1
57321.04,0.261,0.824,2,1.7,19471.13,13.07,3.8,1
76207.5,0.435,0.581,0,2.8,11315.98,10.53,5.3,0
55046.02,0.125,0.414,0,6.4,25445.75,9.64,0.5,0
119091.64,0.359,0.4,2,4.2,26086.68,6.89,4.6,0
93291.98,0.306,0.151,0,11.1,18230.81,6.07,6.4,0
61697.12,0.405,0.136,0,10.8,19953.53,6.48,6.3,0
157467.29,0.291,0.532,1,3.6,34816.27,10.49,1.2,1
114862.66,0.361,1.0,1,2.7,41564.05,15.22,1.7,1
81674.03,0.33,0.409,2,5.9,32396.7,10.75,12.7,0
52488.17,0.25,0.297,0,4.5,7107.56,7.47,8.8,0
53180.44,0.313,0.833,0,2.4,19892.22,11.78,8.4,1
31297.21,0.36,0.75,1,7.7,6177.18,11.63,1.0,0
69356.69,0.192,0.674,0,17.1,14613.94,5.23,6.7,0
44746.05,0.136,0.192,0,6.0,16374.96,6.64,4.3,0
64472.3,0.326,0.455,1,9.3,20389.61,8.08,7.2,0
72992.88,0.302,0.215,2,5.0,23037.17,8.16,3.4,1
27788.33,0.323,0.29,1,8.9,5802.17,9.8,10.8,0
39865.57,0.263,0.09,1,13.6,9923.5,6.71,6.2,0
66022.17,0.222,0.165,0,21.3,21456.8,4.84,1.5,0
65488.34,0.21,0.25,1,18.8,24136.39,6.7,1.5,0
55226.11,0.199,0.63,1,14.4,24851.06,10.54,3.0,0
62873.38,0.429,0.431,0,5.9,21274.72,8.11,24.4,0
46933.63,0.363,0.428,1,34.6,17118.31,6.28,8.4,0
30087.67,0.464,0.185,1,17.8,9033.57,9.87,6.8,0
47020.18,0.243,0.384,0,5.5,14492.1,8.46,18.8,0
56190.64,0.223,0.095,1,7.4,22492.19,7.16,7.3,0
60887.49,0.249,0.221,0,10.2,24319.22,8.21,6.5,0
78562.11,0.193,0.188,0,7.3,11290.17,6.76,4.9,0
98258.68,0.217,0.308,0,5.5,7928.33,8.45,2.2,0
103714.44,0.393,0.156,0,11.4,45785.28,6.27,6.3,0
50011.82,0.221,0.167,0,12.8,5496.82,6.9,2.5,0
36195.36,0.218,0.289,0,6.5,13144.98,5.26,4.4,0
123285.75,0.362,0.609,0,6.6,51902.86,9.93,7.4,0
95487.45,0.295,0.221,0,8.3,18637.54,5.57,2.0,0
56093.98,0.344,0.25,0,11.1,6754.9,9.25,6.1,0
68149.32,0.381,0.364,0,8.2,7599.41,4.55,2.6,0
122492.71,0.2,0.351,0,5.4,48162.7,6.29,14.5,0
178294.7,0.234,0.726,0,9.6,44698.03,9.61,10.0,0
91360.77,0.154,0.312,0,14.8,13249.42,9.71,3.5,0
105685.09,0.309,0.449,2,4.5,48779.8,11.04,8.3,0
30536.22,0.353,0.498,3,9.4,8953.18,9.99,12.7,1
71290.72,0.177,0.446,0,22.5,12359.93,8.88,9.1,0
59930.87,0.232,0.059,0,19.7,11204.28,3.5,7.2,0
67523.8,0.243,0.74,0,22.5,20487.78,9.25,5.2,1
196871.67,0.177,0.01,0,10.5,56636.24,5.11,3.7,0
55966.63,0.529,0.468,1,13.2,28960.45,10.83,4.6,0
29322.65,0.425,0.841,2,6.1,8559.5,11.41,0.9,1
57172.4,0.236,0.383,0,21.5,15532.45,5.69,1.5,0
152182.83,0.392,0.544,0,10.6,40925.41,12.36,6.6,0
97627.58,0.223,0.53,0,14.0,38791.69,10.01,7.8,0
87965.99,0.248,0.442,1,4.6,37045.57,7.3,2.2,0
61649.08,0.237,0.269,2,14.2,4800.67,8.22,4.0,0
67911.13,0.192,0.611,1,10.3,8927.74,8.15,3.2,0
43111.0,0.191,0.146,1,14.4,6691.1,10.62,10.2,0
94737.33,0.287,0.326,0,12.2,10025.58,9.44,7.9,0
39770.27,0.184,0.712,1,4.3,7647.3,12.63,14.5,0
52703.6,0.298,0.601,0,12.5,25470.48,8.2,2.3,0
60359.26,0.253,0.235,0,5.3,21986.99,7.04,9.5,0
18529.58,0.246,0.285,0,13.0,2000.0,8.38,4.0,0
41855.36,0.469,0.863,1,10.6,21344.98,12.03,16.0,1
48951.99,0.238,0.232,0,12.0,17903.43,6.1,14.0,0
62834.04,0.342,0.595,1,5.9,9031.39,8.82,3.7,0
72528.67,0.155,0.346,0,20.0,31683.17,5.99,6.2,0
145535.64,0.197,0.545,0,8.8,46409.72,9.38,5.8,0
59271.09,0.322,0.52,2,19.4,31003.44,8.84,5.0,0
72754.62,0.369,0.293,0,4.0,34191.16,9.71,10.8,0
109984.65,0.252,0.293,1,8.7,19305.24,9.96,9.1,0
128951.39,0.157,0.321,0,15.4,53087.38,7.2,11.8,0
90142.9,0.3,0.658,0,6.4,27012.64,10.17,8.3,0
81259.46,0.309,0.138,1,17.4,14335.78,8.97,6.7,0
126017.2,0.267,0.333,0,7.3,54388.95,8.53,13.9,0
18608.69,0.223,0.296,1,12.1,2232.91,6.93,2.2,0
220536.62,0.111,0.4,0,3.9,80000.0,6.67,5.5,0
114852.62,0.278,0.811,1,5.0,15530.53,14.61,6.1,1
56397.88,0.271,0.564,0,3.0,20222.34,11.93,16.3,0
35908.9,0.218,0.078,0,10.1,10758.19,6.99,3.0,0
113322.79,0.186,0.374,0,3.5,11056.87,8.54,2.3,1
59356.32,0.318,0.619,1,8.6,3747.45,10.27,4.2,0
79516.39,0.3,0.143,0,24.2,22931.36,4.29,3.6,0
39782.37,0.376,0.122,2,0.9,8388.1,9.02,9.1,1
235601.23,0.167,0.497,0,4.3,80000.0,6.76,0.7,0
35642.45,0.406,0.017,0,5.0,12905.04,9.55,17.4,0
75727.45,0.36,0.217,0,7.4,12132.53,9.72,2.2,0
25864.81,0.139,0.46,0,2.5,4773.13,11.02,21.3,0
57269.73,0.41,0.926,1,3.4,24546.53,12.25,6.6,1
62866.91,0.373,0.567,1,26.2,28598.93,10.48,2.6,0
88921.33,0.585,1.0,1,7.8,26874.37,16.82,2.2,0
68534.35,0.103,0.131,0,3.1,9664.25,4.85,24.0,0
90701.89,0.263,0.202,2,5.9,34758.7,7.69,4.7,0
48938.85,0.237,0.622,0,2.4,4606.97,10.19,5.3,0
59402.02,0.352,0.481,1,14.5,20623.7,12.17,8.8,0
64859.36,0.334,0.444,0,3.1,4828.42,5.73,7.1,0
91139.08,0.131,0.643,0,6.9,41536.61,11.72,5.3,0
71386.61,0.198,0.635,1,3.1,8164.27,13.08,5.5,0
75656.51,0.262,0.281,0,17.0,22501.93,9.06,8.6,0
63886.14,0.191,0.247,1,16.9,22081.45,5.68,7.7,0
99655.16,0.103,0.359,0,8.1,39104.32,6.28,14.6,0
42907.74,0.228,0.413,0,9.2,6515.82,6.12,5.7,0
92875.84,0.264,0.233,1,15.6,28518.92,8.5,9.5,0
172447.8,0.221,0.273,0,9.8,22862.79,7.86,11.9,0
36471.07,0.159,0.018,0,13.2,6121.82,3.5,6.4,0
92226.11,0.098,0.266,0,1.2,30058.8,8.59,5.6,0
90416.35,0.401,0.441,0,6.6,8992.22,9.7,10.6,0
186189.99,0.289,0.083,0,19.3,22848.33,6.75,3.8,0
97069.46,0.193,0.288,1,11.0,12455.76,8.8,8.5,1
55985.65,0.471,0.372,0,3.0,8925.11,8.81,8.4,0
69856.08,0.491,0.283,1,3.4,32820.64,9.18,12.2,1
52474.06,0.324,0.01,0,9.5,18750.82,5.51,9.2,0
70582.53,0.222,0.01,0,10.0,6794.46,6.13,11.7,0
33274.7,0.352,0.253,0,19.3,15563.71,8.07,10.3,0
201153.92,0.045,0.01,0,7.4,45414.35,3.5,3.6,0
70665.58,0.267,0.672,0,5.8,27581.8,9.76,8.6,1
45329.03,0.184,0.446,0,6.8,13245.76,8.63,13.3,0
57786.26,0.556,0.28,4,5.2,29620.28,9.53,6.1,1
156383.15,0.1,0.01,0,8.9,28300.51,4.39,9.6,0
94551.5,0.538,0.494,0,2.6,12737.71,10.02,4.7,0
44270.68,0.423,0.304,0,12.8,16819.25,7.44,15.4,0
18000.0,0.369,0.613,0,16.4,6374.37,10.21,2.3,0
102357.13,0.347,0.225,0,14.1,8557.71,5.88,11.8,0
40386.3,0.365,0.266,0,14.4,5966.44,8.28,1.5,0
82273.0,0.24,0.454,1,29.1,37467.08,6.45,13.0,0
80641.79,0.24,0.868,0,7.7,11808.56,12.75,4.3,0
98767.0,0.273,0.432,0,20.2,24699.26,7.26,0.6,0
172777.8,0.126,0.405,4,13.9,60334.99,10.81,4.7,0
144543.0,0.369,0.278,0,6.1,46531.42,9.63,7.6,0
196026.48,0.167,0.492,0,25.1,17946.95,5.14,8.4,0
104140.48,0.3,0.359,2,7.3,22850.79,9.63,6.9,0
155679.6,0.184,0.592,0,11.0,69110.39,8.67,1.5,0
52617.79,0.496,0.527,0,10.7,17294.73,10.68,4.9,0
33670.41,0.138,0.866,1,8.8,11282.27,15.89,1.7,1
212345.14,0.332,0.266,2,21.1,67557.36,7.72,3.4,0
73613.18,0.317,0.904,2,10.0,9106.58,15.41,10.6,0
110341.48,0.188,0.469,0,4.0,25151.86,7.87,5.0,0
52344.72,0.253,0.708,2,14.8,22705.92,10.52,5.7,0
114579.01,0.161,0.35,1,13.5,36118.84,6.43,2.2,0
18813.31,0.298,0.481,1,8.0,3668.1,11.1,3.6,1
57141.49,0.385,0.627,0,20.9,14071.48,8.22,5.5,0
73700.08,0.198,0.436,1,13.8,7310.29,4.99,6.6,0
77137.35,0.318,0.566,0,2.5,27270.41,10.73,4.3,0
114929.31,0.108,0.321,0,4.7,16754.93,8.71,8.9,0
37191.99,0.178,0.509,1,8.4,3869.17,10.29,0.9,0
100374.68,0.203,0.568,0,16.8,30716.66,6.68,7.8,0
148675.68,0.069,0.618,0,6.4,47422.54,6.6,13.9,0
158845.72,0.357,0.752,1,8.6,24892.6,11.15,13.7,0
74532.2,0.329,0.665,3,12.6,17611.61,10.96,6.4,0
47348.69,0.528,0.859,1,18.1,22122.01,9.95,4.5,1
39295.51,0.142,0.67,0,13.0,17260.66,8.38,2.6,0
171670.28,0.242,0.493,0,14.5,73017.27,9.35,2.0,0
77653.72,0.167,0.22,0,2.7,36908.61,5.81,3.3,0
71205.65,0.189,0.109,0,18.5,12441.95,5.61,5.5,0
34577.52,0.36,0.378,0,5.1,8598.45,9.94,2.6,0
32232.71,0.21,0.55,0,8.3,16651.28,6.63,4.4,0
92774.32,0.338,0.395,0,11.9,22411.36,7.77,6.9,0
60727.67,0.353,0.538,1,3.6,15126.57,10.06,11.3,0
33415.21,0.285,0.547,0,5.8,11901.7,5.07,7.2,0
84796.32,0.413,0.639,1,8.5,28307.3,12.55,7.7,0
22995.19,0.55,0.752,1,13.3,5179.5,13.28,5.0,0
129628.41,0.339,0.774,1,7.9,38264.21,11.42,3.3,0
78402.46,0.393,0.01,1,7.7,17337.96,6.49,16.5,0
65621.65,0.24,0.034,0,12.1,9480.72,4.13,10.0,0
91983.29,0.266,0.632,2,9.3,42806.4,10.81,5.4,0
91141.01,0.112,0.482,0,12.6,24550.91,7.81,3.4,0
130404.65,0.234,0.287,2,7.0,47540.83,8.17,10.2,1
86112.65,0.222,0.039,2,13.3,20101.03,7.1,20.4,0
56658.26,0.275,0.684,0,6.3,13461.45,12.83,5.0,0
49294.17,0.48,0.418,2,9.0,21845.25,12.62,6.7,1
77539.35,0.158,0.575,0,6.1,31748.46,8.75,8.9,0
184784.07,0.192,0.17,0,3.7,23292.8,7.11,12.4,0
41780.75,0.478,0.434,1,9.7,6680.46,10.02,7.8,1
98403.39,0.141,0.461,3,7.7,28509.77,9.85,3.4,1
53182.4,0.371,0.537,0,7.2,13746.36,8.5,4.7,0
33428.71,0.202,0.192,0,8.0,2843.57,7.3,11.4,0
83299.48,0.254,0.602,1,6.4,25236.66,10.95,10.8,0
102518.62,0.05,0.01,0,12.1,40692.54,3.86,3.8,0
71259.95,0.244,0.061,0,5.3,27729.07,9.47,8.4,0
29439.27,0.232,0.26,0,3.9,11884.9,8.72,1.3,0
83565.96,0.405,0.413,0,7.1,34398.39,11.36,3.7,1
72997.65,0.428,0.391,0,12.1,9932.07,7.61,4.2,0
49830.47,0.28,0.123,1,8.2,11467.3,7.09,4.1,0
35142.27,0.258,0.621,0,5.4,5673.16,7.3,3.6,0
44301.45,0.205,0.587,1,7.6,20617.13,8.56,7.1,0
98363.67,0.11,0.381,0,18.0,12301.25,8.86,2.8,0
78100.25,0.417,0.629,0,9.1,34739.71,11.97,4.5,0
57236.41,0.257,0.213,0,11.8,24714.27,4.07,18.4,0
56940.95,0.422,0.731,0,6.1,19977.82,10.37,2.7,0
112357.02,0.362,0.124,0,10.3,40024.53,6.08,4.2,0
32738.21,0.272,0.637,2,8.8,4344.61,10.57,4.7,0
71488.11,0.379,0.489,1,11.1,13691.97,8.75,8.6,0
117293.89,0.328,0.611,1,12.2,49783.81,9.25,4.6,1
33121.36,0.481,0.435,0,13.2,14573.34,9.79,6.7,0
127300.54,0.265,0.461,1,23.5,41049.06,8.05,6.4,0
124214.84,0.407,0.601,1,4.8,59342.12,8.16,4.1,1
69012.43,0.177,0.534,0,10.1,5174.04,10.04,7.2,0
50927.04,0.22,0.656,0,5.7,22721.35,9.78,1.2,0
118845.68,0.221,0.465,0,13.7,54364.77,9.61,5.1,0
58805.53,0.219,0.508,1,13.8,23233.54,9.49,9.8,0
23663.31,0.15,0.433,0,22.3,10004.92,9.24,3.1,0
64334.12,0.342,0.123,0,9.2,15541.48,4.4,5.9,0
101215.57,0.21,0.518,0,15.7,36067.2,8.08,3.0,0
93236.46,0.446,0.783,0,9.4,20057.55,12.7,3.8,0
44244.7,0.433,0.222,0,5.1,13457.63,8.12,7.5,0
65132.77,0.104,0.144,1,12.0,23693.6,5.18,7.4,0
109642.78,0.406,0.67,0,8.7,13429.39,10.03,3.4,1
64668.08,0.428,0.806,0,19.4,13600.2,8.9,2.3,1
36029.23,0.211,0.89,0,14.8,4506.39,13.18,7.7,0
125734.85,0.332,0.383,0,6.0,39598.17,7.7,10.7,0
72068.91,0.286,0.1,1,12.6,25525.84,7.13,1.5,0
78883.76,0.439,0.357,2,8.2,15452.31,10.47,8.2,0
29377.51,0.167,0.676,0,5.8,10031.62,11.6,3.1,0
61420.21,0.316,0.217,1,4.7,6596.2,10.99,1.9,0
71998.33,0.215,0.506,1,7.1,14042.78,8.43,2.3,0
89510.74,0.304,0.358,0,4.4,35482.39,10.7,4.4,0
58026.13,0.222,0.01,0,4.7,6170.21,7.45,6.8,0
23051.45,0.376,0.364,0,14.6,8908.18,5.61,5.2,0
176134.03,0.219,0.168,0,5.6,41196.35,5.7,2.2,1
79552.96,0.362,0.627,0,7.6,33987.95,12.34,5.9,0
115199.7,0.278,0.556,1,9.7,44774.29,9.55,2.9,0
91652.34,0.271,0.739,1,1.7,17762.63,11.48,10.7,1
108648.34,0.14,0.096,0,8.6,6335.85,8.03,3.5,0
54670.53,0.241,0.382,1,6.9,24752.25,9.23,9.0,0
85823.55,0.17,0.625,1,7.6,16988.23,12.65,2.4,1
127935.21,0.432,0.343,1,20.3,44556.44,9.94,4.8,0
76900.81,0.197,0.259,1,12.2,12518.77,9.21,6.4,0
135778.19,0.31,0.541,0,9.6,25045.96,10.33,21.6,0
33661.23,0.269,0.153,1,0.6,11316.32,9.18,2.6,0
23672.7,0.275,0.704,3,14.9,8310.41,11.63,7.8,1
123995.59,0.437,0.497,0,5.1,25055.52,12.04,2.1,0
40758.27,0.328,0.508,1,10.3,4307.43,8.57,11.9,0
183067.76,0.405,0.65,0,16.0,50139.12,9.67,12.7,1
136165.4,0.368,0.265,0,15.2,62750.41,6.14,2.0,0
131679.58,0.26,0.294,0,8.5,28372.28,8.78,5.2,0
109060.73,0.155,0.31,0,10.3,38356.3,6.28,1.3,0
66890.84,0.131,0.093,0,17.1,3344.54,4.27,2.8,0
50053.01,0.204,0.195,0,13.5,18540.83,4.07,11.9,0
113711.17,0.195,0.311,0,2.3,24354.41,8.04,15.6,0
27190.66,0.277,0.204,0,10.2,5191.61,8.33,7.5,0
107584.68,0.425,0.474,0,9.3,18988.36,6.24,7.5,0
94040.67,0.401,0.419,2,5.5,42062.58,10.85,7.0,0
80618.49,0.13,0.373,0,15.0,9423.89,5.68,2.5,0
89911.33,0.373,0.591,1,13.0,13923.54,9.72,4.6,0
84861.41,0.247,0.789,1,12.2,38992.65,11.86,7.9,0
72492.05,0.327,0.232,0,9.2,4123.1,8.73,0.6,0
103551.14,0.192,0.451,0,21.7,46298.56,7.92,6.6,0
92671.38,0.5,0.593,1,7.3,21431.16,11.42,4.0,0
67877.14,0.27,0.547,0,22.0,11361.68,7.87,5.9,0
51072.62,0.333,0.615,1,11.3,6358.25,11.81,3.7,0
156578.95,0.296,0.481,0,9.2,36333.88,10.99,9.7,0
20110.65,0.333,0.974,1,8.1,4983.96,14.79,9.8,1
83126.79,0.229,0.376,0,9.4,14400.22,8.36,5.0,0
101572.22,0.215,0.344,1,2.2,15931.08,7.59,2.8,0
42305.24,0.316,0.723,0,8.9,10578.16,11.17,3.8,0
119180.43,0.428,0.032,0,31.4,48899.9,6.35,3.0,0
65584.7,0.294,0.927,0,11.1,30588.46,11.82,9.5,0
65915.02,0.31,0.305,1,11.7,5599.59,7.34,1.6,0
90732.98,0.382,0.821,2,8.5,19855.36,14.57,3.1,1
41062.07,0.168,0.797,1,6.9,4930.3,10.37,24.4,0
85739.39,0.202,0.622,0,4.3,32256.67,13.85,4.0,0
27117.07,0.447,0.37,3,14.1,11203.48,9.43,2.7,1
79713.41,0.5,0.479,0,4.2,6433.66,10.13,4.4,0
84311.95,0.098,0.144,1,7.9,20878.85,6.38,8.3,0
46473.98,0.26,0.407,2,4.3,5788.28,6.55,9.7,0
94317.06,0.221,0.339,0,5.2,40807.01,8.74,2.0,0
70749.23,0.19,0.318,0,7.0,10598.29,7.58,5.9,0
112797.49,0.418,0.475,0,14.7,37814.91,7.44,3.1,0
87268.04,0.255,0.335,1,6.5,20152.4,8.23,3.0,0
111027.34,0.164,0.269,0,17.2,21711.73,6.79,9.8,0
81168.73,0.163,0.22,0,1.9,16977.65,6.01,2.6,0
47733.38,0.139,0.369,0,10.2,12241.64,8.49,3.3,0
62500.6,0.437,0.391,1,3.9,16910.17,9.99,15.1,1
79408.74,0.212,0.167,0,13.2,23205.78,8.36,6.5,0
60965.63,0.461,0.344,1,18.5,24604.29,9.33,11.2,0
118292.31,0.195,0.425,0,15.2,40826.13,7.39,1.3,0
83868.18,0.121,0.01,0,5.8,27403.76,3.5,7.6,0
81923.6,0.36,0.308,0,17.2,33507.92,7.08,13.6,0
29582.05,0.327,0.387,0,3.7,7367.96,8.37,8.7,1
126525.82,0.293,0.01,0,5.8,54976.83,9.43,5.2,0
54623.35,0.111,0.359,1,13.6,15119.7,5.94,7.4,0
51423.49,0.268,0.141,1,3.9,7348.53,9.04,7.1,0
128902.44,0.35,0.806,1,6.5,16056.73,12.72,0.6,1
96461.44,0.399,0.402,0,7.9,40814.14,7.43,4.1,0
124529.87,0.407,0.78,0,18.6,29102.78,11.14,11.4,1
83337.9,0.45,0.483,0,16.7,23732.77,9.31,7.9,0
78836.13,0.347,0.225,1,16.6,10140.56,7.67,1.8,0
70151.49,0.119,0.406,0,11.7,19826.59,9.16,3.0,0
124848.62,0.044,0.408,0,20.5,25373.78,7.51,12.5,0
138906.57,0.229,0.01,0,4.4,25502.57,7.24,7.1,0
52963.63,0.319,0.514,0,15.7,21257.16,12.33,7.8,0
206774.17,0.312,0.445,0,7.6,47412.2,10.77,1.0,1
57408.87,0.356,0.552,0,3.8,19960.76,7.26,7.5,0
39812.94,0.331,0.282,0,14.7,9602.61,5.91,8.1,0
26354.83,0.458,0.327,0,5.6,11186.8,9.85,2.0,0
35642.85,0.217,0.051,1,8.9,10638.28,7.19,2.5,1
55401.22,0.327,0.051,0,8.8,14201.76,5.93,2.4,0
60321.15,0.199,0.255,2,13.8,11924.8,6.79,1.6,0
65020.76,0.33,0.546,1,12.0,20343.4,11.63,2.0,0
60637.15,0.306,0.574,0,14.5,29897.38,11.24,8.0,0
112077.48,0.374,0.464,0,3.8,22580.41,9.5,13.4,0
62268.05,0.249,0.437,2,5.8,6669.23,11.57,3.4,0
48612.96,0.583,0.369,0,12.9,6856.94,14.71,10.2,0
66889.52,0.235,0.01,1,18.3,19468.25,4.12,5.8,0
154029.99,0.203,0.055,0,10.2,10884.11,4.98,8.2,0
33862.18,0.257,0.294,0,5.4,3141.97,4.84,2.4,0
84004.53,0.172,0.203,0,15.6,28494.33,3.5,2.6,0
65730.07,0.261,0.475,0,12.3,21341.41,9.04,11.6,0
121927.56,0.103,0.195,0,6.3,41125.22,9.06,2.7,0
53778.65,0.503,0.5,1,2.3,26071.25,11.29,1.6,1
85736.11,0.063,0.242,0,13.0,20181.31,8.24,2.8,0
61778.46,0.418,0.502,0,11.8,26699.12,14.73,5.1,0
112273.5,0.464,0.497,1,5.2,38146.72,10.72,4.0,0
68408.16,0.257,0.288,0,7.3,29493.68,5.98,2.1,0
204720.03,0.342,0.387,0,7.1,80000.0,10.91,11.1,0
96156.24,0.123,0.389,1,12.0,13348.31,9.17,4.0,0
71289.73,0.155,0.381,0,15.0,26007.57,9.96,3.0,0
71584.28,0.337,0.01,0,12.5,29620.34,5.43,4.6,0
86272.36,0.238,0.472,0,9.4,8306.08,9.08,3.1,0
64155.58,0.081,0.167,0,15.4,3231.31,3.5,13.8,0
64031.7,0.379,0.571,0,12.2,11870.37,8.56,5.3,0
67015.61,0.449,0.322,1,15.2,9949.34,9.22,13.7,0
77111.53,0.29,0.299,2,5.8,20510.93,8.86,2.8,1
63876.4,0.317,0.51,4,9.7,30453.97,10.86,4.0,1
88456.64,0.24,0.035,0,10.3,37640.1,3.93,7.4,0
79933.31,0.227,0.079,0,3.0,8583.51,5.13,8.0,0
157628.78,0.152,0.504,0,11.0,64840.66,6.54,1.6,0
85896.66,0.134,0.297,0,2.9,11775.53,8.19,1.1,0
241033.4,0.292,0.501,0,25.5,52371.49,7.26,9.5,0
79547.0,0.05,0.119,0,8.8,24148.14,5.37,3.8,0
148930.5,0.16,0.01,0,16.5,21054.96,3.5,4.1,0
52496.83,0.352,0.197,2,19.7,9455.74,7.71,7.6,0
125752.34,0.266,0.494,0,13.7,25819.06,10.6,5.9,0
47448.75,0.274,0.661,0,5.8,12474.94,10.54,2.9,0
69853.52,0.414,0.725,0,11.8,8966.43,8.98,4.1,1
43803.11,0.237,0.291,0,3.0,16364.16,6.66,8.9,0
74811.98,0.484,0.315,0,8.1,18683.01,10.8,7.8,0
48696.26,0.321,0.693,0,14.6,17603.23,9.47,3.3,0
41181.22,0.291,0.371,0,12.2,6434.53,8.7,2.3,0
45402.15,0.404,0.646,0,12.0,18693.21,9.59,9.8,0
105988.39,0.431,0.549,2,9.0,33735.97,7.3,3.2,0
73084.32,0.462,0.608,1,4.9,10658.58,9.94,6.4,0
32715.17,0.276,0.614,0,8.5,11861.24,8.18,2.6,0
118881.66,0.16,0.396,0,8.8,38766.46,11.8,11.8,0
44620.57,0.3,0.384,0,2.5,17979.89,7.7,6.7,0
102552.43,0.4,0.246,0,16.1,44437.79,9.99,15.5,0
80288.53,0.381,0.216,1,17.8,27850.24,9.3,4.2,0
102574.81,0.092,0.01,0,11.1,23425.27,4.94,2.7,0
170650.14,0.12,0.541,0,14.4,65764.4,7.87,3.6,0
66592.19,0.289,0.01,0,2.8,21623.67,6.57,2.8,0
69199.58,0.453,0.281,0,7.3,33219.08,5.64,15.6,1
128945.03,0.372,0.388,1,5.5,49078.03,10.27,10.0,0
46423.73,0.4,0.446,3,9.8,15525.19,11.93,12.6,1
37648.76,0.344,0.311,0,6.7,12966.21,11.73,6.0,0
56464.42,0.228,0.567,0,3.7,17959.24,10.75,18.5,0
63072.48,0.312,0.342,2,13.2,19274.04,7.5,6.8,0
42146.73,0.302,0.077,1,3.2,13696.81,6.51,2.3,0
60376.53,0.297,0.432,3,1.6,29405.61,11.45,1.9,1
29065.28,0.41,0.386,1,24.8,5576.18,6.9,4.4,0
122343.68,0.49,0.427,0,4.7,40775.46,7.87,7.7,0
69276.32,0.361,0.609,1,17.3,25720.21,7.52,4.7,0
205366.55,0.198,0.154,0,5.0,72440.98,7.97,6.5,0
98170.16,0.201,0.516,0,12.2,31485.79,8.15,1.2,0
46625.27,0.449,0.867,0,0.5,11111.9,11.86,5.4,1
62481.61,0.227,0.422,0,13.2,3689.83,7.1,2.3,0
69721.04,0.202,0.692,1,3.5,16112.81,14.04,1.9,0
61549.35,0.31,0.23,0,16.9,14371.37,6.98,17.7,0
87687.41,0.398,0.526,1,6.2,32141.58,10.75,2.0,1
56094.82,0.089,0.273,1,15.0,18452.32,10.98,3.3,0
138656.51,0.306,0.59,0,8.5,65268.3,9.49,8.1,1
137128.16,0.142,0.372,0,8.9,25205.43,9.37,9.0,0
66243.54,0.134,0.67,1,1.3,22415.45,11.79,8.9,0
195974.09,0.248,0.114,0,19.8,25447.0,5.03,23.7,0
55571.06,0.227,0.27,0,7.7,3277.16,7.33,6.0,0
70360.16,0.122,0.74,1,16.9,25979.11,10.58,3.9,0
44025.75,0.245,0.436,0,15.9,12185.58,5.82,1.7,0
146557.15,0.381,0.498,2,2.3,67382.9,11.36,2.9,0
34289.41,0.109,0.464,1,7.0,10564.86,10.77,6.1,0
41354.49,0.235,0.464,1,12.0,16208.28,8.04,7.2,0
54559.67,0.492,0.615,0,4.2,25342.48,11.36,1.0,0
121552.94,0.452,0.415,0,16.6,31901.1,9.62,8.8,0
112416.39,0.264,0.58,0,8.4,24864.2,9.69,2.7,0
71709.15,0.204,0.468,0,9.0,8277.75,6.64,2.7,0
99206.06,0.305,0.56,1,9.5,44857.06,8.21,0.9,0
54104.73,0.221,0.942,0,13.6,26590.94,13.68,14.4,0
87521.88,0.419,0.763,0,2.8,41301.78,13.09,1.2,1
177578.32,0.165,0.133,0,5.1,33263.25,7.21,10.3,0
59677.53,0.332,0.863,0,7.5,15735.46,13.08,5.8,1
43656.18,0.252,0.154,0,3.1,7093.11,5.9,7.4,0
107662.59,0.263,0.144,1,9.6,27702.04,9.4,6.3,0
111869.91,0.335,0.01,0,7.4,15647.03,3.5,3.6,0
80446.51,0.252,0.525,0,6.9,8571.68,10.05,1.5,0
113793.15,0.329,0.304,1,9.3,12582.42,6.97,2.7,1
69732.66,0.239,0.305,0,10.6,8641.17,8.2,11.6,1
64560.53,0.433,0.31,1,9.4,18199.43,6.56,3.5,0
105227.53,0.202,0.022,0,5.8,17161.27,7.65,14.4,0
100503.85,0.13,0.045,1,7.5,27136.6,4.97,12.8,0
155601.82,0.222,0.444,1,4.7,41500.6,8.73,9.3,0
83512.74,0.429,0.58,0,11.3,24918.47,10.99,20.7,0
74171.33,0.332,0.01,1,10.5,15016.66,9.76,9.4,0
96545.92,0.285,0.477,1,8.7,8140.63,8.17,3.9,0
117674.59,0.131,0.722,0,33.8,24733.37,6.28,3.5,0
105011.34,0.255,0.24,1,4.5,31827.58,7.13,3.8,0
93712.75,0.257,0.15,0,3.4,22127.46,9.41,8.7,0
36829.39,0.228,0.073,1,9.8,4550.81,5.34,2.2,0
18000.0,0.32,0.425,1,11.1,4569.96,7.44,8.0,0
115992.08,0.279,0.77,2,14.5,17185.41,7.63,1.4,0
95516.35,0.313,0.639,0,1.6,43233.18,9.89,8.1,0
66289.31,0.271,0.369,0,7.1,18162.56,7.35,9.6,0
93031.25,0.181,0.493,0,11.9,41601.54,9.14,7.0,0
141211.82,0.503,0.597,2,9.1,24400.92,11.65,4.5,1
147534.77,0.158,0.398,0,7.6,34318.31,6.65,5.2,0
95449.7,0.264,0.305,0,27.9,27163.09,4.18,3.9,0
44131.89,0.265,0.507,0,11.2,10348.08,8.97,2.7,0
37247.97,0.312,0.717,2,15.9,8921.91,10.56,1.3,0
18000.0,0.34,0.531,0,1.6,6530.34,10.56,12.4,1
89306.79,0.195,0.333,3,10.2,41342.35,8.26,2.3,0
120736.92,0.148,0.438,1,5.5,50876.96,8.87,4.7,0
111022.87,0.153,0.671,0,5.5,40918.14,10.0,7.3,1
96794.13,0.141,0.749,1,5.7,30634.8,9.69,6.3,0
48264.99,0.276,0.855,1,6.1,13023.01,12.03,8.7,1
51218.42,0.239,0.337,2,10.7,15639.78,10.07,4.1,0
48824.66,0.118,0.34,0,9.3,20535.89,7.31,6.8,0
67667.24,0.352,0.171,0,15.0,29419.1,6.74,8.2,0
51636.91,0.264,0.453,0,13.1,12810.39,10.41,2.0,0
144505.3,0.179,0.962,1,18.4,53892.77,9.01,6.4,0
41494.93,0.221,0.423,0,8.7,11856.65,9.93,6.2,0
51894.79,0.338,0.424,0,7.0,5618.27,11.67,13.1,0
33016.01,0.198,0.533,0,15.0,10252.91,9.47,11.6,0
76822.33,0.207,0.347,0,6.5,9897.34,5.89,2.9,0
56504.92,0.488,0.286,1,16.8,9203.99,11.18,7.7,0
80850.99,0.183,0.01,0,13.9,15595.2,4.01,2.6,0
31464.16,0.253,0.663,1,3.5,14345.19,11.96,10.0,1
72874.23,0.204,0.663,0,11.5,15107.98,8.28,8.8,0
51192.41,0.497,0.525,2,6.3,17372.62,11.57,5.1,0
58112.41,0.408,0.339,1,7.3,9286.98,10.34,3.4,1
154917.61,0.368,0.457,0,13.7,74870.71,7.67,14.5,0
70691.92,0.105,0.749,0,22.5,8707.19,8.42,6.2,0
74866.19,0.45,0.339,1,6.2,13925.21,8.95,5.5,1
50074.57,0.176,0.177,0,14.1,14194.35,6.11,2.1,0
35206.74,0.31,0.561,3,13.6,18418.62,9.17,16.0,1
61862.59,0.448,0.344,0,13.1,7434.31,7.26,3.7,0
165182.43,0.477,0.845,2,9.7,48558.59,9.4,0.7,1
51283.54,0.262,0.302,0,6.6,18235.17,7.21,1.0,0
107976.96,0.108,0.01,0,15.7,5398.85,4.76,3.1,0
30087.2,0.356,0.566,2,1.8,11661.83,9.5,9.6,1
19863.27,0.307,0.346,0,9.2,2191.46,8.38,5.2,0
36638.57,0.401,0.229,0,19.8,10963.98,9.76,5.8,0
212291.71,0.132,0.296,1,7.7,41155.78,5.89,4.8,0
76364.7,0.428,0.978,0,8.9,32547.28,9.73,2.2,1
166885.5,0.272,0.513,0,23.2,45398.56,7.02,6.8,0
52064.43,0.495,0.499,0,15.4,17551.44,9.75,2.5,0
22845.16,0.224,0.43,2,3.6,4669.47,8.52,3.2,0
31021.7,0.416,0.45,1,9.6,6369.96,9.65,4.4,0
76699.31,0.443,0.332,1,6.6,26939.15,6.65,1.5,1
65615.47,0.285,0.455,0,3.0,13688.22,9.63,3.6,0
95655.82,0.268,0.404,0,12.0,6527.06,6.64,12.7,0
53446.43,0.35,0.291,0,21.2,6907.47,6.68,12.8,0
99971.28,0.321,0.265,0,5.4,24920.09,6.46,8.9,0
51577.37,0.337,0.554,1,3.8,20464.63,8.56,2.1,1
67590.99,0.353,0.502,0,4.8,19837.7,10.51,6.4,0
79186.82,0.176,0.719,0,7.3,36964.34,10.45,5.7,0
56532.78,0.221,0.548,1,11.4,6339.73,6.36,2.3,0
36873.36,0.405,0.342,1,31.2,6506.39,4.85,1.8,0
79756.6,0.134,0.566,0,11.6,4724.46,7.13,7.0,0
152101.81,0.169,0.405,0,11.3,36926.22,10.31,0.8,0
122352.26,0.202,0.544,0,13.8,15319.23,9.89,12.3,0
128414.74,0.11,0.335,1,9.4,49508.78,8.09,8.5,0
44174.96,0.363,0.206,0,4.6,8536.94,8.04,5.8,0
28022.97,0.181,0.959,1,4.0,4365.75,12.05,0.5,1
97471.68,0.271,0.405,2,3.3,21047.08,11.42,1.7,0
107276.98,0.346,0.249,0,4.8,50169.14,8.66,7.4,0
63134.58,0.327,0.481,0,4.1,24965.35,8.19,1.3,0
49538.87,0.457,0.729,0,28.7,20924.68,9.84,5.8,0
34151.06,0.256,0.42,2,6.4,4254.25,7.32,9.1,0
115209.57,0.222,0.633,1,4.1,46284.06,9.75,5.0,0
133018.74,0.165,0.01,0,4.5,45450.28,3.5,5.8,0
42926.39,0.143,0.391,0,9.1,7402.98,6.07,6.9,0
47475.01,0.149,0.445,1,11.7,13998.88,5.22,6.8,0
145854.07,0.134,0.434,0,10.1,44239.42,7.46,4.7,0
65430.65,0.11,0.086,0,6.0,14576.92,6.1,16.0,0
139821.08,0.315,0.271,0,4.9,19340.11,5.55,4.7,0
70431.98,0.429,0.589,0,23.7,17790.24,8.25,5.7,0
53575.72,0.155,0.392,1,23.3,15677.37,6.95,5.1,0
56986.05,0.348,0.42,1,7.8,23451.86,10.81,6.0,0
69640.92,0.224,0.01,0,9.0,16550.61,3.5,8.8,0
117602.66,0.42,0.523,1,21.3,32005.62,11.47,5.6,0
106912.17,0.192,0.272,0,16.1,21656.26,9.41,2.5,0
107882.2,0.452,0.627,0,8.4,45349.62,10.41,6.2,1
60935.24,0.229,0.614,0,6.4,15562.7,11.45,12.9,0
67570.39,0.148,0.432,0,7.1,19784.67,7.65,2.8,0
61805.31,0.328,0.7,0,4.3,30306.75,11.59,17.0,0
46999.15,0.458,0.524,1,4.2,13884.85,11.8,2.5,1
141640.81,0.161,0.376,1,7.7,53260.78,11.73,4.4,0
112459.21,0.387,0.272,1,5.5,33224.64,10.28,2.6,1
60862.96,0.392,0.335,0,9.6,27523.58,7.42,4.3,1
41249.09,0.26,0.666,1,6.6,16084.6,13.84,9.7,0
129792.15,0.371,0.447,0,5.1,24587.68,10.35,17.9,0
66374.38,0.388,0.345,0,5.1,29734.07,8.39,5.4,0
74749.53,0.348,0.352,1,15.1,13255.08,8.38,6.1,0
122107.08,0.232,0.332,0,8.7,12801.71,8.24,1.4,0
44170.05,0.337,0.465,0,5.1,9791.28,8.52,1.9,1
56636.27,0.258,0.209,0,6.0,25148.1,7.44,6.3,0
77308.84,0.061,0.01,0,3.5,15252.97,4.36,6.7,0
36815.31,0.324,0.314,1,8.4,4473.06,9.49,5.9,1
76704.14,0.332,0.795,1,3.3,8418.11,11.05,6.4,1
56640.16,0.266,0.268,0,7.3,6279.12,8.35,21.0,0
54772.23,0.416,0.523,0,13.9,16170.68,12.85,3.9,0
60756.73,0.361,0.012,0,8.3,4107.83,8.28,5.8,0
46550.94,0.128,0.356,0,8.6,10768.56,6.97,5.9,0
44268.61,0.317,0.256,0,7.8,13296.91,7.67,3.4,0
99633.24,0.165,0.559,1,10.5,38370.29,5.42,17.4,0
59655.64,0.312,0.527,0,9.3,14669.15,9.61,11.2,0
70217.18,0.175,0.664,0,20.8,22090.66,9.04,5.3,0
193775.39,0.343,0.188,0,12.6,56130.2,7.71,0.3,0
67187.25,0.392,0.501,0,14.2,11715.68,9.99,2.9,0
103349.79,0.206,0.066,0,7.5,38763.8,3.85,6.8,0
108618.6,0.265,0.314,0,5.8,29970.41,8.72,6.3,0
71912.04,0.18,0.199,0,14.7,6973.87,5.85,2.4,0
77317.42,0.19,0.202,0,6.3,11383.28,4.71,6.4,0
67072.19,0.223,0.381,0,5.8,16997.95,8.32,11.2,0
77265.76,0.213,0.729,1,4.7,15821.77,12.02,3.4,0
54910.84,0.235,0.37,0,4.1,17844.81,9.55,3.8,1
56741.78,0.363,0.045,1,2.1,19777.05,7.71,3.2,0
45896.76,0.504,0.806,4,9.6,13692.48,14.63,1.8,1
29853.74,0.325,0.01,0,12.1,4304.28,7.29,9.3,0
152459.37,0.151,0.202,0,7.3,12790.78,3.5,3.3,0
113261.91,0.482,0.788,1,16.0,51717.19,10.62,7.0,1
68986.7,0.259,0.384,3,3.7,10234.29,6.44,6.2,1
116714.39,0.18,0.258,0,5.8,48014.39,6.68,6.5,1
99841.65,0.379,0.818,0,10.8,30295.51,10.36,2.2,0
41648.8,0.275,0.677,1,12.3,5537.54,8.31,3.4,0
91801.74,0.424,0.626,1,10.5,44899.63,10.16,7.3,1
57315.47,0.198,0.311,0,12.9,9818.74,9.7,14.2,0
219076.87,0.221,0.549,1,3.2,80000.0,11.58,9.2,0
48022.84,0.314,0.721,0,12.9,18776.42,12.09,15.0,0
96044.44,0.275,0.486,0,16.1,14296.38,9.67,11.2,0
53420.32,0.431,0.606,1,6.9,23256.11,9.41,4.8,1
182059.41,0.335,0.611,0,4.9,78751.33,7.59,2.4,0
57093.53,0.145,0.377,0,13.5,24451.39,5.09,3.4,0
107870.74,0.291,0.128,0,8.5,11442.35,6.25,8.8,0
75704.58,0.32,0.388,0,8.9,29160.51,8.58,3.1,1
80803.35,0.452,0.311,0,19.2,31584.68,7.45,4.4,0
56892.78,0.354,0.949,0,2.8,21602.66,12.97,7.4,1
43088.83,0.46,0.588,0,3.5,18892.34,11.73,8.8,0
18997.05,0.221,0.109,0,16.8,5457.26,6.6,0.8,0
109396.41,0.397,0.601,0,9.5,36861.46,10.47,9.1,0
52610.04,0.328,0.62,0,4.3,16739.82,9.81,0.5,0
145636.53,0.073,0.092,1,8.3,51328.8,7.19,9.1,0
81673.88,0.293,0.198,0,0.8,7208.51,6.98,1.6,0
116774.08,0.283,0.699,0,9.0,27339.01,8.91,6.1,1
106803.4,0.284,0.298,0,9.2,17741.53,6.12,0.7,0
19735.63,0.308,0.236,0,12.8,4616.94,7.9,8.6,0
91035.4,0.159,0.43,1,7.6,34478.15,10.01,2.9,1
50945.31,0.246,0.602,0,5.7,25300.14,10.45,4.0,1
106977.13,0.435,0.352,0,5.4,43298.49,5.81,6.5,1
87930.15,0.197,0.908,1,4.9,15262.19,14.15,5.5,1
113033.8,0.43,0.396,0,30.6,11035.95,5.35,5.6,0
44804.81,0.445,0.979,0,11.1,8822.66,10.48,1.0,1
44887.5,0.369,0.22,0,9.5,6866.76,9.83,5.6,0
55961.49,0.308,0.052,0,4.5,21268.9,6.46,10.4,0
30276.23,0.351,0.652,1,5.3,2395.47,12.33,9.9,0
55383.88,0.29,0.264,0,14.8,19975.2,9.12,17.1,0
26302.45,0.338,0.49,0,4.0,4061.91,7.98,10.2,0
27320.16,0.273,0.416,0,12.1,8101.1,9.65,5.3,0
66974.68,0.435,0.885,1,12.7,26781.11,14.57,4.2,0
89393.79,0.197,0.685,1,4.9,36429.22,12.5,1.5,0
60654.14,0.233,0.77,0,7.2,29486.47,10.66,12.7,0
52893.52,0.437,0.277,0,12.2,10178.55,8.01,6.0,1
44486.57,0.406,0.441,1,10.6,10548.37,9.79,7.1,1
55321.31,0.2,0.268,0,7.0,21692.3,10.38,2.6,0
49176.99,0.154,0.128,0,12.6,18751.19,5.67,3.3,0
63369.75,0.334,0.284,1,17.2,25340.23,8.23,4.7,0
31705.72,0.156,0.232,0,17.6,9521.64,3.5,8.6,0
86459.01,0.412,0.312,1,2.5,39775.65,9.88,5.7,0
57190.89,0.11,0.447,0,4.9,15632.42,9.48,3.1,0
72710.75,0.447,0.782,1,1.4,16030.83,10.39,3.0,1
120347.59,0.254,0.546,0,22.7,11579.97,10.61,2.1,0
87225.47,0.256,0.423,0,17.6,38760.82,10.95,1.5,0
108604.91,0.286,0.376,0,4.0,21607.37,9.91,3.0,0
29935.62,0.139,0.188,0,5.7,12227.98,7.11,6.1,0
45623.85,0.235,0.889,4,6.2,16304.38,14.44,7.5,1
134832.45,0.276,0.688,0,16.6,21650.27,8.86,14.6,0
97102.25,0.166,0.357,0,12.6,35613.13,7.74,4.8,0
135085.08,0.349,0.423,0,4.8,52005.11,10.92,7.6,0
168831.9,0.165,0.421,0,4.7,73616.0,8.56,5.3,0
80916.26,0.278,0.205,1,11.1,12453.02,6.48,6.1,0
70844.17,0.291,0.383,0,20.5,15891.03,8.26,5.8,0
37569.21,0.337,0.511,1,8.3,6490.23,10.89,3.8,1
47258.94,0.235,0.674,1,17.5,16563.9,7.59,9.1,0
49665.86,0.239,0.823,0,20.7,20966.87,11.85,10.4,0
46934.05,0.325,0.549,0,18.4,8789.9,7.53,5.2,0
43247.15,0.294,0.182,1,33.8,13491.54,4.31,10.9,0
89672.55,0.284,0.077,0,25.2,16330.15,6.34,11.4,0
174913.2,0.181,0.257,0,5.3,47864.74,6.45,2.5,0
86581.49,0.328,0.753,1,9.0,42148.14,9.03,8.9,0
51540.99,0.293,0.512,0,8.7,20956.0,6.8,1.0,0
123614.79,0.38,0.038,0,14.8,34665.59,5.81,10.7,0
79800.28,0.213,0.439,0,8.3,23266.97,5.56,4.6,0
69964.5,0.433,0.072,1,10.6,5795.7,7.57,1.7,0
77518.96,0.21,0.224,0,19.7,31665.16,7.11,5.3,0
60046.08,0.156,0.382,0,16.4,26939.1,7.26,5.8,0
99335.03,0.098,0.316,0,15.3,22078.26,5.82,6.0,0
84686.42,0.427,0.058,1,5.3,31276.47,6.73,7.6,0
60735.35,0.428,0.429,0,9.7,25244.69,7.88,11.6,0
60149.15,0.039,0.389,1,6.4,26091.45,9.96,7.9,0
83577.12,0.131,0.414,0,21.6,29486.04,7.86,9.3,0
84679.66,0.327,0.694,1,5.1,17887.57,11.97,1.5,0
67306.19,0.179,0.602,0,10.9,5147.0,8.22,10.2,0
35588.65,0.4,0.395,2,5.0,4873.31,11.09,4.4,0
125268.37,0.49,0.282,0,8.1,39866.49,8.19,12.8,0
102077.9,0.462,0.408,1,4.9,11216.12,11.8,11.4,0
26972.9,0.354,0.299,0,4.4,11372.17,9.19,3.1,0
146708.31,0.138,0.352,0,11.2,24537.36,6.85,1.1,0
60397.07,0.164,0.685,1,3.5,22588.1,9.44,3.8,1
91170.32,0.185,0.394,1,9.5,34444.68,9.48,4.7,0
107721.01,0.439,0.694,0,12.7,37689.39,10.22,7.5,0
174630.13,0.215,0.442,0,6.6,26716.15,10.07,3.3,0
95008.45,0.293,0.46,1,5.2,31639.9,8.49,6.4,0
80588.44,0.189,0.055,1,5.1,12255.76,6.28,7.5,0
29642.08,0.439,0.414,0,1.8,10592.16,10.23,3.8,0
30769.88,0.23,0.687,2,9.0,2499.39,11.93,4.7,1
115522.71,0.383,0.508,0,3.8,17388.23,10.41,2.0,0
121842.92,0.181,0.548,0,5.8,56455.38,7.49,3.3,0
38137.52,0.5,0.823,1,5.6,7561.0,10.55,5.4,1
45757.51,0.328,0.8,1,5.2,21109.48,13.21,9.7,1
51697.09,0.346,0.626,0,14.2,20854.1,10.46,3.6,0
38290.29,0.269,0.542,1,9.2,6594.47,10.62,7.5,0
119323.16,0.329,0.781,0,9.9,51399.97,12.82,4.2,0
63340.44,0.219,0.258,0,5.0,17787.34,8.1,2.0,0
70827.76,0.227,0.032,0,14.3,25429.3,4.57,5.6,0
227667.27,0.308,0.781,0,23.9,62600.34,9.86,8.1,0
49682.69,0.124,0.247,0,6.5,2484.13,4.62,10.7,0
105843.29,0.063,0.446,1,11.2,47318.98,8.12,11.7,0
38142.53,0.437,0.263,0,4.6,5834.16,10.12,2.1,1
77783.41,0.126,0.123,0,13.0,6832.79,4.31,5.9,0
68206.66,0.332,0.695,0,4.9,8254.2,12.02,16.8,0
88224.12,0.361,0.847,0,11.5,36223.2,9.83,8.2,1
64997.68,0.311,0.318,1,10.7,9810.35,10.04,13.4,0
66580.06,0.254,0.268,1,9.7,6199.92,7.39,15.8,0
64162.36,0.237,0.627,1,8.5,11968.53,8.82,2.1,0
47259.82,0.149,0.343,0,9.6,20628.66,6.76,1.1,0
93616.87,0.42,0.564,1,11.9,22286.6,7.05,3.3,0
76570.64,0.199,0.372,0,13.8,26119.78,7.43,3.8,0
88001.19,0.235,0.01,1,7.9,20541.37,7.53,1.1,0
50311.29,0.36,0.727,2,2.4,13837.26,13.35,13.1,1
69548.96,0.21,0.311,0,8.8,28898.51,7.13,13.8,0
95695.05,0.296,0.556,1,5.6,17486.56,9.75,6.0,0
131179.09,0.242,0.01,0,15.0,36897.82,4.92,15.7,0
132551.01,0.148,0.354,1,8.8,59269.97,6.34,3.8,0
67292.99,0.426,0.744,1,9.0,10365.04,12.9,7.8,0
108610.63,0.285,0.539,0,4.7,49033.6,8.92,6.4,0
59562.69,0.255,0.534,0,13.8,14888.33,7.05,2.3,0
56502.66,0.194,0.398,1,16.5,22797.06,9.89,10.2,0
112817.04,0.205,0.459,0,5.2,32643.85,8.27,3.1,0
111134.4,0.235,0.104,2,7.4,20525.45,7.99,2.8,0
53599.49,0.148,0.499,1,15.2,9390.08,7.36,1.5,0
30548.18,0.499,0.749,2,6.5,4476.9,13.95,22.3,1
57175.92,0.431,0.516,0,14.0,24073.49,7.61,7.6,0
44708.06,0.328,0.556,0,8.4,17583.98,8.88,3.4,0
139731.76,0.391,0.482,0,4.1,34906.06,10.55,0.3,0
123727.74,0.117,0.273,0,11.7,23304.64,4.82,3.8,0
43738.51,0.206,0.421,0,9.1,15305.64,5.93,2.5,0
48452.97,0.102,0.549,3,12.0,17971.92,8.27,5.0,1
51433.99,0.106,0.373,0,10.8,4778.98,8.09,3.5,0
36794.96,0.375,0.523,2,12.8,17155.21,10.54,12.8,1
65366.73,0.199,0.115,0,16.8,9136.86,5.07,8.4,0
130701.73,0.216,0.371,0,9.3,16404.28,7.62,7.8,0
35558.04,0.301,0.807,2,14.1,14491.4,12.65,5.1,1
237487.24,0.112,0.622,0,8.5,80000.0,8.23,7.0,0
46446.94,0.298,0.46,0,14.3,11654.88,10.74,8.3,0
28312.87,0.303,0.419,2,10.3,8963.16,7.31,1.2,1
151874.0,0.191,0.905,0,17.0,28387.83,12.86,3.2,0
164607.84,0.147,0.114,0,19.6,25230.69,3.9,5.2,0
57107.87,0.347,0.18,0,6.7,15740.0,8.54,2.9,0
87006.41,0.396,0.154,0,11.7,21731.15,5.32,1.2,0
64604.54,0.396,0.469,1,9.4,8262.23,9.13,9.1,0
80007.44,0.303,0.699,1,12.7,6840.18,9.85,0.8,0
30845.82,0.216,0.64,3,29.6,9422.77,10.45,11.7,0
18000.0,0.539,0.703,2,16.2,4873.41,13.14,4.1,1
51945.24,0.296,0.419,1,15.3,18046.0,9.01,7.6,0
167699.87,0.342,0.543,0,23.0,31826.91,11.39,2.7,0
155699.23,0.233,0.414,0,11.6,45505.6,8.74,8.5,0
68786.07,0.153,0.105,0,12.5,13658.33,4.18,5.6,0
41117.66,0.265,0.432,0,7.7,5859.02,10.3,1.9,0
80559.27,0.158,0.01,0,22.4,23125.45,5.11,5.8,0
87306.9,0.221,0.288,0,6.7,34373.71,4.79,11.1,0
90019.2,0.327,0.696,1,16.0,39722.16,10.96,2.4,1
19987.99,0.119,0.386,0,5.9,7121.74,7.29,3.4,0
250000.0,0.245,0.515,1,6.9,21413.85,9.56,14.9,0
128883.35,0.118,0.402,1,9.2,20486.63,8.03,4.9,0
67583.28,0.227,0.343,1,7.1,11195.96,7.59,10.0,0
49087.89,0.166,0.256,0,8.9,20746.73,3.5,10.8,0
110010.48,0.461,0.637,2,3.0,45116.45,11.84,7.4,1
92528.16,0.072,0.733,0,9.1,32082.28,9.02,4.1,0
67485.19,0.337,0.212,2,4.0,10882.46,7.86,3.8,0
113280.86,0.225,0.085,0,7.1,46717.99,7.73,5.1,0
72405.11,0.199,0.522,0,6.8,28831.66,8.69,1.2,1
86244.82,0.227,0.274,0,12.1,32077.62,3.5,7.8,0
110513.79,0.306,0.694,0,8.5,42817.53,7.13,17.3,0
61782.99,0.412,0.486,1,2.8,15026.6,8.08,7.0,0
77955.05,0.132,0.43,1,14.5,33916.04,11.34,0.7,1
128998.07,0.275,0.597,1,13.2,21913.34,8.02,7.1,0
34131.24,0.367,0.419,1,6.2,9564.06,10.76,1.3,1
46481.24,0.332,0.318,0,7.1,19958.4,6.76,8.9,0
83654.68,0.145,0.654,0,10.1,14203.56,10.92,6.5,0
49222.06,0.301,0.561,2,7.0,17327.8,13.9,2.7,1
65322.3,0.211,0.342,0,11.3,9574.56,7.14,5.1,0
131895.29,0.116,0.537,0,4.1,18208.25,10.69,1.6,0
95353.24,0.139,0.01,0,21.0,6712.71,7.43,16.2,0
33850.95,0.139,0.634,0,16.2,2761.74,8.08,6.5,0
43907.07,0.506,0.509,1,7.9,18214.83,9.82,1.9,0
61223.95,0.416,0.73,1,9.9,23562.34,11.96,5.3,1
56121.13,0.29,1.0,2,21.4,12454.34,11.16,3.6,1
71120.12,0.206,0.835,1,1.4,19975.91,12.76,3.3,1
76671.97,0.285,0.687,0,10.1,34147.52,11.13,16.9,0
68397.08,0.209,0.275,0,2.0,5054.78,5.12,2.7,0
45277.43,0.062,0.505,0,11.1,8616.42,7.28,1.5,0
45799.89,0.339,0.589,0,14.5,21842.5,7.56,0.8,0
49911.13,0.381,0.529,0,13.6,18007.4,5.1,3.4,0
39789.94,0.418,0.451,2,15.2,13356.49,9.58,16.4,0
100452.43,0.407,0.617,1,11.9,34972.82,9.1,4.1,0
60208.51,0.492,0.551,0,4.9,20742.03,11.23,5.1,0
103556.48,0.37,0.208,2,17.7,11012.96,10.88,9.4,0
45667.19,0.34,0.938,0,3.6,8753.23,12.6,4.6,0
106916.72,0.513,0.634,2,18.6,28214.28,13.66,11.2,1
110624.57,0.245,0.297,1,8.9,11155.67,8.39,4.3,0
77554.43,0.169,0.44,0,9.0,12009.41,8.74,2.9,0
107167.25,0.146,0.039,0,9.6,43365.87,6.94,13.2,0
59855.53,0.046,0.431,0,6.9,13068.71,7.68,8.7,0
22210.72,0.384,0.635,0,19.0,4384.05,8.76,12.9,0
52444.42,0.345,0.306,2,5.8,10761.28,7.33,7.0,0
96535.27,0.399,0.39,1,5.2,32167.97,8.3,3.1,0
64651.62,0.328,0.196,0,8.0,7067.46,6.42,7.4,0
85713.39,0.116,0.159,0,13.3,24778.47,5.61,9.3,0
36842.86,0.376,0.665,0,2.3,4275.85,10.16,9.2,0
28122.4,0.295,0.642,0,26.8,2530.87,8.55,7.5,0
123748.27,0.207,0.674,0,16.9,14785.51,8.93,7.5,0
55723.62,0.281,0.08,1,14.3,6826.14,6.73,13.5,0
44433.87,0.379,0.772,1,4.4,8949.59,12.71,2.7,0
50093.67,0.484,0.688,1,14.9,5529.48,14.28,3.0,1
174419.01,0.184,0.081,0,11.6,45779.82,5.27,3.8,0
102864.82,0.246,0.181,0,10.9,37401.9,8.18,3.2,0
41393.33,0.417,0.17,1,7.2,6712.8,6.92,0.5,0
140326.25,0.461,0.482,0,11.7,63224.84,11.99,6.1,0
61946.77,0.387,0.503,0,24.7,28611.59,9.43,12.4,0
53742.84,0.268,0.281,1,6.7,12474.28,7.61,11.1,0
73216.03,0.336,0.01,0,14.6,31691.53,3.81,2.8,0
41933.6,0.385,0.793,0,8.5,8678.2,10.24,3.0,1
39475.6,0.15,0.051,0,4.3,10312.65,7.54,8.4,0
105327.15,0.197,0.635,0,9.4,49203.8,7.94,10.6,0
65863.34,0.264,0.01,0,20.0,22607.84,4.33,3.2,0
75045.28,0.227,0.946,1,5.1,36039.78,13.97,2.8,1
78564.24,0.246,0.227,1,6.2,22222.41,6.73,1.5,0
87369.96,0.309,0.462,1,7.1,15555.53,9.36,12.1,0
27328.66,0.294,0.111,1,16.9,5707.39,7.61,9.5,0
41654.28,0.255,0.193,0,6.1,20264.32,8.73,3.8,0
72017.7,0.232,0.753,2,11.5,10383.34,12.61,7.1,0
33245.89,0.426,0.482,0,18.0,12266.33,9.89,5.8,0
72870.23,0.356,0.319,0,5.9,35101.41,8.34,6.9,0
31657.42,0.239,0.439,0,4.5,14391.97,7.54,4.2,0
85476.34,0.222,0.351,0,7.4,33075.86,8.41,17.7,0
169437.16,0.198,0.472,1,14.3,17010.89,6.13,8.4,0
101912.41,0.164,0.589,0,10.0,46712.79,5.79,10.6,0
31415.15,0.23,0.426,0,9.2,2359.19,8.97,5.0,0
121152.72,0.395,0.18,2,5.4,21455.22,8.74,3.9,1
220022.58,0.141,0.109,0,25.2,80000.0,6.19,5.1,0
250000.0,0.2,0.01,0,4.7,80000.0,7.04,8.3,0
88995.71,0.126,0.475,0,11.7,40745.62,4.74,6.9,0
35719.41,0.225,0.358,0,2.9,6222.39,9.77,6.0,1
95110.72,0.292,0.088,0,22.9,33098.26,7.27,10.6,0
144456.12,0.156,0.466,1,14.8,55947.84,8.59,5.8,0
66627.59,0.309,0.377,0,8.8,26875.09,8.43,3.1,0
94227.14,0.175,0.246,1,6.0,39888.58,6.41,11.4,0
46635.33,0.325,0.377,0,8.0,12886.99,11.0,10.3,0
72735.12,0.228,0.984,0,14.6,7538.86,11.77,6.8,0
19925.4,0.522,0.205,1,6.9,6286.2,7.45,15.3,0
53929.52,0.079,0.037,0,8.1,20376.15,3.5,11.0,0
68791.15,0.183,0.368,2,20.9,16914.42,7.31,5.9,0
69602.21,0.264,0.047,0,4.9,12315.04,8.54,14.2,0
37058.98,0.343,0.456,1,8.6,8120.81,9.35,14.1,0
60273.57,0.248,0.138,1,7.8,19404.55,6.98,1.4,0
74935.52,0.155,0.187,0,9.5,18961.7,4.77,10.9,0
80874.22,0.247,0.204,0,14.7,18615.37,8.26,5.9,0
69853.87,0.176,0.554,0,5.9,26276.58,7.23,4.6,1
88169.95,0.294,0.49,0,9.4,28790.17,7.66,14.6,0
49877.72,0.388,0.866,0,13.9,16918.39,9.82,8.8,1
147551.89,0.206,0.195,0,5.2,50145.63,4.11,2.4,0
42174.57,0.225,0.583,0,3.1,18353.35,11.11,5.2,0
166581.62,0.322,0.634,0,6.8,44819.29,10.65,8.6,0
90579.33,0.422,0.659,3,6.1,15663.64,14.55,5.5,1
72649.14,0.413,0.316,1,22.2,27823.5,7.13,22.2,0
68471.06,0.362,0.279,1,5.0,16376.55,10.77,3.9,0
47943.67,0.458,0.509,4,9.1,22502.02,9.98,3.2,1
94685.92,0.384,0.118,0,13.7,35988.77,5.65,2.4,0
155625.1,0.145,0.346,0,10.7,25480.3,9.48,13.8,0
39221.77,0.107,0.578,0,8.2,9458.04,10.34,9.1,0
130647.11,0.305,0.073,0,17.3,52974.26,8.1,14.5,0
23689.54,0.248,0.599,0,31.5,7299.74,7.23,3.5,0
54862.93,0.383,0.26,0,10.5,13415.52,9.09,5.5,0
158103.79,0.16,0.381,0,8.7,71529.17,5.6,6.8,0
37127.99,0.24,0.263,1,6.4,14187.15,9.82,10.8,0
27223.73,0.309,0.527,0,13.2,3201.6,9.36,0.6,0
100035.37,0.209,0.083,0,4.2,16322.74,6.04,6.5,0
163518.33,0.335,0.044,0,23.7,53677.78,5.96,16.9,0
82450.32,0.269,0.389,0,9.4,24508.24,8.31,12.6,0
30743.07,0.131,0.255,0,8.7,11420.04,7.51,19.9,0
31773.25,0.49,0.26,1,8.1,11322.71,7.97,1.8,1
87236.78,0.35,0.115,0,5.0,26398.11,12.67,10.2,0
37307.01,0.383,0.881,0,7.5,16564.57,10.43,6.4,1
74365.67,0.401,0.299,0,10.1,25631.08,8.3,4.4,0
68423.4,0.413,0.721,1,11.6,25325.03,9.84,2.1,1
52058.09,0.247,0.34,0,7.4,8644.42,8.88,7.7,0
157200.07,0.256,0.049,0,9.4,32708.65,4.08,18.6,0
113788.46,0.103,0.047,0,12.2,18378.05,5.05,7.7,0
112421.67,0.278,0.662,0,8.4,37646.46,11.59,5.9,0
111533.56,0.248,0.154,0,5.4,15619.45,6.64,6.3,0
64983.16,0.188,0.71,0,1.8,9520.91,10.29,12.7,0
52376.12,0.567,0.745,1,12.7,19699.28,12.15,3.0,0
66139.08,0.212,0.124,0,7.0,5505.31,6.61,5.9,0
75963.07,0.318,0.485,0,17.2,14943.58,9.13,8.2,0
39496.67,0.369,0.415,0,2.2,6694.3,7.57,6.8,0
137975.76,0.228,0.74,2,18.2,56407.59,13.3,1.8,0
55611.49,0.288,0.184,1,8.7,7700.56,6.77,7.1,0
106939.44,0.162,0.01,0,10.4,27467.94,8.06,6.2,0
51261.26,0.268,0.322,1,11.8,9953.67,9.87,3.8,0
53801.71,0.297,0.282,0,7.0,17142.18,7.3,9.5,1
217340.62,0.091,0.516,0,5.2,46705.82,6.77,9.2,0
45649.45,0.435,0.421,1,5.8,13584.74,10.6,13.4,0
67430.06,0.384,0.585,0,5.1,15219.64,11.16,4.2,0
52909.79,0.335,0.18,1,17.9,13306.33,3.5,4.0,0
63766.29,0.253,0.376,1,10.1,13411.99,7.17,2.0,0
77405.44,0.229,0.453,0,8.2,33893.56,7.05,1.7,0
40438.53,0.246,0.51,3,8.4,10947.62,5.23,4.1,1
46597.56,0.227,0.678,1,12.8,11454.7,9.92,3.4,0
88091.81,0.482,0.515,0,6.8,11122.83,9.74,2.9,1
91183.43,0.526,0.721,2,9.0,16356.52,10.67,5.7,1
57377.46,0.45,0.815,2,9.0,12939.4,13.28,0.9,1
69866.56,0.31,0.289,1,9.9,26704.06,4.61,10.5,0
83105.32,0.269,0.466,0,19.3,4979.13,8.97,6.7,0
63768.49,0.097,0.404,0,7.7,5142.13,8.79,4.4,0
38705.4,0.316,0.831,0,3.5,18415.06,8.28,2.6,0
41279.09,0.163,0.548,1,4.8,11570.17,9.83,1.5,0
51141.9,0.385,0.45,0,4.7,19245.71,7.7,4.0,0
99414.32,0.302,0.316,0,6.9,25178.84,8.33,2.5,0
43844.81,0.274,0.477,0,19.8,17137.76,8.09,2.0,0
63144.26,0.219,0.242,1,24.0,29081.15,8.19,5.5,0
63246.06,0.404,0.205,0,6.0,22505.28,6.14,12.2,0
124631.17,0.178,0.58,1,4.8,11282.79,6.88,3.5,0
41171.16,0.177,0.281,1,1.5,15919.05,7.46,8.8,1
79612.63,0.12,0.379,0,8.3,7527.14,9.87,8.4,0
55632.14,0.496,0.666,3,10.5,24106.32,13.71,3.5,1
79836.08,0.105,0.248,0,4.8,21946.24,5.01,3.0,0
75006.15,0.314,0.433,0,23.9,6683.21,5.37,3.0,0
65086.22,0.37,0.123,0,3.9,21797.57,8.59,10.3,0
106080.21,0.22,0.527,0,13.3,23100.25,9.8,13.9,0
58622.03,0.258,0.748,1,6.2,22275.46,12.31,6.5,0
153388.67,0.191,0.43,0,10.2,36960.86,7.46,6.4,0
61230.34,0.338,0.654,0,14.4,21895.49,9.0,6.4,0
29101.42,0.273,0.301,1,2.8,4274.93,7.88,15.7,0
86979.46,0.34,0.337,1,3.4,8421.73,7.41,2.0,0
90821.57,0.238,0.197,0,14.2,38987.45,6.98,5.1,0
76405.36,0.057,0.241,1,4.6,27967.53,9.06,15.3,1
49353.57,0.367,0.541,0,15.8,8022.34,9.16,9.5,0
22260.39,0.464,0.476,1,4.5,6049.15,11.03,4.4,0
31459.37,0.074,0.4,0,10.2,2116.89,8.14,9.5,0
145675.1,0.332,0.405,0,9.3,70539.33,9.68,9.4,0
75058.71,0.041,0.024,0,14.9,27019.01,3.64,4.1,0
118490.87,0.296,0.047,0,10.1,29769.72,6.11,9.4,0
27012.16,0.194,0.373,2,8.5,2901.69,11.63,4.7,1
41973.52,0.139,0.025,0,8.5,16176.01,3.5,5.8,0
92424.24,0.408,0.383,1,8.8,14239.4,9.17,4.6,0
104891.68,0.292,0.01,0,10.5,27007.55,6.85,9.9,0
93723.46,0.224,0.437,0,22.9,27797.82,5.28,17.0,0
63997.28,0.444,0.486,2,5.2,19032.77,9.85,9.9,1
57132.82,0.294,0.381,1,4.4,14302.31,11.91,3.3,0
42060.53,0.491,0.407,0,6.7,17333.68,9.97,5.1,0
39647.49,0.322,0.078,0,10.0,13208.99,5.98,2.1,0
136908.01,0.228,0.336,0,8.0,16159.26,8.35,5.1,0
178565.39,0.054,0.115,0,11.8,50329.25,3.66,14.7,0
42676.73,0.227,0.327,2,6.4,10436.94,10.45,9.9,1
48979.5,0.126,0.647,0,9.2,9640.26,10.32,3.5,0
77341.9,0.342,0.222,0,5.6,13696.49,7.22,4.3,0
95253.83,0.316,0.19,0,12.7,21690.93,6.14,9.9,0
48952.25,0.414,0.448,1,6.8,11172.26,11.18,2.7,0
90248.51,0.316,0.301,0,12.7,20879.34,7.9,8.3,0
64115.61,0.465,0.645,1,4.9,12505.26,14.17,1.9,1
69870.54,0.17,0.694,0,8.4,26886.29,9.31,2.2,0
250000.0,0.139,0.074,0,18.2,17355.82,6.14,5.0,0
45496.35,0.284,0.633,0,7.6,16526.61,8.85,6.2,1
211501.89,0.037,0.469,0,13.9,54562.73,6.41,3.0,0
148824.66,0.169,0.25,0,6.2,65592.73,6.6,5.1,0
87375.15,0.263,0.25,1,5.9,28637.16,11.28,3.9,0
25999.73,0.239,0.29,1,16.4,12068.76,5.32,13.4,0
77528.87,0.049,0.186,0,30.8,24845.33,3.5,3.1,0
71273.75,0.229,0.016,0,8.5,29346.45,5.76,10.0,0
78048.17,0.182,0.395,0,10.0,6391.48,11.05,4.5,0
46020.41,0.302,0.081,0,11.8,16321.31,6.37,2.8,0
110631.68,0.248,0.107,1,8.8,26806.24,5.91,10.4,0
93418.66,0.152,0.567,0,4.9,22291.83,8.62,5.7,0
144791.65,0.312,0.116,1,7.8,51852.64,8.08,11.9,1
53941.78,0.31,0.142,1,8.4,6377.77,5.38,2.6,0
39871.27,0.241,0.301,1,8.5,13512.07,11.47,7.8,0
69036.96,0.341,0.516,1,26.3,33761.11,5.54,3.9,0
161373.97,0.243,0.595,0,22.5,20289.12,7.34,1.0,0
61944.19,0.38,0.806,2,5.9,22357.13,14.66,4.6,1
86848.53,0.171,0.753,1,13.2,29329.54,10.86,12.0,1
56669.81,0.352,0.515,0,1.1,13922.25,9.83,6.3,0
67918.78,0.295,0.159,0,9.8,22117.28,6.64,8.3,0
142252.64,0.224,0.152,0,14.7,26890.44,7.47,6.9,0
60836.39,0.359,0.147,0,11.8,13898.79,6.9,2.8,0
77031.11,0.19,0.257,0,7.4,33013.61,7.12,6.0,1
80401.32,0.494,0.738,0,12.7,16248.95,9.28,3.9,0
87383.37,0.073,0.275,0,11.5,35847.96,4.92,2.0,0
70029.93,0.299,0.357,0,13.4,22447.46,9.09,4.2,0
48601.06,0.171,0.404,0,8.5,8298.29,9.33,4.4,0
40994.3,0.412,0.415,0,14.2,10107.27,7.87,9.1,0
60576.53,0.351,0.135,1,11.3,6679.44,7.03,3.8,0
51192.85,0.401,0.663,1,15.2,10947.2,12.15,4.0,0
55674.24,0.126,0.387,0,7.3,21781.23,5.99,2.0,0
84749.4,0.218,0.03,1,11.2,15467.42,8.16,10.0,1
133640.76,0.103,0.27,0,22.2,32828.14,9.27,7.7,0
93797.17,0.248,0.749,2,1.7,35913.09,11.47,9.2,1
125206.91,0.183,0.304,0,7.5,49818.3,10.5,6.5,0
33646.64,0.263,0.55,1,9.7,3159.96,11.03,2.9,0
23631.86,0.313,0.552,2,6.3,12522.87,10.72,7.1,0
56174.94,0.261,0.479,0,13.6,13390.58,10.54,2.7,0
87044.26,0.095,0.621,0,3.2,17703.16,5.79,11.5,0
62577.87,0.252,0.187,0,24.5,27192.9,3.5,6.8,0
60959.27,0.215,0.319,0,3.0,26368.21,6.19,1.4,0
62597.53,0.256,0.304,0,27.7,12737.38,6.22,10.2,0
91461.0,0.166,0.143,0,2.1,18222.89,7.36,2.7,0
39457.05,0.388,0.01,0,28.1,5445.47,4.28,8.4,0
250000.0,0.078,0.035,1,21.7,80000.0,3.8,1.6,0
53238.63,0.517,0.237,2,29.3,8104.84,8.11,10.3,0
107350.46,0.171,0.546,0,7.7,47756.71,8.77,7.7,0
53366.38,0.24,0.326,0,6.1,15532.22,7.02,2.3,0
79358.33,0.336,0.151,0,7.8,28556.89,6.75,2.1,0
66166.92,0.208,0.325,1,1.8,28333.16,10.2,2.3,1
98166.52,0.158,0.368,0,21.0,25076.21,8.99,14.8,0
55398.78,0.345,0.899,0,3.9,6906.0,13.77,5.9,1
140166.17,0.402,0.212,0,8.5,56463.89,5.0,3.1,0
29847.03,0.316,0.422,1,4.3,4265.18,12.2,5.1,0
95079.1,0.343,0.901,0,1.0,47128.43,9.59,12.3,1
70137.54,0.274,0.363,1,15.9,16156.15,7.8,4.5,0
43205.77,0.22,0.411,0,7.0,11391.63,7.22,6.2,0
135861.46,0.501,0.554,1,5.3,54114.89,13.38,3.5,1
178278.49,0.374,0.687,1,11.8,50401.22,11.13,1.4,0
23604.55,0.335,0.553,1,13.6,5914.71,9.94,5.6,1
69278.79,0.367,0.56,1,13.8,12844.5,9.48,4.3,0
105188.61,0.302,0.779,0,6.8,46228.78,9.72,6.6,0
95657.83,0.25,0.347,0,9.0,17566.67,5.15,15.0,0
148945.17,0.413,0.437,0,4.8,56769.79,9.37,7.5,0
137816.91,0.244,0.195,0,4.7,45507.32,6.91,9.3,0
97524.0,0.269,0.01,1,6.5,6423.8,5.83,8.0,0
225147.7,0.283,0.238,0,7.7,18099.42,7.02,2.3,0
102165.94,0.298,0.145,1,3.4,26843.24,8.29,2.8,0
46912.2,0.248,0.501,2,15.0,17265.85,8.48,7.1,1
47735.64,0.32,0.571,0,8.1,19592.05,8.98,1.1,0
187211.15,0.208,0.01,0,9.6,46742.88,8.32,2.9,0
41941.72,0.337,0.154,2,25.0,7380.13,8.21,6.1,0
61077.14,0.247,0.085,2,4.1,14801.76,7.41,6.2,0
56374.69,0.273,0.501,2,13.5,7500.53,8.11,0.9,0
80840.9,0.295,0.185,1,15.6,13415.6,7.68,6.3,0
63910.12,0.293,0.645,0,10.2,16349.62,8.42,2.9,0
36734.61,0.113,0.533,0,9.1,8716.37,6.31,10.2,0
119210.86,0.374,0.309,0,7.7,53399.3,10.04,3.2,0
45163.6,0.207,0.461,2,10.2,5490.99,12.48,5.9,0
179867.82,0.201,0.278,0,19.3,21162.31,4.1,4.7,0
66137.58,0.288,0.478,0,2.2,32011.74,8.86,9.5,0
107488.34,0.274,0.515,0,21.7,25033.22,8.53,2.5,0
82730.96,0.232,0.337,1,22.4,17486.87,6.57,1.8,0
170135.25,0.068,0.01,0,20.2,72853.08,4.53,5.6,0
74784.39,0.33,0.586,0,17.4,15938.23,10.2,13.3,0
81912.61,0.448,0.22,0,16.8,13007.8,7.8,16.7,0
102487.79,0.306,0.452,0,3.0,17275.56,7.74,9.1,0
250000.0,0.289,0.373,0,17.5,75724.5,7.13,10.5,0
72212.78,0.086,0.543,0,12.5,20973.51,7.6,2.6,0
72591.69,0.46,1.0,0,2.0,19369.98,12.53,0.8,1
79052.12,0.09,0.431,0,13.8,19610.77,5.98,2.6,0
72171.05,0.362,0.663,0,17.7,28293.51,9.62,3.7,0
68087.7,0.347,0.689,1,17.6,18752.91,7.43,3.0,0
25816.41,0.164,0.401,1,12.3,10088.77,6.4,8.0,0
62214.66,0.248,0.454,1,15.8,13154.69,12.41,3.5,0
135296.58,0.154,0.07,0,12.6,7236.79,4.76,1.2,0
47200.72,0.315,0.498,0,12.6,6442.78,5.99,5.8,0
125813.47,0.185,0.273,0,2.0,37664.25,11.13,14.4,0
79115.68,0.153,0.099,0,2.9,19702.08,6.31,15.7,0
53492.65,0.163,0.996,3,5.0,25389.9,11.72,7.3,1
100849.43,0.165,0.557,1,19.3,16721.19,9.64,4.6,0
119527.94,0.165,0.233,0,9.5,12294.69,7.16,8.6,0
72612.15,0.39,0.785,2,8.8,24859.47,11.76,4.2,0
110860.84,0.273,0.327,0,27.0,44053.49,4.86,7.0,0
81756.44,0.27,0.156,0,8.7,23009.18,4.99,2.3,0
27401.56,0.15,0.202,0,3.1,6640.93,7.78,2.4,0
58251.09,0.311,0.452,0,18.4,13739.76,8.19,15.9,0
34463.48,0.053,0.224,0,7.8,8133.41,7.02,6.0,0
69365.75,0.334,0.796,1,7.2,34972.97,14.23,9.7,1
104841.49,0.248,0.367,0,14.4,17585.86,6.84,5.2,0
108261.16,0.333,0.66,0,15.5,13171.85,12.69,5.6,0
91752.06,0.373,0.068,0,17.1,26267.88,5.44,12.0,0
89596.59,0.388,0.572,1,12.1,31430.43,11.36,11.8,0
34699.27,0.195,0.404,0,27.2,13537.56,6.26,9.6,0
82687.82,0.416,0.01,0,11.0,30135.44,7.21,11.5,0
38433.77,0.334,0.505,0,9.8,7692.27,12.78,6.5,0
46303.87,0.238,0.577,1,4.7,18431.43,13.3,14.8,0
129304.15,0.188,0.534,0,2.7,44201.23,11.09,6.0,0
119709.03,0.243,0.274,0,29.4,55212.43,6.91,6.8,0
75014.68,0.472,0.304,0,5.1,17979.64,6.89,4.7,0
55293.71,0.221,0.517,0,3.6,27441.63,8.22,13.9,0
44046.09,0.267,0.402,0,9.5,9410.78,6.32,4.2,0
76388.07,0.362,0.149,0,8.2,19444.2,4.86,5.3,0
109940.72,0.396,0.45,0,6.4,13588.81,9.51,7.7,0
94570.72,0.339,0.485,0,4.8,22051.38,8.53,3.7,0
31742.46,0.26,0.422,0,2.0,2756.97,10.6,10.9,0
68057.9,0.56,0.241,0,2.3,18320.95,9.01,0.5,0
35553.01,0.23,0.313,0,15.1,3013.79,7.07,2.9,0
103111.12,0.157,0.442,3,7.4,22653.56,11.35,8.8,0
51180.21,0.209,0.548,0,15.5,11918.98,7.89,2.9,0
32069.92,0.297,0.392,0,5.7,14665.43,7.04,1.6,1
135264.75,0.324,0.371,0,15.0,52635.95,9.12,5.6,0
94542.55,0.258,0.609,1,12.7,6704.85,12.92,4.6,0
82116.58,0.191,0.01,0,7.3,18724.73,3.5,10.3,0
166987.03,0.364,0.616,1,15.7,48402.78,9.28,11.3,0
92876.91,0.246,0.546,0,10.2,39327.47,10.35,3.8,0
37433.02,0.486,0.759,0,2.6,14391.6,12.63,5.9,0
78474.32,0.482,0.335,1,10.2,22689.78,6.76,5.2,0
63296.26,0.188,0.387,1,11.6,14394.56,7.24,5.5,0
120205.95,0.223,0.562,0,3.2,38296.5,10.84,2.6,0
82354.06,0.262,0.471,0,11.7,21393.49,9.59,4.6,0
71119.92,0.236,0.549,1,7.0,20203.86,9.38,5.0,0
42111.57,0.156,0.01,0,17.0,9110.7,5.25,16.2,0
79897.76,0.276,0.385,0,15.7,31205.0,3.5,2.6,0
61533.99,0.278,0.444,2,12.3,8637.56,9.51,3.5,0
34184.22,0.247,0.496,0,8.8,8754.01,9.38,6.2,0
86964.67,0.182,0.264,0,9.6,33881.24,4.87,2.5,0
67272.63,0.213,0.809,1,6.0,33491.32,12.91,4.7,1
69396.85,0.382,0.077,0,6.8,26093.2,6.44,13.9,0
46670.85,0.091,0.01,0,11.6,4423.27,3.74,2.8,0
96412.91,0.135,0.207,0,17.2,4820.65,5.57,4.5,0
69377.15,0.12,0.1,0,8.5,29474.03,3.5,3.6,0
74854.56,0.304,0.799,0,26.4,23690.43,11.13,2.3,0
71600.86,0.322,0.584,0,3.8,29071.4,12.08,4.6,0
50431.77,0.447,0.363,0,5.5,19331.22,10.55,0.7,0
59806.07,0.402,0.558,0,17.8,26205.06,8.18,3.0,0
83852.65,0.053,0.236,1,19.5,37557.43,6.52,11.5,0
115333.78,0.168,0.461,0,13.8,20770.77,10.08,2.6,0
77314.19,0.188,0.379,0,6.0,34199.39,6.85,5.6,0
129756.2,0.303,0.305,1,15.9,24936.39,8.31,9.4,0
132914.46,0.228,0.191,0,17.3,45547.18,5.74,6.2,0
120745.36,0.247,0.206,0,18.0,39552.01,5.84,3.5,0
144875.17,0.228,0.478,0,15.6,25371.98,11.45,7.5,0
165484.62,0.326,0.204,1,7.0,10599.75,7.45,6.0,0
42639.53,0.256,0.619,0,15.1,7933.48,9.66,12.3,0
78124.05,0.322,0.187,1,3.4,28431.89,8.79,8.3,1
124654.89,0.244,0.336,0,4.4,36043.27,13.23,8.9,0
148734.52,0.238,0.672,0,8.9,53168.21,8.76,6.0,0
40503.38,0.302,0.341,1,9.8,12692.9,7.05,7.9,1
66168.9,0.454,0.85,0,1.5,19837.63,12.38,21.6,1
68173.5,0.302,0.484,1,13.8,29481.28,8.11,5.2,0
135460.74,0.258,0.25,1,8.2,60294.25,8.97,5.9,0
29601.8,0.176,0.601,1,11.0,8221.07,10.23,10.1,0
51787.62,0.202,0.54,0,13.3,18753.27,6.76,7.4,0
28392.98,0.358,0.261,0,8.8,9180.84,7.43,6.5,0
89490.34,0.184,0.142,1,4.0,29157.46,7.57,5.9,0
208292.18,0.413,0.077,1,4.5,47402.57,10.51,4.6,0
73583.01,0.226,0.085,0,9.9,27691.1,5.95,8.6,0
76131.75,0.415,0.447,0,12.5,21384.16,8.29,5.3,0
99843.66,0.287,0.29,0,11.5,43860.19,7.94,7.4,0
67331.2,0.101,0.253,0,19.6,8961.78,5.23,2.3,0
74443.69,0.24,0.212,1,6.5,7285.07,8.8,7.0,0
83670.63,0.087,0.241,0,12.0,37555.36,6.73,13.0,0
61065.08,0.161,0.442,2,12.9,20222.22,7.04,1.7,0
73240.21,0.435,0.609,0,10.3,29991.51,13.34,5.1,0
123808.92,0.292,0.269,0,18.4,12451.3,7.32,2.9,0
102122.66,0.133,0.551,0,6.0,32493.48,7.93,4.6,0
117009.8,0.408,0.233,1,10.8,51169.67,7.16,4.3,0
76666.84,0.402,0.418,0,8.5,27289.23,10.83,2.9,0
91493.65,0.276,0.168,0,11.2,41808.62,4.54,4.7,0
93700.15,0.326,0.681,0,21.5,41286.29,9.82,13.0,0
55104.77,0.344,0.625,0,22.5,25373.62,9.02,10.8,0
60126.45,0.2,0.144,0,8.7,21730.55,7.81,13.9,0
56877.28,0.314,0.466,1,8.3,6454.76,9.75,3.4,0
32350.02,0.294,0.256,1,5.8,6353.84,8.22,9.1,0
71022.5,0.316,0.446,2,4.2,24288.7,9.8,4.5,0
124015.04,0.323,0.333,0,9.6,26894.38,7.72,9.0,0
40044.4,0.223,0.763,1,18.4,15503.74,11.8,0.1,1
90681.42,0.222,0.433,0,3.2,38635.28,7.84,6.1,0
45284.49,0.334,0.366,1,18.3,4741.52,8.72,7.1,0
45299.57,0.145,0.526,0,18.1,5045.21,9.93,4.6,0
189050.5,0.192,0.206,1,6.4,32093.68,5.53,4.1,0
61918.83,0.22,0.237,0,13.9,3174.64,7.45,5.5,0
38618.85,0.139,0.478,0,7.7,6453.62,9.09,0.9,0
74291.51,0.204,0.687,0,18.7,11749.77,10.4,3.0,0
82599.69,0.324,0.453,0,19.8,28960.62,7.42,2.5,0
70724.29,0.322,0.704,1,3.2,15516.55,14.9,11.6,0
214024.77,0.118,0.155,0,7.1,60829.34,5.65,7.3,0
51247.07,0.323,0.486,1,11.0,19374.79,12.61,11.8,0
59539.36,0.131,0.015,0,10.1,10280.54,5.89,0.8,0
161086.04,0.276,0.425,0,21.6,74596.03,10.5,3.6,0
90491.96,0.219,0.272,0,9.2,17954.08,10.64,8.9,0
78811.72,0.42,0.496,0,4.7,21474.48,10.42,2.5,1
57311.28,0.197,0.16,0,11.4,19234.48,8.31,10.3,0
131054.76,0.413,0.01,1,12.3,16773.32,9.38,3.8,0
120322.55,0.174,0.011,0,6.5,21791.71,7.85,17.7,0
60429.65,0.244,0.576,0,5.1,22337.31,7.82,2.6,0
42921.88,0.474,1.0,0,11.8,18222.31,12.35,14.4,1
72797.28,0.244,0.326,0,1.6,31122.66,8.13,7.4,0
187570.97,0.163,0.354,0,16.7,28071.39,8.52,4.4,0
49574.13,0.3,0.173,1,21.7,4039.68,5.29,11.3,0
45073.9,0.359,0.362,1,6.5,18416.21,7.66,4.0,0
46074.91,0.488,0.173,1,7.3,15699.8,8.73,5.2,1
77703.22,0.104,0.5,0,11.6,25294.24,7.66,10.5,0
71048.57,0.203,0.115,3,5.8,6198.63,6.12,7.2,1
83154.01,0.507,0.465,4,8.1,35955.36,11.88,0.0,1
87863.81,0.25,0.79,1,6.9,40230.13,11.78,4.9,1
55167.24,0.463,0.648,1,14.8,27264.56,12.51,2.0,1
70008.54,0.226,0.875,1,7.5,12083.09,11.43,4.2,0
109126.54,0.33,0.097,1,17.4,48700.09,4.54,1.7,0
31788.87,0.144,0.46,3,9.4,6933.35,11.68,12.4,1
116100.85,0.299,0.632,0,4.6,43475.81,10.36,1.6,0
53262.44,0.147,0.353,0,4.6,18082.24,8.47,5.5,0
64187.06,0.178,0.228,0,24.9,11247.45,3.55,9.4,0
62918.09,0.311,0.407,1,10.6,25268.18,8.8,2.5,0
76683.81,0.38,0.223,0,6.1,27165.53,7.47,3.6,0
72289.91,0.333,0.581,1,9.0,36609.84,9.56,15.2,1
78055.7,0.232,0.077,1,14.7,11551.03,5.53,3.4,0
59425.92,0.19,0.154,0,6.5,27008.32,3.68,4.8,0
129465.77,0.229,0.663,0,5.2,52182.43,10.77,0.5,0
105124.83,0.21,0.519,0,6.9,8452.12,7.32,4.6,0
71783.84,0.247,0.566,0,9.0,25216.99,6.73,8.0,0
131544.6,0.03,0.01,0,9.8,35161.74,5.11,8.5,0
45177.37,0.512,0.872,1,5.3,7570.35,12.76,4.3,1
250000.0,0.111,0.01,0,27.2,80000.0,4.48,5.0,0
41835.17,0.46,0.606,1,7.6,17445.57,14.08,8.1,1
62624.07,0.364,0.427,0,13.5,15720.66,9.08,3.2,0
53648.63,0.393,0.739,0,17.4,23380.06,8.34,1.4,0
71631.47,0.119,0.677,0,12.2,16843.33,9.59,4.8,0
65931.13,0.179,0.301,0,9.9,12668.18,3.5,8.6,0
52419.28,0.114,0.724,0,5.4,4328.35,10.79,6.4,0
116759.64,0.315,0.66,1,3.2,41206.82,14.38,13.8,1
52792.0,0.136,0.018,0,9.6,14832.13,4.85,5.4,0
109260.41,0.202,0.39,1,11.5,47560.4,10.55,13.6,0
88320.93,0.299,0.561,1,13.6,20901.99,10.1,5.1,0
59261.86,0.23,0.648,0,10.0,15770.07,8.15,9.4,0
80729.81,0.509,0.839,1,17.2,21115.76,12.53,9.8,1
60820.1,0.145,0.435,2,13.1,19744.98,8.93,10.0,0
43714.91,0.18,0.283,0,13.5,12465.74,10.7,4.6,0
54920.67,0.191,0.364,0,14.7,11829.83,7.43,2.4,0
91174.34,0.436,0.282,0,6.3,20863.83,11.03,4.6,0
105817.25,0.102,0.361,0,16.7,20877.77,7.13,5.9,0
83781.15,0.154,0.332,0,11.2,13693.94,7.07,4.0,0
52191.51,0.244,0.603,0,5.2,12126.27,7.06,3.9,0
49468.06,0.462,0.983,1,3.1,19331.9,16.48,2.7,1
58517.85,0.276,0.381,1,18.0,17866.25,6.11,2.5,0
26905.32,0.268,0.947,0,12.6,3597.47,11.73,8.2,1
88236.96,0.297,0.01,0,5.8,38428.15,5.61,1.2,0
84015.58,0.301,0.235,1,11.2,30056.98,8.34,2.4,0
70919.46,0.544,0.259,0,18.2,21054.64,8.12,4.3,0
130584.81,0.274,0.218,0,4.5,18415.99,8.78,4.3,0
45777.43,0.292,0.264,0,3.0,19460.03,7.32,7.3,0
51461.81,0.153,0.419,0,4.1,18313.22,9.48,5.3,0
61187.72,0.367,0.458,0,22.4,26065.76,8.61,6.5,0
77574.69,0.364,0.681,1,2.6,13027.27,10.8,7.1,0
32600.97,0.344,0.134,0,4.6,3546.4,8.13,11.8,0
60372.97,0.555,0.857,0,10.6,28122.29,15.4,5.9,0
91037.78,0.192,0.223,0,6.9,14022.64,8.89,4.2,0
24842.38,0.313,0.833,1,13.3,4355.25,12.87,21.2,0
60825.99,0.376,0.754,0,10.7,19290.66,10.91,10.7,0
44194.0,0.23,0.352,0,13.7,14873.51,3.5,12.6,0
56388.85,0.216,0.428,0,11.3,17899.97,7.08,6.4,0
36847.25,0.246,0.752,0,10.6,15383.65,10.07,5.3,0
86217.0,0.331,0.425,2,3.2,34856.71,9.46,5.6,1
189371.33,0.216,0.458,0,1.6,80000.0,7.67,1.9,1
54744.89,0.487,0.723,2,24.9,21003.84,12.72,2.8,1
24983.16,0.256,0.353,0,6.9,6752.42,6.33,3.8,0
70886.84,0.152,0.224,0,16.9,13492.13,5.55,2.7,0
65341.38,0.28,0.111,1,8.2,20209.87,8.77,1.6,0
42426.95,0.377,0.745,0,21.4,10640.39,14.63,8.3,0
86670.9,0.082,0.296,0,13.1,6833.94,7.12,3.6,0
132923.01,0.121,0.273,1,17.0,11237.08,3.5,3.6,0
50619.16,0.478,0.803,0,6.1,12003.24,13.03,5.1,1
32971.29,0.208,0.609,0,20.7,12375.56,10.87,5.0,0
21465.8,0.391,0.559,0,4.9,6321.36,10.53,5.1,1
59826.63,0.181,0.301,1,7.4,5865.37,10.44,5.9,0
69214.45,0.187,0.384,0,22.8,28596.66,7.47,4.9,0
61287.48,0.27,0.193,0,7.9,24491.11,7.89,8.9,0
38889.62,0.485,0.59,1,0.9,16602.44,12.94,12.0,1
102637.65,0.197,0.492,0,2.2,36680.32,8.58,3.7,0
77610.0,0.346,0.176,0,3.5,35906.54,7.47,8.1,0
64077.08,0.266,0.731,0,10.5,22388.5,10.78,10.3,0
103007.47,0.301,0.555,0,3.4,24124.05,9.28,7.5,1
61853.58,0.137,0.31,0,10.2,25425.51,5.65,2.3,0
50018.05,0.188,0.23,0,7.8,8712.68,8.71,11.2,0
46119.01,0.428,0.632,1,5.0,11990.95,11.75,6.4,0
62638.33,0.139,0.483,1,10.3,21623.85,9.49,7.8,0
23859.07,0.248,0.348,1,12.4,8661.82,7.66,4.0,0
51384.62,0.41,0.805,0,8.3,6198.44,13.77,3.4,0
108798.2,0.237,0.312,0,4.4,24561.36,8.77,7.2,0
92616.17,0.245,0.813,1,14.4,37653.55,13.11,9.6,1
101593.88,0.148,0.417,0,7.8,27814.35,8.6,4.9,0
84670.64,0.371,0.667,0,11.7,12507.74,9.17,3.3,1
121582.21,0.363,0.367,1,25.0,45957.06,8.2,3.5,0
45210.18,0.19,0.35,0,8.1,3818.22,6.64,2.7,0
66447.65,0.03,0.01,0,14.2,16594.39,5.6,3.3,0
105147.97,0.291,0.147,0,5.0,27622.67,6.18,3.6,0
81333.65,0.333,0.07,0,8.1,29612.04,6.67,4.3,0
45722.95,0.189,0.377,0,12.1,20586.78,6.9,4.4,0
70921.95,0.438,0.802,2,2.4,20955.31,12.46,4.7,0
54946.59,0.345,0.406,0,20.6,4978.99,7.66,6.7,0
38790.41,0.195,0.374,2,10.1,10272.17,10.04,4.3,0
43795.51,0.209,0.829,2,14.6,12150.57,9.04,3.5,1
61550.79,0.479,0.725,0,3.6,14626.88,10.38,2.1,0
88964.4,0.187,0.307,1,5.1,35954.11,7.42,4.1,0
141014.19,0.152,0.692,0,7.8,38381.47,8.68,2.5,0
53120.29,0.195,0.425,0,9.7,11689.73,7.03,8.5,0
60493.86,0.389,0.533,0,22.1,14030.25,9.82,10.1,0
112863.23,0.575,0.968,0,14.2,18018.62,14.12,15.0,0
116949.77,0.211,0.537,0,18.2,27186.91,8.48,1.2,0
52350.4,0.241,0.652,0,6.2,9017.45,9.38,6.0,0
22889.31,0.422,0.441,0,4.8,6687.31,7.36,9.6,1
44021.84,0.195,0.725,0,10.0,15807.95,12.51,3.6,1
37529.45,0.361,0.788,0,2.2,5282.78,12.26,0.4,0
57187.6,0.334,0.825,0,4.7,16283.96,9.71,9.7,1
64422.02,0.074,0.175,0,32.6,22780.99,4.91,5.9,0
181058.84,0.162,0.086,0,16.6,19219.8,5.46,3.8,0
26158.94,0.306,0.537,1,10.0,12083.18,9.03,12.8,0
37271.41,0.282,0.136,2,2.1,15905.59,7.84,3.4,1
79294.63,0.225,0.346,0,17.5,32401.16,7.65,12.6,0
87183.69,0.286,0.224,0,9.5,39014.59,6.23,1.4,0
28773.33,0.184,0.199,0,19.9,10173.57,4.32,2.6,0
30477.87,0.426,0.343,0,9.0,9263.85,9.22,7.6,0
67590.36,0.283,0.118,0,8.5,8357.88,6.93,12.6,0
112563.46,0.47,0.401,1,6.3,53727.96,7.58,3.7,1
143513.34,0.272,0.46,0,5.8,18551.94,6.87,4.3,0
50819.5,0.172,0.59,1,7.3,12116.41,6.43,5.3,0
58810.7,0.471,0.417,0,10.7,27403.15,6.59,12.2,0
57823.06,0.179,0.171,0,27.5,21568.5,4.61,15.2,0
83842.82,0.189,0.348,0,1.2,24108.24,6.67,5.8,1
128059.91,0.205,0.76,2,7.0,22670.43,12.31,4.8,0
101815.96,0.243,0.445,1,14.4,40724.65,7.4,4.3,0
47783.19,0.432,0.521,3,10.8,23527.29,8.85,1.9,1
59609.93,0.166,0.136,0,8.3,10996.52,3.99,7.5,0
72646.02,0.379,0.399,0,11.2,26683.33,9.31,5.5,1
148568.78,0.334,0.289,0,5.4,10143.89,9.28,7.9,0
54579.5,0.33,0.635,1,15.4,13933.2,6.39,5.1,1
28387.74,0.392,0.167,0,12.1,9080.01,6.33,6.9,0
59391.81,0.342,0.77,0,8.8,12104.06,12.74,6.3,0
50458.87,0.324,0.51,1,14.7,12747.54,9.0,9.0,0
33835.51,0.133,0.171,1,15.1,8717.22,5.72,7.4,0
89789.23,0.21,0.26,0,1.1,34796.45,11.57,1.2,0
102131.99,0.258,0.554,0,18.7,40717.82,8.0,2.5,0
175898.76,0.317,0.585,0,12.3,34031.59,12.85,2.5,1
43664.75,0.122,0.274,0,19.8,12058.74,5.05,2.5,0
97312.69,0.243,0.214,0,15.3,45800.21,7.21,0.8,0
111059.65,0.221,0.215,1,1.3,42637.9,7.22,2.6,0
98965.19,0.256,0.253,0,4.6,9183.4,10.93,8.0,0
36468.19,0.347,0.612,0,11.8,5713.22,8.74,7.6,0
41176.31,0.403,0.72,1,11.8,14250.47,11.39,9.7,0
60107.74,0.333,0.525,3,19.5,6960.97,9.26,0.9,1
73258.99,0.309,0.163,0,11.9,20859.19,8.68,10.9,0
52187.9,0.391,0.237,0,4.9,17241.58,8.42,1.3,0
138315.69,0.426,0.075,0,5.7,18785.16,5.56,2.4,0
56163.91,0.371,0.57,0,17.7,26884.33,9.13,1.8,0
24448.63,0.243,0.304,3,11.9,11458.54,8.28,4.2,1
65220.51,0.31,0.33,0,11.8,17661.76,8.89,10.4,0
78814.19,0.119,0.396,0,5.7,33549.28,6.26,3.5,0
91257.81,0.195,0.434,0,11.9,29685.66,3.84,6.7,0
70702.89,0.256,0.186,0,11.6,16740.83,7.64,2.6,0
152842.41,0.295,0.502,1,6.0,23094.03,12.01,3.2,0
34748.61,0.185,0.468,0,3.9,4469.43,9.19,9.2,0
54947.13,0.195,0.466,0,18.5,18998.94,7.76,15.9,0
111919.63,0.294,0.679,3,14.9,41378.73,9.4,7.0,1
31811.59,0.112,0.01,0,10.8,12261.56,4.21,5.3,0
83924.93,0.19,0.485,0,8.7,20472.57,8.04,11.0,0
135366.32,0.195,0.182,0,16.7,35850.09,6.42,10.1,0
151983.7,0.206,0.246,1,17.6,54112.64,5.53,7.1,0
116466.21,0.175,0.418,1,21.3,15833.35,9.69,2.9,1
85547.39,0.365,0.129,0,6.4,39492.78,7.33,0.7,0
41284.42,0.183,0.443,1,3.3,6654.9,10.65,2.8,0
141936.77,0.301,0.334,0,7.0,57886.59,8.58,9.7,0
40665.99,0.208,0.73,2,6.1,15166.46,9.71,7.5,1
43279.0,0.386,0.36,1,10.1,5369.97,8.98,4.6,0
62905.16,0.274,0.515,2,9.6,25817.49,10.28,4.2,0
60372.98,0.189,0.426,0,4.8,5449.24,9.64,2.1,0
92783.01,0.196,0.047,0,10.3,27074.33,3.9,3.5,0
73619.34,0.518,0.48,0,18.2,20585.46,12.23,2.4,0
165260.21,0.29,0.222,0,15.0,66525.17,6.34,1.3,0
60430.37,0.572,0.548,2,5.4,29723.07,10.88,2.2,1
54970.91,0.326,0.249,0,8.5,11800.7,5.99,2.9,0
82176.1,0.345,0.319,0,12.6,39275.02,7.44,3.2,0
38363.79,0.28,0.766,0,11.9,17117.96,9.57,8.3,0
114575.74,0.219,0.599,0,4.4,43501.22,9.6,5.6,0
78995.94,0.271,0.273,0,2.4,8601.92,9.39,6.2,0
73196.68,0.321,0.15,0,16.8,20561.88,5.4,5.3,0
26385.41,0.299,0.318,0,14.6,10979.96,7.55,10.5,0
28929.08,0.291,0.037,1,32.1,6247.45,4.8,6.6,0
39621.57,0.225,0.01,1,7.1,15606.01,4.81,17.2,1
235876.06,0.038,0.01,0,8.1,80000.0,3.5,5.1,0
35627.99,0.247,0.682,1,9.0,12100.78,9.75,7.1,0
100776.86,0.288,0.305,0,11.0,8885.04,6.7,20.5,0
51281.81,0.129,0.405,0,4.4,13438.53,5.43,3.6,0
79433.83,0.276,0.361,1,7.3,11094.21,4.7,7.0,0
79339.68,0.07,0.175,0,16.8,20881.32,6.01,5.0,0
161579.1,0.324,0.52,0,10.3,43432.6,8.47,7.2,0
100247.53,0.134,0.357,0,7.0,37968.78,6.05,5.7,0
80275.93,0.423,0.74,0,7.8,8202.02,9.16,11.8,1
115418.89,0.393,0.122,0,4.9,11455.51,6.65,12.8,0
34898.2,0.314,0.367,2,17.7,15411.79,9.78,3.6,0
113922.12,0.403,0.402,0,8.1,50434.88,8.63,6.9,0
87677.78,0.46,0.217,1,1.5,17386.6,7.72,7.5,0
119039.46,0.459,0.424,0,16.9,23438.29,8.86,4.4,0
82524.16,0.124,0.27,0,9.9,28449.01,8.11,7.9,0
58321.15,0.259,0.282,0,12.4,16010.72,5.52,10.9,0
57836.95,0.234,0.243,0,12.2,16417.21,8.22,8.0,0
46049.3,0.139,0.202,0,8.1,4224.09,4.33,6.2,0
49611.07,0.292,0.01,0,7.6,20347.69,6.08,5.9,0
110861.1,0.142,0.601,0,7.9,10501.64,7.59,14.3,0
46161.32,0.515,0.84,0,8.1,19297.96,11.04,4.7,0
91157.58,0.277,0.042,0,5.3,8439.16,5.26,9.1,0
111688.1,0.071,0.013,0,12.0,48827.34,5.29,4.3,0
35414.36,0.39,0.948,0,5.8,16421.28,13.32,0.5,1
45285.96,0.091,0.207,0,14.8,18967.81,7.4,3.7,0
51178.74,0.317,0.727,0,5.7,6051.39,9.51,4.7,0
52709.35,0.176,0.635,1,16.3,8612.06,9.08,6.9,0
48591.74,0.27,0.065,0,12.3,22436.63,5.31,13.7,0
145222.11,0.211,0.447,0,14.1,49377.71,8.84,5.3,0
29623.93,0.485,0.958,1,10.3,4470.89,11.39,6.8,0
158796.14,0.187,0.421,1,10.0,51119.95,8.21,10.7,1
79243.62,0.257,0.18,0,3.9,35604.85,4.83,10.4,0
100315.82,0.327,0.563,0,7.7,46546.45,10.46,9.2,0
91561.13,0.368,0.145,2,8.1,16802.58,6.06,5.8,0
88549.09,0.257,0.514,0,19.3,22205.13,5.5,7.0,0
154471.91,0.366,0.228,0,1.1,30420.86,6.65,9.6,0
50967.84,0.185,0.51,0,13.3,3321.89,9.88,2.8,0
57315.91,0.417,0.704,0,10.7,27025.4,10.11,5.2,0
44853.13,0.473,0.241,0,10.2,15872.41,10.79,4.1,0
32187.17,0.373,0.192,0,3.5,11599.31,7.74,2.1,0
40353.15,0.316,0.441,0,5.8,6479.59,10.3,4.2,0
209932.07,0.086,0.225,0,13.1,35056.44,8.33,12.2,0
48095.95,0.62,0.271,1,9.4,16327.52,8.95,10.5,0
176824.72,0.344,0.188,1,12.0,41620.47,8.04,2.4,0
175897.57,0.221,0.254,1,10.0,80000.0,5.55,5.2,0
250000.0,0.347,0.332,0,11.7,80000.0,7.53,0.8,0
221600.46,0.408,0.562,0,11.4,42399.47,8.86,12.0,0
215669.81,0.321,0.464,0,15.4,80000.0,9.92,9.3,0
75341.34,0.253,0.545,0,10.0,25775.31,10.75,7.2,0
68095.37,0.251,0.928,1,2.1,32107.8,14.85,9.3,1
80859.73,0.418,0.85,0,7.2,20135.29,9.83,5.5,0
96577.32,0.059,0.01,0,11.9,27619.33,4.54,3.2,0
93504.71,0.145,0.156,0,18.8,38338.94,5.18,7.3,0
70262.08,0.523,0.737,4,15.4,34157.26,12.25,11.2,1
64762.12,0.265,0.122,0,18.0,21066.49,5.69,6.0,0
27936.11,0.5,0.875,0,4.8,13575.82,12.14,2.3,1
94019.16,0.228,0.367,0,16.0,29199.36,6.73,4.6,0
50206.99,0.409,0.658,1,2.7,7850.17,12.33,10.5,0
46368.63,0.273,0.307,0,9.3,5786.49,6.64,7.0,0
72400.79,0.243,0.289,0,5.2,7499.88,6.44,3.2,0
44085.22,0.388,0.34,1,13.9,8505.55,5.42,11.1,0
114458.41,0.289,0.273,0,4.9,40456.79,7.87,3.4,0
58307.79,0.388,0.219,1,16.0,10873.04,8.49,2.1,1
123883.38,0.35,0.805,0,6.6,11623.2,10.49,4.2,0
67558.93,0.274,0.765,2,16.5,9105.01,9.98,3.7,1
50623.05,0.567,0.799,0,7.1,18194.24,12.41,12.8,0
74922.88,0.374,0.29,0,17.4,22342.67,6.0,6.3,0
27737.11,0.375,0.57,1,6.8,7233.32,10.42,0.6,0
88202.92,0.414,0.193,0,12.5,36876.66,6.0,8.9,0
90455.97,0.537,0.588,2,7.1,22997.34,12.86,6.4,0
101175.6,0.213,0.2,1,8.4,43478.5,6.04,2.6,0
42158.54,0.379,0.355,0,6.0,18504.1,12.1,1.8,0
31695.91,0.134,0.416,0,10.2,12719.71,7.4,11.7,0
52491.76,0.268,0.378,0,13.5,24498.83,5.37,2.8,0
151510.72,0.247,0.488,0,11.9,43445.36,7.61,9.7,0
71399.83,0.446,0.188,0,6.7,32105.27,9.43,5.5,0
45798.33,0.15,0.37,1,12.1,5845.87,9.9,1.5,0
34250.83,0.267,0.359,0,15.7,8245.9,7.6,9.2,0
49509.53,0.439,0.292,1,20.3,18318.71,5.58,6.0,0
48094.35,0.284,0.484,0,13.3,17009.81,6.72,1.0,0
113005.46,0.113,0.712,0,11.2,18355.2,11.68,4.1,0
108110.68,0.282,0.384,0,11.7,48223.09,7.5,1.5,0
45539.55,0.387,0.087,2,7.1,8522.09,8.65,8.5,0
63811.79,0.433,0.49,0,15.2,15600.34,9.7,2.8,0
116438.63,0.21,0.206,0,19.1,46866.56,4.39,3.0,0
42386.02,0.347,0.307,0,15.3,18610.57,6.72,3.7,0
70823.68,0.417,0.188,0,9.0,11952.99,6.9,5.1,0
57778.82,0.319,0.296,2,1.3,23501.3,8.49,4.2,1
90838.41,0.15,0.01,0,9.1,29796.32,4.78,7.2,0
27946.74,0.206,0.675,0,4.0,5013.12,10.57,2.5,1
69597.75,0.35,0.326,0,5.5,20187.62,8.46,3.3,0
87491.22,0.241,0.129,0,9.3,41354.28,4.92,12.9,0
119092.2,0.177,0.299,3,15.7,25536.74,7.57,7.0,0
40607.6,0.178,0.614,0,11.5,17427.89,11.32,1.9,0
56252.09,0.421,0.167,1,8.0,26365.51,7.6,5.7,1
59632.99,0.285,0.359,0,9.1,24046.86,7.93,4.1,0
105377.35,0.095,0.01,0,12.1,18494.29,3.5,1.6,0
70120.93,0.272,0.504,1,14.9,11346.0,8.67,8.7,0
103194.32,0.306,0.225,0,14.8,14019.85,5.84,6.2,0
40822.74,0.22,0.727,2,9.6,18818.71,9.47,6.3,1
107733.11,0.281,0.354,0,15.2,41617.94,9.24,10.5,0
44632.61,0.373,0.565,1,7.8,8447.74,10.79,6.4,0
83275.84,0.231,0.194,1,5.9,18544.51,11.22,20.9,0
150750.89,0.264,0.474,1,25.2,56649.96,11.29,3.2,0
42291.75,0.149,0.644,0,14.9,16394.35,8.72,3.2,1
68122.39,0.194,0.046,1,6.6,28871.07,5.81,7.7,0
30658.83,0.386,0.528,0,10.4,13999.68,7.88,9.2,0
66613.91,0.522,0.189,2,15.5,28973.19,5.76,3.8,1
93577.22,0.409,0.514,1,16.8,21897.1,9.79,11.1,1
57477.05,0.363,0.283,0,8.3,29419.39,7.54,2.2,0
72757.96,0.326,0.334,0,16.3,16899.53,8.0,0.7,0
101220.91,0.41,0.528,3,9.1,40975.66,9.33,6.7,1
100748.75,0.104,0.365,1,3.9,9450.09,12.68,2.4,0
89436.01,0.25,0.545,0,12.5,9499.55,10.9,0.4,0
103727.29,0.088,0.091,0,13.5,13459.51,3.5,4.7,0
19841.2,0.33,0.081,0,6.2,5012.07,4.39,5.3,0
59405.78,0.257,0.772,1,4.9,7001.12,10.89,8.0,0
34842.56,0.326,0.671,1,13.0,13219.99,10.34,3.7,0
39448.37,0.273,0.65,0,18.9,13744.55,12.01,11.6,0
133343.89,0.272,0.5,1,3.5,35251.74,10.14,9.4,0
55616.94,0.297,0.47,2,11.4,13468.47,9.38,5.7,0
155033.59,0.339,0.731,0,3.9,54314.69,8.85,1.6,0
32957.37,0.276,0.578,0,14.2,3300.21,8.14,1.8,0
37067.06,0.325,0.52,0,19.0,4948.01,9.82,4.7,0
94897.38,0.212,0.83,0,10.7,9712.75,10.0,8.3,0
50440.98,0.174,0.325,0,10.1,24828.78,5.17,9.9,0
102245.63,0.21,0.172,0,11.8,43950.11,5.94,8.8,0
65798.97,0.225,0.412,1,4.0,13504.92,9.89,9.8,0
79240.42,0.116,0.251,0,3.9,8179.91,7.5,4.0,0
56216.04,0.265,0.484,3,3.1,18280.51,12.78,0.7,1
56994.55,0.276,0.818,1,10.5,20931.48,11.58,3.8,0
99817.91,0.276,0.318,0,2.3,35824.57,10.11,9.8,0
144614.27,0.352,0.414,1,13.3,35719.19,7.64,2.6,0
54667.2,0.429,0.27,1,6.6,18232.29,8.17,4.9,1
78366.54,0.245,0.228,0,9.3,12531.82,7.35,2.0,0
57527.54,0.216,0.177,0,3.2,4676.97,4.84,4.5,0
129889.16,0.291,0.596,1,12.9,20584.07,9.96,9.0,0
150563.18,0.038,0.01,0,12.8,7528.16,3.5,3.9,0
31952.84,0.198,0.546,0,4.1,2905.06,9.91,2.3,1
22436.13,0.363,0.527,1,5.7,4107.99,10.91,5.4,1
38884.68,0.416,0.741,1,8.9,6619.48,8.45,3.0,0
71527.83,0.257,0.158,0,1.5,11604.62,9.48,3.5,0
58107.25,0.44,0.861,1,9.0,23175.41,11.6,2.4,0
84114.99,0.184,0.692,1,5.9,40777.12,10.52,1.0,0
57193.01,0.385,0.648,0,11.7,27539.54,8.1,4.8,1
139878.38,0.236,0.475,0,9.2,19709.83,7.67,4.6,0
96697.85,0.33,0.247,0,8.2,41550.01,8.65,1.1,0
78094.82,0.12,0.55,0,10.8,29730.09,6.69,8.8,0
96265.82,0.464,0.476,1,12.3,24656.66,10.4,7.5,0
24157.22,0.529,0.229,3,4.6,9853.44,9.93,1.8,1
52346.54,0.437,0.841,1,3.4,7175.48,13.93,13.7,0
77541.32,0.32,0.773,0,9.3,10435.16,7.76,9.7,0
105751.19,0.117,0.693,1,9.9,11710.96,12.39,4.8,0
24334.92,0.47,0.508,0,8.6,4929.25,11.44,2.9,0
55008.47,0.178,0.551,0,3.6,19612.03,9.38,9.8,0
78191.07,0.219,0.518,1,16.7,24273.75,10.98,1.5,1
94625.47,0.267,0.171,0,6.1,23104.1,8.2,2.4,0
112251.72,0.35,0.45,0,3.3,31818.03,10.84,5.3,0
116591.31,0.355,0.361,0,9.2,45993.76,9.85,5.8,1
59671.33,0.262,0.611,1,3.5,9367.56,8.92,16.7,0
75404.97,0.232,0.948,3,13.5,29543.67,12.79,6.6,1
47554.95,0.323,0.471,1,7.3,8976.01,9.61,3.9,0
65143.68,0.323,0.561,1,14.6,20702.18,8.57,3.9,0
124230.2,0.088,0.696,0,20.2,14800.82,9.5,5.3,0
64469.39,0.38,0.593,0,5.1,18668.71,10.42,1.1,1
57449.92,0.324,0.839,1,10.5,8651.92,12.34,5.6,0
123954.4,0.316,0.578,0,12.7,40013.43,7.25,4.3,0
96622.91,0.502,0.314,0,9.8,27315.71,6.2,12.0,0
98043.41,0.412,0.546,1,4.3,13681.54,11.03,2.6,1
188372.51,0.398,0.719,1,3.6,21531.94,11.4,15.3,1
64077.16,0.351,0.878,4,3.6,26137.02,13.05,0.7,1
61273.43,0.238,0.785,0,17.4,7636.8,9.61,2.4,0
101854.33,0.217,0.01,1,13.9,17335.66,5.39,3.4,0
70012.97,0.545,0.427,0,8.4,31994.95,9.89,1.0,0
110535.13,0.261,0.384,0,11.8,39839.87,8.35,4.6,0
143825.16,0.215,0.252,0,19.0,45967.53,5.46,16.6,0
30619.52,0.142,0.552,0,7.8,13601.18,8.07,8.3,0
119151.0,0.448,0.272,1,7.3,40446.24,6.82,4.1,1
149818.55,0.283,0.14,0,8.4,21447.45,5.26,3.1,0
83017.48,0.343,0.917,1,8.5,24146.9,11.99,9.9,1
96362.92,0.421,0.236,0,16.1,11063.84,5.26,16.3,0
49854.94,0.32,0.421,0,1.6,22681.47,5.99,8.7,1
35816.6,0.555,0.625,1,1.1,20569.89,9.73,2.6,1
85107.88,0.387,0.426,0,8.5,24458.47,10.02,8.1,0
90709.79,0.162,0.781,0,12.5,42040.5,10.52,2.9,0
118286.12,0.07,0.243,0,16.0,51686.74,6.43,4.0,0
101728.31,0.147,0.576,0,5.4,18872.45,8.53,4.5,0
108302.53,0.277,0.349,1,20.5,29388.24,6.25,6.3,0
108054.43,0.21,0.66,1,9.2,16629.9,12.8,11.1,0
41695.48,0.134,0.367,0,7.1,18427.82,8.95,8.5,0
76287.86,0.426,0.993,0,4.4,33038.12,15.1,2.8,1
135922.19,0.364,0.419,0,12.0,39380.42,5.44,7.5,0
68864.45,0.314,0.476,1,12.2,28661.19,11.66,7.0,1
169454.23,0.27,0.21,0,7.8,52468.49,7.24,10.8,0
35347.48,0.233,0.57,1,17.7,5019.72,8.55,4.7,0
67563.66,0.213,0.474,1,2.2,16877.36,10.33,3.2,1
65890.34,0.172,0.13,0,10.3,11724.32,7.42,2.0,0
117630.12,0.338,0.639,1,10.6,25368.38,11.67,4.8,1
126827.33,0.353,0.79,1,7.7,51207.31,12.99,9.7,0
95587.2,0.03,0.631,0,25.2,35862.08,7.3,6.9,0
136121.24,0.292,0.329,1,5.9,32815.37,6.84,3.3,0
152853.68,0.178,0.157,2,14.0,48636.47,6.45,4.8,0
59512.41,0.36,0.675,1,5.0,6894.49,13.96,5.4,1
78594.99,0.243,0.343,0,6.4,8683.1,6.68,3.6,0
110474.62,0.121,0.01,0,19.8,30133.56,4.95,7.6,0
40396.47,0.22,0.566,0,10.2,10876.68,6.35,3.6,0
77268.48,0.307,0.571,0,9.7,14447.37,9.01,11.8,0
174393.94,0.41,0.63,0,5.6,62928.41,12.18,6.3,0
63901.56,0.188,0.552,0,2.2,6056.54,7.6,7.5,1
127194.52,0.206,0.01,0,10.9,48375.76,3.62,4.5,0
77485.5,0.238,0.467,1,3.2,36031.14,10.24,2.1,0
60370.28,0.329,0.497,0,14.5,17084.35,8.49,8.8,0
65255.43,0.552,0.722,0,2.4,22243.13,12.43,2.6,0
171739.73,0.304,0.07,0,24.5,55430.6,6.25,14.0,0
100730.76,0.347,0.195,0,13.4,43314.98,4.54,3.9,0
76899.98,0.247,0.899,0,10.4,14801.79,9.66,6.3,1
187090.98,0.21,0.433,0,10.2,32825.11,10.02,3.8,0
48441.5,0.252,0.378,1,13.5,20551.36,6.93,3.7,0
33305.01,0.221,0.555,0,5.2,7321.21,10.74,7.9,0
138476.43,0.241,0.921,1,9.1,63174.42,12.09,6.3,0
81051.71,0.393,0.533,0,11.7,36569.12,12.74,4.2,0
118994.82,0.176,0.238,0,6.8,46500.13,6.55,3.2,0
48774.06,0.213,0.293,0,5.8,20445.86,9.44,2.0,1
100806.89,0.186,0.619,1,18.1,41022.43,8.49,3.1,0
46845.32,0.228,0.414,0,22.7,13798.97,7.01,2.0,1
63240.53,0.276,0.764,1,14.7,16825.87,11.27,2.1,0
44907.68,0.309,0.326,0,4.5,7596.57,9.78,6.1,0
52781.76,0.175,0.272,0,1.1,18476.98,7.86,3.2,0
52764.01,0.352,0.336,0,20.1,22145.4,10.67,5.7,0
21030.88,0.183,0.405,0,10.9,3776.46,10.12,11.2,0
30605.29,0.218,0.629,0,3.8,8080.7,11.54,9.8,1
90378.34,0.366,0.552,0,7.3,21349.6,11.55,1.1,0
67830.68,0.256,0.973,1,6.1,11501.87,13.05,9.7,0
37621.12,0.187,0.935,1,19.4,10644.17,11.02,1.5,0
75618.3,0.194,0.323,0,26.0,37619.8,7.17,3.6,0
54811.73,0.236,0.33,0,10.6,21204.46,9.7,12.6,0
98055.09,0.262,0.049,0,14.9,10851.21,5.1,4.3,0
64730.87,0.198,0.148,0,15.2,15529.7,6.33,5.2,0
60488.22,0.266,0.134,1,27.6,26482.2,5.14,1.0,0
60629.12,0.462,0.159,0,7.5,8143.68,6.9,2.9,0
209889.38,0.237,0.413,0,9.8,20823.19,8.02,5.7,0
44368.15,0.172,0.293,1,6.4,15854.83,9.48,8.1,0
77988.93,0.304,0.069,1,7.0,28761.4,4.93,12.1,0
111305.81,0.076,0.179,0,11.9,36340.84,7.42,4.1,0
35945.35,0.314,0.955,0,5.1,14755.99,13.22,14.0,1
29913.4,0.313,0.656,1,4.5,8801.57,11.37,10.7,0
59976.86,0.203,0.323,0,11.7,9810.0,9.07,9.1,0
100991.87,0.327,0.433,1,5.9,19377.53,10.83,5.2,0
76269.57,0.141,0.459,0,21.4,11373.35,8.81,9.6,0
60516.59,0.339,0.323,0,4.8,14505.12,9.43,2.6,0
108681.1,0.25,0.148,1,7.2,17909.72,6.96,8.8,0
50621.57,0.466,0.09,0,5.9,10001.36,8.82,0.8,0
50570.54,0.535,0.766,2,7.8,12878.98,13.04,2.3,1
39561.19,0.338,0.205,0,6.8,13159.15,6.77,7.0,0
70840.44,0.217,0.674,0,11.8,13977.34,9.23,11.5,0
53506.21,0.54,0.865,0,2.3,27063.02,9.67,1.6,1
83847.72,0.449,0.336,2,12.4,41630.66,9.57,19.7,0
39441.99,0.205,0.495,1,17.8,16683.72,8.27,9.2,0
74355.13,0.1,0.192,0,8.5,19438.98,5.61,0.6,0
45776.55,0.307,0.265,1,5.1,11248.91,9.47,13.5,0
64536.1,0.342,0.026,0,2.8,12664.23,7.73,10.3,0
154576.03,0.243,0.218,2,2.9,44876.7,5.12,11.0,1
65409.92,0.229,0.271,0,1.2,11995.77,4.68,3.6,0
37191.36,0.111,0.413,1,10.5,10452.03,8.41,2.1,0
49875.27,0.297,0.388,0,4.4,16364.16,5.79,1.2,0
29038.34,0.237,0.347,0,10.7,12895.09,7.65,7.1,0
44504.22,0.235,0.193,0,8.6,17003.73,6.82,3.5,0
104662.45,0.145,0.376,0,2.7,40705.79,7.89,6.6,0
34842.55,0.464,0.423,0,9.0,15835.3,8.03,6.9,0
81508.15,0.219,0.406,0,5.8,27938.79,10.73,10.7,0
51317.73,0.251,0.453,3,0.5,20955.11,6.6,5.3,1
50765.38,0.328,0.148,0,2.3,17426.86,9.49,10.3,1
98180.74,0.134,0.614,0,21.9,25671.06,8.5,5.0,0
40549.41,0.482,0.792,0,11.9,5520.17,8.5,14.8,0
93298.76,0.336,0.104,0,7.7,22217.67,4.15,4.0,0
49616.57,0.428,0.199,0,13.1,6118.67,7.25,8.3,0
68593.31,0.186,0.092,0,31.4,20095.5,6.5,4.2,0
40271.76,0.365,0.839,1,10.6,8542.97,12.53,4.1,1
112351.96,0.176,0.345,0,7.2,38487.34,7.54,7.4,0
79449.15,0.509,0.705,0,7.6,16784.66,11.84,6.8,0
18710.47,0.324,0.376,0,16.1,2937.41,5.78,1.8,0
69784.69,0.222,0.514,1,14.0,14556.82,8.28,2.6,0
22398.77,0.419,0.338,0,10.1,7810.58,7.64,5.6,0
52763.05,0.328,0.705,1,19.0,14997.78,10.65,5.1,0
70595.79,0.173,0.473,0,9.8,32317.3,9.54,1.5,0
48113.41,0.463,0.395,0,8.9,5488.46,8.08,7.7,0
95667.33,0.193,0.219,0,25.4,43028.66,5.41,10.8,0
93594.83,0.361,0.539,0,15.9,13991.4,9.5,2.5,0
57693.1,0.233,0.344,0,9.6,7300.83,4.94,2.8,0
54387.27,0.135,0.447,1,11.2,2997.89,10.29,4.3,0
66288.77,0.328,0.796,1,11.3,18051.6,12.79,8.7,1
30557.88,0.481,0.655,0,10.9,10920.38,9.8,6.5,0
71018.53,0.285,0.1,0,17.2,7517.59,6.99,9.9,0
119943.29,0.416,0.231,1,22.2,23975.42,7.64,5.0,0
37622.12,0.149,0.013,0,4.8,14341.44,5.28,4.6,0
47063.67,0.418,0.557,0,5.0,23742.36,10.57,11.7,1
54136.99,0.398,0.423,0,1.1,7128.3,12.16,9.0,1
213111.57,0.167,0.353,0,3.0,14221.93,8.15,8.3,0
51894.13,0.255,0.158,2,4.0,21494.89,10.9,4.0,0
62539.36,0.342,0.313,0,21.3,5229.29,7.16,0.5,0
33842.23,0.321,0.46,0,15.5,4959.89,6.97,1.7,1
68299.15,0.261,0.431,1,15.0,22613.42,7.78,2.9,0
79317.29,0.345,0.359,0,19.7,25858.44,8.5,3.0,0
40432.18,0.393,0.555,1,12.5,19155.86,11.42,7.1,0
128366.09,0.142,0.462,0,6.0,37358.68,10.04,19.8,0
95190.75,0.212,0.293,0,29.6,29050.21,4.13,4.2,0
95878.63,0.29,0.191,1,9.0,9691.63,8.91,0.7,0
69265.71,0.176,0.198,0,7.2,12181.99,10.96,6.4,0
91125.51,0.252,0.297,1,13.5,26219.14,6.2,6.0,0
53696.1,0.381,0.417,0,22.6,15989.9,9.77,0.3,0
125861.81,0.231,0.871,1,1.1,18823.85,11.72,4.2,1
87876.04,0.139,0.176,0,10.8,10124.56,5.08,6.2,0
75397.29,0.104,0.457,0,7.9,17456.7,10.51,3.5,0
63063.91,0.41,0.282,0,3.2,17730.27,10.83,11.6,0
39950.22,0.528,0.493,0,1.1,7138.03,12.21,12.4,0
65933.89,0.355,0.713,0,14.4,12220.96,11.8,1.2,0
107796.46,0.483,0.298,1,2.7,49009.24,8.0,4.0,0
44644.39,0.339,0.594,1,0.5,6875.27,12.23,4.6,1
89770.42,0.046,0.058,0,19.0,24298.61,3.5,6.7,0
82725.88,0.316,0.199,0,11.4,5716.15,5.99,10.4,0
79419.51,0.287,0.428,0,6.0,6635.3,8.94,4.2,1
27870.05,0.242,0.372,0,4.2,9455.04,8.47,3.8,0
44310.85,0.386,0.436,2,5.6,17654.29,9.43,3.6,1
33927.31,0.198,0.367,1,4.4,5168.16,7.58,7.4,0
68221.41,0.33,0.426,0,21.4,14498.45,7.02,2.1,0
45295.73,0.156,0.216,0,10.5,15682.33,5.82,1.5,0
56187.55,0.266,0.575,0,5.8,6580.15,9.13,14.0,0
41036.23,0.396,0.662,0,17.5,4718.67,13.76,2.2,0
53992.45,0.403,0.632,0,5.8,22470.45,8.16,24.5,0
37121.91,0.33,0.444,0,12.6,16411.27,6.97,6.6,0
94780.75,0.171,0.537,0,11.8,15716.17,7.35,4.2,0
103349.11,0.389,0.346,0,1.7,32987.02,9.49,7.9,0
85750.87,0.149,0.282,0,14.8,26515.98,9.93,6.2,0
55188.49,0.272,0.735,0,6.6,23527.17,10.8,2.0,0
20205.41,0.316,0.872,3,8.2,5903.69,13.54,3.1,1
53259.81,0.216,0.31,0,6.0,15631.9,7.28,11.0,0
50394.17,0.22,0.531,0,10.9,8882.62,9.43,4.4,0
73869.86,0.275,0.385,1,7.3,29399.88,7.25,7.6,0
109821.75,0.365,0.323,0,2.1,48644.85,7.83,10.1,0
64450.69,0.375,0.456,0,7.5,15742.88,8.48,0.3,0
121014.58,0.31,0.37,1,11.1,15164.18,9.86,5.5,0
57617.71,0.291,0.633,0,7.0,13916.61,9.24,2.9,0
52117.59,0.306,0.472,0,20.1,4092.74,8.44,6.9,0
121755.51,0.39,0.559,0,6.6,42850.82,9.95,1.9,1
59705.51,0.216,0.669,1,28.9,21496.18,7.97,8.1,0
62383.87,0.163,0.263,1,11.6,11437.76,8.47,1.5,1
160931.58,0.105,0.319,0,4.2,62897.34,5.58,7.4,0
81860.95,0.172,0.211,1,6.3,32089.92,9.15,7.2,0
69865.3,0.343,0.092,0,9.8,17684.69,7.99,6.5,0
47430.27,0.197,0.735,1,16.2,13371.88,13.2,6.9,0
123017.19,0.2,0.795,1,12.6,41538.68,10.32,15.4,1
96304.87,0.149,0.022,0,5.8,40113.81,6.22,3.6,0
66078.56,0.412,0.395,0,5.3,8029.71,7.74,4.3,0
94769.0,0.291,0.459,1,6.4,39303.01,10.08,1.4,1
101611.35,0.271,0.639,0,13.8,21071.14,9.45,1.8,0
88035.89,0.311,0.404,0,4.2,26775.42,8.1,5.5,0
99718.26,0.407,0.395,0,0.9,25551.72,8.13,11.5,0
68182.81,0.416,0.278,0,12.5,7741.32,10.04,11.2,0
107187.15,0.13,0.441,0,26.2,20879.99,6.58,3.3,0
50555.21,0.364,0.22,0,9.8,22713.27,8.69,17.1,0
145739.18,0.363,0.742,1,5.7,27858.19,12.78,1.8,0
34827.06,0.459,0.469,1,22.8,13408.04,6.8,8.7,0
73295.86,0.287,0.292,3,3.7,7363.27,8.84,2.7,1
23041.27,0.38,0.841,2,7.0,5589.54,12.34,2.6,1
58800.14,0.39,0.711,0,9.8,17338.9,12.64,4.3,1
43135.09,0.348,0.55,1,7.1,13081.72,9.82,4.7,0
76233.58,0.235,0.799,0,4.7,36006.82,13.9,9.5,1
93917.56,0.26,0.373,1,6.8,30478.15,9.57,9.7,0
45184.69,0.431,0.186,0,22.5,13702.52,6.21,8.2,0
59828.08,0.245,0.939,0,8.1,22908.1,10.68,7.7,1
124384.66,0.222,0.81,0,11.0,60148.56,13.36,8.9,0
33957.18,0.351,0.879,1,9.0,8731.11,12.68,13.0,0
46705.27,0.227,0.282,0,5.0,17008.36,7.17,2.9,0
109123.29,0.265,0.032,1,4.8,30195.54,9.52,7.4,0
72639.67,0.421,0.368,0,6.4,24130.8,11.12,7.8,1
65114.42,0.218,0.457,0,5.9,12694.56,8.29,5.7,0
97095.64,0.346,0.457,1,15.1,41247.59,7.39,4.4,0
54562.86,0.067,0.368,0,12.6,13223.73,5.65,8.5,0
46910.99,0.302,0.677,0,8.5,14031.17,10.35,7.3,0
55431.89,0.167,0.712,0,13.6,22317.9,9.24,1.2,0
53375.02,0.329,0.354,1,2.4,8335.72,9.42,4.8,0
133378.75,0.34,0.595,0,17.5,43418.2,5.75,9.6,0
23393.61,0.282,0.819,3,1.4,3411.68,11.95,8.3,1
40983.71,0.241,0.079,0,7.2,5068.29,4.68,1.1,0
34308.8,0.255,0.386,1,3.2,4461.99,9.78,13.2,0
120936.53,0.409,0.15,2,7.9,46128.04,8.85,4.9,0
58231.66,0.343,0.127,0,2.0,11483.13,8.22,8.8,0
58812.92,0.233,0.544,0,4.4,27972.04,7.37,5.0,0
32692.21,0.396,0.452,0,12.2,3167.6,9.31,9.1,0
65090.11,0.262,0.742,1,8.0,4559.25,12.69,2.0,0
110586.03,0.214,0.549,0,4.4,43712.71,9.03,9.8,0
64264.33,0.24,0.148,0,0.5,20176.62,6.98,5.8,0
71058.33,0.253,0.244,0,12.8,25594.8,6.22,5.9,0
29304.39,0.311,0.378,1,14.0,12306.72,9.17,8.1,0
55243.77,0.505,0.543,0,9.2,21795.12,10.06,4.5,0
91244.58,0.343,0.256,1,4.5,31292.9,9.52,8.0,0
38875.52,0.413,0.394,0,5.9,8952.06,8.85,5.7,0
116747.98,0.291,0.398,0,5.9,33996.08,8.45,4.1,0
94051.82,0.403,0.272,0,24.9,27664.92,5.87,9.7,0
57220.2,0.15,0.29,1,4.9,26172.15,11.29,5.2,0
96213.38,0.329,0.392,0,6.4,13495.94,6.69,5.7,0
79353.89,0.273,0.55,0,8.6,11636.31,10.0,4.7,1
115648.19,0.421,0.465,0,26.2,30086.06,4.77,3.9,0
155646.58,0.306,0.516,1,10.2,27274.25,9.35,0.6,0
45771.55,0.142,0.42,0,5.1,15184.47,7.42,17.0,0
108419.39,0.355,0.561,0,9.8,9029.63,8.82,3.2,0
118291.43,0.308,0.432,1,5.3,38257.64,8.07,3.5,1
39521.4,0.124,0.585,0,2.8,13475.5,7.37,12.2,0
76166.25,0.115,0.01,0,12.4,8989.61,3.7,5.1,0
37172.96,0.465,0.454,0,8.2,7635.5,8.73,2.8,0
58627.52,0.498,0.162,0,1.9,13875.56,13.14,12.9,0
51261.77,0.383,0.295,1,7.9,8074.64,8.61,7.3,0
63262.81,0.319,0.627,1,7.8,13109.95,13.18,3.2,0
136810.76,0.217,0.172,0,12.8,58500.13,4.81,6.8,0
24570.89,0.313,0.418,1,12.7,7642.16,9.83,8.1,0
46640.49,0.286,0.385,1,6.2,6818.48,11.34,1.7,0
85973.93,0.288,0.414,1,7.0,9556.43,9.09,2.1,0
91821.68,0.358,0.937,1,3.4,22171.86,15.65,9.7,1
39382.48,0.17,0.378,0,4.8,16586.12,5.77,15.7,0
100701.84,0.274,0.102,0,14.7,13927.06,8.32,7.2,0
111955.52,0.377,0.234,0,3.8,22923.68,8.66,4.1,0
80327.79,0.173,0.133,0,6.9,18829.57,5.93,10.8,0
29265.09,0.368,0.405,1,1.0,4282.36,12.19,4.4,1
72342.66,0.604,0.543,2,8.6,28412.19,10.79,1.9,1
119741.78,0.37,0.714,0,7.1,43452.02,11.98,2.1,1
36237.11,0.332,0.258,1,14.6,10785.37,7.94,3.4,0
70237.08,0.113,0.352,1,5.2,9900.68,8.8,9.6,0
95214.76,0.477,0.964,2,4.6,25441.0,15.61,9.8,1
72986.04,0.288,0.747,0,9.8,33112.95,8.12,7.0,0
37689.0,0.251,0.01,0,6.9,2925.64,6.38,3.3,0
66144.12,0.271,0.462,3,10.5,21976.31,13.33,6.2,1
35483.49,0.469,0.755,0,8.7,12534.62,10.79,3.5,1
37135.56,0.34,0.399,1,8.9,9471.48,11.21,10.1,1
36097.3,0.327,0.01,1,10.0,8854.0,8.37,5.4,0
132250.16,0.102,0.221,0,3.7,52040.4,5.88,4.2,0
60960.71,0.075,0.027,0,2.5,12107.62,3.5,8.3,0
68600.25,0.174,0.24,0,5.2,8536.67,7.76,3.5,0
116040.04,0.209,0.026,0,9.2,40870.7,5.28,1.8,0
70195.76,0.319,0.333,0,14.1,7583.51,8.61,1.3,0
89734.26,0.194,0.061,0,10.3,23192.53,4.34,10.2,0
102584.14,0.332,0.304,2,5.7,29342.65,9.39,3.9,0
69941.4,0.433,0.436,0,12.2,6529.37,7.83,0.8,0
49801.2,0.334,0.458,0,5.9,6318.13,9.9,3.2,0
39555.93,0.241,0.488,0,8.0,7938.63,8.47,1.0,0
79196.6,0.37,0.01,0,19.4,35452.92,3.69,5.2,0
72249.06,0.142,0.444,0,21.8,8899.45,8.51,7.8,0
122437.9,0.079,0.25,0,24.9,46334.68,3.96,6.4,0
163660.67,0.214,0.238,0,7.2,63165.78,7.99,2.1,0
60151.81,0.274,0.693,1,6.3,29007.56,11.63,15.1,1
33013.21,0.373,0.685,1,5.4,9995.77,11.5,12.1,0
23516.84,0.2,0.571,0,6.8,4719.52,10.51,7.2,0
53636.53,0.278,0.443,1,8.6,15813.99,7.14,3.3,0
37408.73,0.187,0.87,0,4.0,15373.34,11.97,15.8,1
41643.99,0.26,0.309,0,9.1,19289.15,6.93,1.6,0
82938.79,0.317,0.32,0,9.8,23112.02,6.02,1.7,0
68169.26,0.154,0.249,0,5.5,25501.91,9.47,3.8,0
166246.88,0.43,0.19,1,21.4,71988.58,5.9,2.5,0
93915.63,0.203,0.222,0,16.9,30220.19,8.42,6.2,0
184952.46,0.221,0.489,0,6.8,49639.0,12.87,1.8,1
91454.66,0.387,0.494,0,3.7,16001.22,17.61,5.8,1
133880.69,0.159,0.179,0,7.3,49805.85,3.6,7.0,0
53247.88,0.379,0.834,0,9.2,25880.31,12.36,4.4,0
43780.82,0.499,0.384,0,12.1,19686.72,7.66,8.7,0
53711.56,0.222,0.344,0,2.1,8774.17,10.4,3.3,0
54183.49,0.357,0.35,1,13.5,23464.61,8.8,4.1,0
51671.28,0.338,0.445,3,20.9,7886.4,12.71,6.7,0
36299.02,0.426,0.228,2,3.9,16395.77,10.11,2.3,0
110643.69,0.229,0.01,0,12.4,38614.9,5.71,7.0,0
45248.75,0.19,0.805,0,12.2,19234.08,11.32,7.8,0
32427.32,0.159,0.504,2,10.4,2625.61,7.21,2.9,0
29170.95,0.289,0.623,2,8.0,7244.76,9.99,5.5,1
83146.94,0.342,0.182,0,9.4,32362.9,8.28,17.4,0
42916.66,0.128,0.066,0,8.0,7825.1,6.38,4.5,0
48276.96,0.435,0.558,0,12.6,11469.45,8.59,5.7,0
102855.41,0.204,0.019,0,25.2,16024.49,4.9,3.0,0
92693.15,0.221,0.535,0,7.3,19251.23,6.58,8.6,0
46957.03,0.246,0.475,0,8.5,17132.3,10.09,5.4,0
35307.46,0.211,0.481,0,12.9,14369.56,10.38,7.4,0
40152.52,0.468,0.45,1,3.2,15487.12,12.11,5.3,1
86700.65,0.328,0.856,1,6.0,34906.26,14.6,6.8,1
84257.55,0.3,0.572,3,10.9,15422.5,9.88,6.6,1
85327.45,0.374,0.077,0,7.9,29302.57,9.75,4.3,0
136275.84,0.072,0.116,0,8.6,30206.28,5.52,1.7,0
161683.45,0.226,0.205,1,17.2,28345.08,8.74,3.0,0
64910.85,0.302,0.011,0,6.4,23088.84,3.5,1.8,0
128470.1,0.442,0.713,0,7.6,33162.44,12.49,3.6,1
63827.52,0.128,0.388,1,4.3,21440.53,10.02,6.6,1
123534.6,0.203,0.377,0,8.6,24970.18,8.34,7.3,0
88220.3,0.311,0.195,3,5.6,33854.7,6.61,3.8,1
31611.29,0.121,0.01,0,6.0,8693.54,6.17,8.8,0
37804.88,0.421,0.255,1,10.6,9670.49,5.52,4.1,1
40846.6,0.279,0.247,1,6.4,4126.15,4.6,11.9,0
24014.79,0.303,0.937,1,12.5,9205.56,12.59,1.4,1
110433.87,0.121,0.457,1,7.6,31375.79,9.15,1.7,0
165904.55,0.349,0.372,0,4.1,59760.85,12.59,4.8,0
58387.1,0.264,0.543,1,19.7,26465.88,9.98,6.0,1
90965.34,0.372,0.146,1,6.5,17842.01,8.52,7.0,0
136256.12,0.222,0.802,1,10.1,54075.59,10.33,10.4,0
98066.96,0.356,0.428,0,3.8,26814.59,9.65,2.8,0
57165.49,0.234,0.441,0,10.6,20232.33,6.6,17.9,0
61289.39,0.17,0.305,1,10.5,15614.92,8.93,2.7,0
77572.53,0.204,0.276,0,8.9,28355.43,9.04,9.9,0
92658.57,0.215,0.222,0,21.4,23631.71,6.45,2.1,0
96053.13,0.432,0.339,0,3.0,26960.83,7.52,1.2,0
96646.23,0.246,0.585,0,10.9,14395.35,9.17,12.1,0
59744.28,0.239,0.501,1,9.6,13870.43,11.02,3.7,1
33228.55,0.173,0.656,1,22.7,9675.63,8.8,6.9,0
90069.62,0.298,0.154,0,7.3,23288.62,6.0,1.6,0
37765.64,0.21,0.47,1,8.5,11212.97,7.48,13.5,0
77716.47,0.387,0.612,0,11.4,11119.6,11.49,1.0,0
91334.86,0.365,0.549,0,7.0,26672.53,10.82,6.6,0
37563.18,0.179,0.371,1,8.7,10520.9,8.77,12.5,0
53925.59,0.253,0.686,0,6.0,13437.44,11.18,2.4,1
181385.95,0.356,0.294,1,4.1,57368.52,6.65,5.9,0
54081.91,0.433,0.52,0,4.9,22203.46,9.77,2.5,0
38186.41,0.324,0.487,2,9.9,18176.27,8.6,3.8,0
91738.47,0.148,0.379,1,8.7,22171.1,6.13,5.2,0
46581.62,0.29,0.119,1,3.4,21502.95,7.06,6.3,1
26515.24,0.384,0.37,2,3.7,12435.42,10.52,5.8,1
66237.8,0.462,0.372,2,9.7,8848.97,10.28,8.9,1
36134.73,0.233,0.831,3,11.6,15993.71,11.74,9.8,1
78333.35,0.2,0.529,0,2.0,17304.05,9.82,9.9,0
44482.85,0.526,0.418,0,5.2,11531.05,8.32,10.0,0
106832.8,0.301,0.434,0,5.8,17167.43,8.86,6.6,0
76344.99,0.249,0.635,0,18.1,35355.23,7.39,3.7,0
18674.97,0.235,0.28,0,14.4,5031.1,3.58,11.5,0
71291.39,0.199,0.768,0,19.6,31396.53,10.6,2.0,0
52486.78,0.295,0.137,1,5.7,10182.23,7.52,3.9,0
160294.64,0.269,0.399,0,16.6,31225.71,6.11,5.8,0
70308.33,0.359,0.345,2,3.6,22146.92,8.42,6.9,1
99153.31,0.27,0.459,2,9.4,40894.56,4.96,13.2,1
56620.25,0.215,0.256,0,3.8,18840.85,7.41,3.4,0
37579.31,0.318,0.568,4,11.9,14673.08,11.83,4.9,1
53147.52,0.33,0.542,1,7.0,10019.75,10.5,1.6,0
54828.63,0.33,0.264,2,4.5,11647.18,9.71,9.6,0
115393.16,0.153,0.543,1,17.7,29798.98,9.85,5.1,0
55875.31,0.283,0.267,2,9.3,21165.1,5.99,1.4,0
30212.92,0.312,0.472,1,2.0,12884.28,9.22,7.2,1
40681.68,0.28,0.6,1,8.1,12245.24,10.94,10.4,0
133641.7,0.313,0.452,0,1.4,37246.5,6.81,3.1,0
45497.39,0.461,0.538,3,14.2,6598.96,9.97,6.5,1
51576.23,0.431,0.645,0,10.3,22497.21,12.45,7.1,0
122722.0,0.37,0.277,0,17.9,55051.01,5.73,4.4,0
51684.68,0.128,0.32,1,10.8,17001.36,7.39,3.6,0
21452.75,0.311,0.141,0,13.4,4694.65,6.81,15.1,0
47212.25,0.24,0.539,0,8.2,11965.2,9.88,9.2,1
72451.05,0.464,0.343,0,4.3,31182.26,9.79,18.1,0
53559.71,0.298,0.459,0,8.7,11633.19,7.06,5.7,0
35203.03,0.339,0.155,1,8.4,9193.67,6.16,0.9,1
132395.49,0.312,0.01,1,12.3,17412.71,7.26,6.9,1
69148.43,0.284,0.46,0,11.8,11999.29,8.82,6.5,0
89262.08,0.436,0.3,0,11.0,6157.53,8.2,5.5,0
81251.18,0.272,0.664,0,8.4,17853.78,10.54,7.8,0
45202.31,0.147,0.576,0,10.7,16260.79,5.9,4.1,0
81878.69,0.29,0.299,0,3.4,28548.33,5.4,6.4,0
93755.77,0.339,0.644,1,24.8,35445.99,9.84,7.5,0
106687.86,0.302,0.513,0,5.6,12034.49,9.63,8.0,0
109054.89,0.271,0.184,0,11.9,24689.69,5.27,22.7,0
104871.13,0.275,0.171,1,7.1,26267.36,9.9,8.0,0
29459.7,0.233,0.641,1,7.3,2848.28,10.4,5.4,0
61717.89,0.217,0.609,2,2.1,22035.59,11.31,9.1,1
40266.67,0.483,0.238,1,3.8,8914.02,7.04,4.3,1
136577.72,0.195,0.324,0,10.2,37458.97,7.48,10.7,0
111546.1,0.285,0.495,0,17.0,12667.71,6.35,4.2,0
33881.77,0.285,0.352,1,22.3,12775.07,5.95,7.7,0
64367.9,0.343,0.245,0,8.8,19651.51,8.7,9.5,0
99493.86,0.099,0.455,1,16.4,37160.99,7.61,9.2,1
101430.66,0.406,0.236,0,17.5,19203.86,5.64,12.9,0
21937.07,0.327,0.307,2,3.8,5375.65,8.9,5.1,0
28929.78,0.146,0.116,0,3.9,11743.61,7.91,3.0,0
68928.04,0.41,0.302,2,11.4,9290.75,12.69,8.6,0
20918.65,0.229,0.021,0,2.2,2990.22,4.66,3.2,0
72260.76,0.441,0.835,0,9.0,7601.53,8.7,4.9,0
87591.77,0.348,0.417,0,10.6,11881.16,8.52,6.0,0
102558.21,0.485,0.379,1,19.9,34490.73,7.45,10.9,0
49754.93,0.37,0.619,0,3.9,12318.47,13.14,7.2,0
59890.23,0.482,0.76,1,2.5,18564.58,11.78,4.7,1
94732.52,0.356,0.06,0,13.9,15941.87,6.98,2.1,0
40902.21,0.477,0.799,1,13.6,3619.49,12.59,0.6,0
117441.92,0.118,0.198,1,13.8,17571.16,7.19,2.8,0
103743.96,0.316,0.231,0,13.5,18731.53,6.66,4.5,0
48655.67,0.353,0.419,0,6.0,18981.41,11.63,8.3,0
52390.76,0.361,0.494,1,4.6,9352.38,8.5,1.9,1
59104.64,0.307,0.533,0,11.5,6210.7,8.68,3.7,0
88593.95,0.258,0.868,0,17.4,41532.56,12.59,1.1,0
61103.67,0.396,0.461,0,14.2,10429.1,8.85,4.1,0
78854.51,0.258,0.61,0,11.7,27903.65,8.04,2.3,0
43117.02,0.345,0.293,1,4.5,12276.37,7.38,19.7,0
31435.95,0.295,1.0,0,3.1,9027.05,12.13,8.6,0
58193.39,0.289,0.655,0,5.8,18238.62,10.39,3.2,1
38869.9,0.301,0.339,2,14.8,5196.98,8.73,1.9,0
99301.65,0.163,0.185,0,32.4,46071.33,4.92,5.7,0
87376.32,0.189,0.077,1,6.2,22163.19,10.55,3.1,0
53133.84,0.174,0.065,1,12.7,12530.85,6.97,7.3,0
94995.46,0.187,0.01,0,7.9,5326.76,7.63,3.9,0
56280.01,0.152,0.01,0,11.4,23731.38,5.45,8.4,0
31232.82,0.157,0.183,0,17.3,11351.53,5.3,6.7,0
53493.41,0.271,0.413,0,15.3,4382.54,7.88,1.5,0
83970.56,0.139,0.114,1,16.0,23787.43,7.92,3.2,0
87860.97,0.351,0.28,0,9.5,28171.06,9.49,7.4,0
76877.01,0.328,0.569,0,1.9,20980.15,10.92,8.4,1
126829.97,0.205,0.089,0,9.4,26456.29,7.17,2.9,0
45050.16,0.3,0.808,0,9.8,8546.39,11.92,7.6,0
59742.58,0.293,0.455,1,7.0,20532.92,10.44,12.5,1
165251.02,0.138,0.091,1,10.6,57678.18,5.68,8.5,0
23203.94,0.25,0.272,0,11.6,2577.98,4.76,1.7,0
74220.02,0.3,0.602,0,4.4,26126.53,9.4,4.9,1
55863.9,0.159,0.246,0,8.5,14915.53,6.64,4.5,0
61879.61,0.318,0.344,0,5.7,23488.98,5.88,9.3,0
54358.04,0.283,0.187,0,15.5,12769.31,8.02,3.3,0
85103.48,0.147,0.381,1,11.3,24722.77,7.41,12.1,1
83796.68,0.229,0.073,0,6.8,13742.66,7.09,1.7,0
42084.48,0.106,0.221,0,1.9,15160.11,8.23,3.3,0
51334.37,0.277,0.447,1,10.3,10809.44,9.46,4.8,0
72974.06,0.252,0.285,0,6.6,14851.05,7.91,7.6,0
75659.2,0.332,0.393,0,15.4,28829.79,9.63,1.6,0
230258.61,0.285,0.617,1,8.1,72635.15,9.79,10.0,0
96097.12,0.404,0.335,0,9.9,24210.22,7.46,4.2,0
28147.0,0.225,0.292,2,19.9,12279.15,7.0,1.6,0
67062.41,0.124,0.412,0,7.2,28016.75,9.88,8.1,0
67856.23,0.405,0.277,1,4.7,15725.95,7.88,4.1,0
47788.77,0.283,0.462,0,23.6,9820.39,10.01,2.6,0
75808.25,0.281,0.723,1,11.2,18952.18,11.42,3.1,0
21822.22,0.327,0.095,0,4.8,4954.79,6.53,6.7,0
85970.57,0.239,0.175,0,14.7,33426.08,6.59,5.2,0
53238.84,0.375,0.248,1,12.6,14288.09,9.62,2.1,0
70739.79,0.305,0.279,1,15.5,7756.92,9.78,2.3,0
130447.61,0.354,0.457,1,15.2,17876.34,10.75,16.2,0
26826.66,0.377,0.811,2,21.8,5096.71,18.26,1.9,1
63860.68,0.174,0.827,1,23.6,14623.99,7.67,3.0,0
94818.37,0.347,0.104,0,3.9,31650.21,7.16,4.8,0
64349.97,0.211,0.378,1,2.7,15937.61,9.49,7.1,0
36008.81,0.199,0.218,1,19.4,8032.39,8.32,12.3,0
135555.35,0.234,0.266,0,4.6,42679.63,7.52,12.8,0
52794.22,0.283,0.794,1,8.3,19853.05,12.84,3.4,0
41610.03,0.517,0.88,0,8.8,13710.71,12.22,24.4,1
66275.12,0.206,0.218,1,25.9,27551.2,6.87,6.0,0
61157.44,0.236,0.672,0,16.8,11872.6,8.18,7.3,0
27090.99,0.447,0.929,2,11.0,7714.66,11.58,6.1,1
72477.94,0.366,0.442,0,4.4,21669.59,8.78,10.1,0
38133.68,0.315,0.532,4,5.9,8088.26,12.61,2.2,1
90779.81,0.372,0.218,1,10.1,28778.14,5.15,8.0,1
83811.04,0.532,0.566,0,20.1,14387.72,11.02,6.8,0
155820.95,0.227,0.343,0,1.1,22808.08,6.65,10.2,0
52831.89,0.508,0.599,0,21.1,6292.99,10.5,6.9,0
37214.68,0.292,0.785,0,8.0,8172.57,11.39,2.0,0
39631.8,0.096,0.162,0,24.9,16990.42,3.5,24.3,0
206170.73,0.276,0.308,0,4.1,27124.47,5.87,2.2,0
80713.59,0.477,0.393,2,14.0,21807.55,11.44,13.7,0
49792.98,0.362,0.276,0,14.7,12664.23,8.75,4.5,0
165863.28,0.42,0.241,0,11.5,30530.2,5.98,3.9,0
110934.39,0.267,0.345,0,6.9,46753.64,7.44,6.0,0
29795.04,0.496,0.406,0,29.0,7704.45,8.43,5.5,0
50895.91,0.357,0.774,0,14.3,12871.93,10.23,4.5,0
61683.29,0.228,0.439,0,15.1,23830.35,7.75,2.3,0
49364.07,0.256,0.308,0,28.1,21035.32,7.16,6.4,0
74920.42,0.066,0.83,0,8.4,17762.24,8.56,4.9,0
93820.46,0.169,0.45,2,12.4,29520.9,8.49,9.5,0
34998.93,0.354,0.489,0,9.6,7741.56,9.26,10.0,0
91363.69,0.225,0.257,0,2.8,11696.46,7.87,1.4,0
133612.33,0.159,0.305,0,8.1,13531.1,7.81,8.6,0
97711.62,0.183,0.01,1,12.8,35076.96,5.54,8.9,0
60971.24,0.275,0.203,2,8.9,26169.16,7.15,12.7,0
67602.24,0.19,0.01,0,15.7,24604.3,7.15,2.5,0
119123.9,0.208,0.712,0,16.1,45289.68,9.02,7.0,0
52073.53,0.28,0.205,0,8.1,7788.87,4.03,16.5,0
71450.47,0.4,0.149,0,9.0,32992.27,3.72,6.3,0
91853.29,0.095,0.247,0,5.6,23372.26,6.21,7.8,0
116131.63,0.328,0.171,2,5.1,39071.13,10.03,3.8,1
39546.0,0.539,0.455,0,4.6,16111.51,11.17,14.1,0
40970.2,0.36,0.55,3,6.9,5504.94,12.16,2.9,1
50016.74,0.195,0.303,0,14.8,7055.8,11.29,7.1,0
79970.56,0.465,0.658,0,16.4,15602.43,9.34,9.8,0
64995.08,0.128,0.01,2,11.1,18803.02,7.51,6.8,0
54413.59,0.264,0.128,0,3.7,15255.42,6.19,1.5,0
47922.79,0.234,0.345,0,7.9,18528.58,7.61,21.7,0
72297.66,0.315,0.426,2,2.7,26365.34,10.86,0.2,1
36384.44,0.373,0.815,0,6.9,13356.62,13.52,3.6,0
46858.41,0.162,0.237,0,12.6,2999.11,7.19,9.6,0
93406.02,0.312,0.643,0,5.4,21364.83,7.54,14.5,0
89905.86,0.112,0.45,0,8.0,5513.58,7.95,7.9,0
121339.53,0.405,0.084,0,4.5,53937.15,7.68,1.8,0
65290.04,0.261,0.267,1,23.6,7737.51,4.68,6.8,0
67116.91,0.233,0.288,0,17.1,7837.33,6.86,0.2,0
75715.57,0.124,0.369,0,6.4,31483.06,9.81,8.6,0
135373.89,0.319,0.774,0,3.0,14578.61,12.7,4.0,0
130880.12,0.234,0.891,0,8.2,57647.82,10.01,4.1,0
117857.51,0.284,0.227,0,9.3,49115.63,7.11,14.3,0
46120.32,0.412,0.53,2,4.8,6229.41,13.8,6.7,0
41344.38,0.364,0.207,1,1.1,8168.49,8.55,5.4,0
102532.92,0.371,0.459,0,28.2,27744.01,6.95,10.1,0
123479.19,0.432,0.245,0,19.4,16652.89,7.47,9.2,0
104113.42,0.332,0.419,0,13.4,12986.18,9.81,0.3,0
74793.84,0.16,0.211,0,3.7,26269.33,4.82,7.3,0
97354.63,0.159,0.368,0,10.4,32725.75,7.05,3.2,0
80752.48,0.358,0.498,0,15.8,19755.04,9.04,9.8,0
87133.55,0.278,0.01,0,19.1,15640.02,6.72,12.0,0
55873.75,0.351,0.78,0,7.7,13744.95,11.32,4.0,0
88314.67,0.283,0.498,0,7.7,11596.86,10.07,7.8,0
49228.84,0.186,0.525,1,10.0,17770.74,7.61,3.8,1
56953.37,0.127,0.06,0,19.2,4992.17,4.71,8.8,0
34217.05,0.266,0.629,0,9.2,5654.74,11.95,2.8,0
34206.31,0.149,0.396,0,14.2,8925.54,6.03,3.5,0
78902.67,0.268,0.39,0,4.5,16920.62,10.28,1.9,0
70764.13,0.189,0.835,0,2.2,22507.55,12.99,7.9,1
96539.67,0.303,0.684,1,6.9,18581.38,12.16,1.2,1
131262.97,0.352,0.295,1,5.1,48601.54,12.3,3.9,1
131161.7,0.339,0.693,0,6.7,43935.53,9.25,2.1,0
236286.42,0.03,0.01,0,11.9,80000.0,4.19,7.0,0
46850.57,0.169,0.208,0,2.1,19278.24,7.63,12.5,0
34100.71,0.281,0.526,0,12.9,3082.89,7.07,3.0,0
90025.56,0.371,0.385,2,7.4,10042.26,9.16,8.4,1
107069.91,0.35,0.418,1,0.5,17000.78,10.14,5.7,0
147882.4,0.375,0.387,1,8.2,19149.26,10.69,5.2,0
75317.25,0.313,0.407,0,15.5,22800.18,7.21,13.1,0
31104.14,0.353,0.366,0,2.4,4207.58,7.5,10.9,0
71680.98,0.459,0.933,1,6.8,26473.39,12.18,3.1,1
97291.87,0.267,0.553,1,11.5,41285.42,10.3,8.0,0
149913.03,0.289,0.104,0,16.6,29788.2,9.02,12.1,0
139132.08,0.249,0.638,0,31.2,16993.7,7.07,4.0,0
84104.17,0.436,0.476,2,3.0,15311.93,9.98,0.0,1
49831.78,0.392,0.514,0,4.5,22321.74,9.57,6.3,0
32658.11,0.392,0.743,2,12.8,13345.49,13.5,3.6,0
99048.17,0.251,0.215,0,7.6,24200.79,5.32,4.7,0
39310.52,0.25,0.855,2,3.1,14250.97,15.37,3.0,1
153226.79,0.201,0.608,0,6.8,46047.49,13.33,4.5,1
28941.22,0.382,0.302,1,10.0,6068.59,9.7,10.7,0
86223.61,0.252,0.498,0,4.0,11232.36,7.81,14.9,0
71310.66,0.282,0.203,1,11.7,14831.48,7.79,7.5,0
59153.82,0.27,0.38,0,16.1,19388.54,8.58,6.2,0
49093.24,0.379,0.595,0,7.5,13459.58,6.97,10.3,0
21955.24,0.311,0.413,2,3.0,7168.01,14.51,10.0,1
39939.14,0.447,0.434,2,5.0,7100.4,12.33,19.0,0
58337.92,0.314,0.393,0,13.9,10268.19,10.54,2.5,0
155520.64,0.346,0.033,1,7.8,30173.86,9.07,16.2,0
43113.92,0.36,0.502,2,3.6,5327.29,10.73,3.3,1
89105.98,0.303,0.42,2,8.6,40793.5,9.73,5.8,1
37345.37,0.145,0.409,0,20.7,4728.86,6.35,1.8,0
78338.44,0.366,0.21,0,10.7,11677.75,6.1,1.4,1
24988.96,0.302,0.05,0,8.3,8150.14,7.89,7.5,0
194079.17,0.324,0.093,0,6.4,58018.57,5.62,12.1,0
64574.17,0.296,0.361,0,7.9,18619.44,8.39,3.2,0
18000.0,0.471,1.0,1,11.5,5608.54,14.51,2.1,1
47950.86,0.182,0.49,0,8.8,19364.38,10.22,4.8,0
54429.03,0.271,0.129,0,4.1,3497.14,4.7,4.8,0
60102.75,0.355,0.377,0,11.9,19161.95,10.67,12.4,0
55823.95,0.237,0.353,0,13.0,18223.59,9.51,4.0,0
59273.36,0.07,0.516,0,5.7,12394.73,10.63,3.8,0
59003.6,0.067,0.021,1,4.0,5547.79,6.01,2.7,0
35221.41,0.256,0.623,1,3.4,5472.16,9.56,7.2,0
90418.32,0.311,0.183,1,4.5,26772.51,7.51,1.9,0
128374.87,0.33,0.796,0,17.3,40212.22,8.94,5.1,0
57416.22,0.183,0.358,0,9.9,21513.66,6.38,13.6,0
65427.5,0.318,0.808,0,12.1,13411.85,12.91,3.8,0
35962.68,0.312,0.392,0,11.0,16584.94,8.7,1.4,0
63869.23,0.219,0.215,0,3.0,20495.44,9.19,5.0,0
115216.91,0.111,0.01,1,19.4,36459.0,4.48,13.1,0
63603.99,0.305,0.217,0,10.4,26422.03,6.84,2.4,1
75698.55,0.185,0.431,0,3.3,24505.34,8.65,3.3,0
84213.98,0.192,0.555,0,4.5,36799.08,11.03,9.7,0
40761.11,0.214,0.629,0,11.5,5042.4,11.51,6.9,0
106917.61,0.234,0.266,1,6.2,35637.81,9.85,6.4,0
60757.44,0.239,0.472,0,11.4,29010.72,5.59,17.9,0
119404.27,0.299,0.333,3,16.3,25013.41,12.54,13.2,0
69476.72,0.36,0.328,1,16.7,11951.7,9.29,2.7,0
178488.8,0.221,0.714,0,20.5,53530.48,6.9,8.6,0
123386.82,0.31,0.313,0,12.1,21407.03,7.18,5.6,0
119654.76,0.14,0.027,0,13.0,5982.74,7.89,2.2,0
50635.69,0.314,0.355,0,11.5,11292.75,7.82,5.2,0
60296.76,0.08,0.521,0,11.7,9751.26,7.73,5.7,0
84772.18,0.287,0.158,0,18.1,18239.5,3.5,6.3,0
71075.94,0.124,0.635,0,13.8,27929.14,11.54,8.8,0
45852.89,0.419,0.631,1,11.0,19006.63,11.42,4.8,1
81118.35,0.419,0.344,0,11.7,16512.56,8.44,6.0,0
69569.14,0.229,0.328,1,6.9,8513.77,7.77,3.4,0
70623.7,0.497,1.0,1,3.7,19090.53,16.34,1.1,1
41021.23,0.324,0.469,0,15.7,15711.94,8.69,1.4,0
135488.77,0.251,0.01,0,14.2,42897.65,3.5,6.6,0
94624.56,0.29,0.511,0,20.6,20555.79,9.05,4.8,0
128249.89,0.416,0.059,0,14.4,33524.18,7.1,6.6,0
98882.67,0.257,0.141,0,5.4,28745.19,3.77,1.7,0
75966.32,0.333,0.311,0,6.6,27207.66,10.1,5.2,0
65877.97,0.183,0.638,1,15.9,27540.63,8.32,5.7,0
164207.2,0.276,0.365,0,5.1,69236.01,7.86,4.7,0
63544.1,0.31,0.527,0,15.5,21068.56,6.55,3.2,0
85535.32,0.175,0.419,1,5.4,23848.62,9.49,2.3,0
51102.35,0.49,0.211,1,9.1,13836.58,7.86,5.1,0
23084.31,0.393,0.913,0,8.3,8932.54,14.1,12.8,0
39779.39,0.117,0.746,0,12.2,4609.97,7.89,9.8,0
68165.96,0.39,0.481,1,14.3,11808.61,8.99,2.2,1
118426.26,0.292,0.086,0,16.5,45655.71,7.88,6.8,0
103344.87,0.096,0.268,0,4.8,38756.18,4.45,16.7,0
143132.64,0.454,0.2,0,8.1,45620.54,8.59,7.2,0
81927.83,0.213,0.46,0,9.0,33726.26,11.4,12.7,0
38668.08,0.33,0.843,2,1.5,13110.93,13.17,7.1,0
99595.35,0.223,0.678,0,10.1,26560.48,11.25,6.6,0
79614.04,0.199,0.25,0,3.5,17526.37,6.6,11.8,0
53399.57,0.145,0.265,0,7.2,8039.01,7.42,9.3,0
77840.7,0.132,0.561,0,14.1,22159.96,7.59,8.6,0
76250.61,0.172,0.081,0,14.5,32724.34,3.75,12.4,0
55393.05,0.338,0.585,0,7.0,10098.44,8.08,2.3,1
77431.63,0.345,0.15,0,7.4,3871.58,7.92,5.2,0
146862.28,0.108,0.793,0,6.1,45224.11,10.4,5.1,0
109282.9,0.176,0.147,2,8.7,43224.21,6.13,1.8,0
73351.92,0.116,0.612,0,14.8,25032.94,8.63,9.2,0
78678.72,0.186,0.368,1,10.8,9768.84,9.48,9.4,0
28046.46,0.4,0.585,2,2.2,8574.27,12.27,7.5,1
170449.17,0.149,0.518,0,33.7,34242.57,4.66,5.5,0
89099.96,0.424,0.52,4,14.3,45552.79,12.39,10.8,1
77934.39,0.382,0.872,2,11.9,28604.6,10.92,13.8,1
22616.4,0.249,0.251,0,13.0,7138.41,9.51,2.5,0
88139.3,0.318,0.389,0,10.3,38511.34,8.07,8.6,0
44352.36,0.51,0.66,1,9.0,15753.49,12.42,1.7,1
88703.11,0.252,0.92,2,8.1,9224.3,9.64,3.7,1
57675.64,0.373,0.694,0,18.5,12919.78,9.99,7.3,0
52211.69,0.311,0.664,1,11.3,21715.26,8.53,1.6,0
81814.74,0.305,0.794,0,12.5,36075.37,9.17,15.7,0
38032.46,0.427,0.185,1,7.6,8054.95,8.51,4.8,0
57394.18,0.282,0.173,1,3.5,9223.24,8.32,1.9,0
70905.55,0.221,0.279,0,11.1,29130.2,7.66,6.0,0
156291.07,0.258,0.226,1,13.6,43064.77,6.75,6.3,0
90103.56,0.282,0.712,0,1.8,12576.59,9.92,5.2,1
114362.46,0.315,0.795,0,3.9,15707.0,12.31,7.4,0
67016.46,0.373,0.195,0,1.7,8610.98,7.98,4.8,0
142673.83,0.124,0.16,1,6.2,30844.36,10.6,6.3,0
30688.82,0.36,0.233,0,10.0,7580.55,7.26,6.6,0
206252.16,0.253,0.323,0,13.6,80000.0,7.98,1.9,0
168322.74,0.269,0.491,2,8.2,80000.0,12.15,11.1,1
66708.4,0.183,0.2,1,3.1,18056.75,7.0,7.1,0
110837.01,0.074,0.447,2,5.7,46974.41,7.26,4.9,0
61111.57,0.486,0.215,2,24.9,9081.97,5.09,6.9,0
57384.0,0.219,0.239,0,3.8,19651.17,8.32,21.0,0
50652.79,0.328,0.1,0,4.1,7215.82,7.5,5.0,0
84795.06,0.334,0.609,0,5.6,27965.46,10.46,20.9,0
109356.3,0.365,0.613,1,12.5,18333.43,9.11,12.8,1
94255.49,0.396,0.257,0,9.8,34700.58,7.69,5.4,0
248468.96,0.273,0.375,0,13.5,80000.0,9.21,21.8,0
56960.3,0.271,0.698,2,12.5,17527.98,8.84,13.4,1
31375.82,0.184,0.656,0,6.0,13764.22,11.02,6.9,0
150440.94,0.197,0.369,1,10.4,19663.35,7.85,6.3,0
53725.48,0.03,0.295,0,6.3,7454.12,6.31,10.3,0
69603.82,0.03,0.544,0,3.1,28658.01,7.07,5.7,0
77503.19,0.403,0.257,0,15.7,6569.32,8.21,10.9,0
60610.82,0.279,0.788,2,5.1,21160.86,10.19,1.6,1
37995.98,0.12,0.095,0,11.2,3293.38,5.74,3.7,0
41388.1,0.44,0.389,0,7.6,19095.09,9.87,3.2,1
36071.98,0.213,0.527,0,12.8,4419.98,8.37,10.5,0
90839.27,0.416,0.311,1,19.7,30249.22,9.81,3.5,0
98808.2,0.41,0.631,2,2.0,28193.46,12.07,2.5,1
39979.94,0.335,0.353,0,18.6,13551.69,6.39,2.3,0
122466.96,0.184,0.092,1,21.4,20487.72,8.17,5.5,0
84723.26,0.337,1.0,0,10.6,25986.65,12.81,1.4,0
49198.57,0.335,0.197,0,22.2,18842.56,4.61,17.1,0
22049.21,0.385,0.572,1,10.9,2744.46,9.38,8.6,0
45374.24,0.121,0.536,0,4.7,18642.83,6.96,5.7,1
40801.39,0.44,0.563,0,10.1,9202.36,9.43,2.6,0
136418.77,0.301,0.445,1,7.3,39557.01,8.54,2.1,0
59928.76,0.551,0.517,0,9.7,20118.92,10.39,2.7,0
41065.55,0.304,0.405,0,6.3,7137.52,9.62,2.5,0
79150.49,0.179,0.526,1,7.4,5505.58,9.53,7.5,0
36525.48,0.171,0.517,0,18.1,9213.35,10.1,9.3,0
93429.33,0.392,0.405,1,9.9,40671.36,9.85,7.6,0
36477.72,0.414,0.621,1,17.8,9687.6,9.03,9.1,0
47105.3,0.429,0.071,0,3.3,17087.48,7.94,1.3,0
103460.0,0.127,0.01,0,7.3,34499.2,7.26,3.2,0
206093.03,0.324,0.08,0,8.1,80000.0,4.92,4.0,0
250000.0,0.112,0.315,0,14.3,80000.0,7.17,3.6,0
37393.5,0.348,0.643,0,6.5,10225.52,10.34,3.5,0
61398.01,0.12,0.527,0,11.2,11711.49,7.8,3.4,0
83009.04,0.318,0.43,0,10.7,33043.72,6.32,18.0,0
116591.3,0.297,0.601,0,6.1,21367.2,9.11,6.2,0
24315.18,0.541,0.523,0,2.9,7611.65,14.07,10.7,1
66107.65,0.305,0.723,1,14.7,7520.82,10.28,5.8,0
52475.72,0.214,0.331,0,15.1,8356.67,6.23,10.9,0
41659.7,0.168,0.01,0,6.8,5857.58,5.8,10.3,0
37691.98,0.289,0.901,0,7.3,15208.87,11.76,7.8,0
48373.85,0.362,0.767,0,6.1,5065.95,10.93,10.0,0
53801.09,0.495,0.525,0,18.4,14281.48,9.0,4.8,0
84231.07,0.274,0.244,1,8.6,22234.32,7.86,13.2,0
100253.19,0.04,0.348,0,13.2,43637.15,3.54,2.2,0
113327.59,0.26,0.01,0,7.0,30795.89,7.42,6.1,0
88492.14,0.337,0.569,0,17.4,19480.99,9.96,4.2,0
38013.91,0.341,0.254,0,5.2,8119.61,11.56,9.9,0
52944.85,0.272,0.427,1,8.6,14560.92,10.02,13.0,0
89771.0,0.228,0.307,0,33.4,20395.37,6.11,15.3,0
108696.8,0.427,0.867,0,4.1,50778.65,12.0,6.8,1
50786.31,0.371,0.63,1,0.6,9747.83,8.5,8.8,1
35863.51,0.415,0.907,0,4.8,12840.64,12.19,9.2,1
66376.06,0.354,0.587,1,7.5,11349.98,8.3,1.3,0
79508.97,0.243,0.748,0,7.0,15037.18,12.74,4.7,0
129942.16,0.157,0.064,0,7.0,60953.22,6.48,7.4,0
43421.8,0.316,0.378,0,5.5,9769.44,8.08,3.6,0
43310.64,0.231,0.697,0,3.0,14070.24,10.36,6.7,0
100782.69,0.301,0.129,1,18.7,19170.41,6.7,8.7,0
59153.72,0.319,0.129,1,9.1,5699.73,8.62,12.7,0
45710.55,0.388,0.717,0,6.5,16921.08,10.75,2.2,0
95129.23,0.359,0.676,1,10.2,41354.72,10.68,5.0,0
39699.09,0.226,0.356,0,12.5,12237.97,6.77,6.8,0
190304.51,0.213,0.447,0,6.1,63207.12,10.43,3.6,0
47908.52,0.271,0.2,1,15.4,13067.38,6.04,0.8,0
95362.13,0.408,0.109,0,6.8,12680.62,4.84,0.4,0
70165.9,0.307,0.597,0,20.5,25771.28,10.68,7.7,0
57305.6,0.519,0.483,1,2.5,19870.04,9.32,7.0,1
56027.07,0.25,0.402,1,2.9,8402.33,9.11,1.7,0
94221.01,0.443,0.485,0,25.5,39700.01,10.99,12.7,0
43439.57,0.407,0.819,2,3.9,14550.57,13.01,1.8,1
55497.79,0.372,0.01,0,5.3,16557.62,3.99,17.9,0
164689.34,0.278,0.597,0,5.3,70117.09,8.49,5.5,0
84279.86,0.259,0.329,0,15.9,22414.78,7.2,10.7,0
50539.23,0.436,0.084,1,2.5,4346.0,7.51,8.3,0
42199.09,0.2,0.01,0,6.2,8043.72,4.33,8.3,0
147721.58,0.469,0.755,0,3.3,38661.17,7.71,30.0,0
48783.11,0.399,0.47,0,12.8,18803.65,10.16,4.0,0
191238.46,0.185,0.07,0,14.8,80000.0,7.45,9.7,0
83682.14,0.109,0.146,2,13.2,9878.7,4.04,8.9,0
64473.74,0.435,0.432,0,9.4,30494.2,8.13,1.2,0
88478.55,0.188,0.413,0,3.5,18197.26,6.27,4.0,1
190661.06,0.308,0.331,1,10.8,39710.52,8.75,4.8,0
21228.0,0.268,0.717,1,16.3,3370.06,12.68,3.7,0
100238.81,0.063,0.423,0,17.0,36728.4,6.31,1.2,0
53657.43,0.436,0.644,1,4.9,13852.86,13.33,2.8,1
80244.07,0.086,0.066,0,9.5,4638.46,3.5,16.9,0
74439.93,0.249,0.37,0,14.9,31483.27,9.0,5.0,0
72085.17,0.212,0.01,0,14.1,15454.63,5.81,8.3,0
59193.45,0.421,0.944,3,9.2,23176.41,12.14,28.9,1
80909.39,0.255,0.234,0,16.4,36391.32,7.81,4.0,0
47135.68,0.167,0.453,0,15.1,2441.06,7.07,8.4,0
79936.06,0.397,0.242,0,15.4,9474.16,4.66,5.6,0
102453.22,0.134,0.649,0,19.9,31282.41,7.69,5.0,0
66689.87,0.328,0.125,1,10.6,27817.46,5.97,17.5,0
153234.19,0.282,0.517,1,13.6,68543.37,8.62,6.1,0
177544.63,0.159,0.024,0,10.1,24315.82,4.63,10.6,0
120349.9,0.129,0.505,0,5.0,18822.31,10.59,2.4,0
111142.88,0.109,0.523,0,20.8,17071.79,7.11,9.5,0
60679.06,0.178,0.455,0,21.0,29655.64,5.41,4.8,0
95592.21,0.389,0.468,0,10.6,47200.55,12.69,11.9,0
121149.43,0.289,0.671,0,5.8,60411.78,10.14,4.6,0
102707.28,0.3,0.582,0,7.9,29914.53,9.53,12.8,0
76259.43,0.056,0.202,0,4.3,17916.53,4.69,11.4,0
62672.59,0.314,0.593,1,10.6,9413.36,9.1,17.0,0
70780.07,0.388,0.88,0,3.7,23337.0,10.72,9.3,0
83447.59,0.468,0.963,1,11.6,20123.56,13.03,7.8,0
60839.96,0.478,0.145,0,10.5,8247.62,8.69,2.1,0
62662.3,0.268,0.076,0,11.6,22807.55,3.5,6.2,0
158218.37,0.328,0.691,0,7.1,43711.27,10.55,3.9,1
29826.1,0.296,0.614,2,22.0,8822.25,10.89,4.4,0
54290.28,0.15,0.152,0,18.9,18590.58,3.5,18.1,0
43212.98,0.204,0.325,0,9.4,14511.95,8.52,3.8,0
37180.9,0.367,0.17,2,12.8,18669.63,7.69,10.8,0
132584.31,0.143,0.204,0,14.1,58645.48,4.99,1.3,0
151925.19,0.209,0.197,0,11.3,49186.02,5.1,3.2,0
51392.41,0.265,0.436,1,13.1,22167.19,10.09,2.7,0
80155.59,0.344,0.303,0,13.8,24988.64,6.28,1.9,0
71919.95,0.237,0.321,0,6.8,13914.65,9.96,6.8,0
46094.0,0.18,0.509,0,12.3,13643.23,7.71,8.0,0
142111.79,0.499,0.701,0,8.7,51228.62,10.45,3.1,1
132065.13,0.284,0.378,1,9.4,62056.24,7.79,9.6,0
64460.75,0.258,0.792,1,5.3,33040.74,10.31,6.1,1
39083.45,0.265,0.38,0,3.7,12824.31,8.86,4.4,0
66346.0,0.291,0.141,0,6.3,9852.45,8.62,3.1,0
52942.9,0.166,0.203,0,7.8,18027.67,5.14,2.6,0
56539.35,0.388,0.51,0,10.0,12938.75,10.6,4.9,0
62443.87,0.353,0.734,4,8.1,13449.02,14.83,8.8,1
77950.5,0.274,0.01,0,20.6,22342.44,5.07,5.2,0
30982.57,0.501,0.251,0,7.8,4194.49,9.16,11.9,0
192922.85,0.405,0.548,0,19.4,25012.94,9.49,2.5,0
89913.87,0.254,0.349,0,9.5,30080.12,6.67,2.8,0
81190.03,0.351,0.851,1,7.0,29901.21,9.68,12.9,1
68902.1,0.193,0.01,0,6.0,17960.28,6.41,3.7,0
34618.05,0.251,0.463,1,9.9,9620.35,7.61,2.5,0
74238.23,0.215,0.172,1,5.8,22951.07,6.63,15.2,0
63075.2,0.432,0.737,0,8.8,21498.54,12.44,5.7,1
96691.04,0.262,0.659,0,2.8,38582.98,8.73,5.2,1
123583.32,0.247,0.753,0,6.3,25853.84,11.54,1.7,0
76325.97,0.34,0.739,1,8.7,16700.03,10.4,8.4,0
100983.09,0.225,0.739,0,10.7,46389.74,10.12,13.8,0
121284.28,0.407,0.677,2,23.6,22918.97,11.27,2.3,1
84120.42,0.427,0.351,0,12.7,16996.76,8.77,9.4,0
125830.74,0.231,0.536,0,22.0,18141.9,7.12,6.7,0
65053.78,0.373,0.355,2,11.6,14869.21,8.05,3.2,0
29963.51,0.18,0.01,0,10.8,9533.86,4.43,8.5,0
64966.04,0.361,0.442,1,15.3,7128.89,8.73,13.9,1
39956.79,0.328,0.775,0,9.5,6989.41,12.76,1.7,1
92631.74,0.038,0.557,0,8.1,22892.89,6.58,8.6,0
41513.38,0.308,0.543,1,10.3,13396.35,8.65,0.7,0
82839.0,0.351,0.51,1,4.4,27066.16,8.93,22.5,0
88881.96,0.347,0.78,0,1.8,44081.44,10.03,4.2,1
105089.69,0.475,0.438,1,9.2,17930.82,6.52,10.0,1
120151.89,0.173,0.674,0,17.9,16913.22,12.19,6.9,0
30959.62,0.316,0.037,0,23.0,8559.92,6.5,6.5,0
43904.42,0.365,0.01,0,6.8,9680.96,3.5,5.3,0
197800.97,0.353,0.728,2,5.5,80000.0,11.37,4.7,1
140942.27,0.18,0.202,0,13.5,7047.11,5.11,5.0,0
95152.88,0.168,0.168,0,15.8,9432.39,4.83,4.2,0
63083.88,0.219,0.42,0,14.7,24687.08,9.34,6.6,0
51019.97,0.257,1.0,1,7.6,15427.6,13.57,1.3,1
26075.11,0.313,0.663,0,6.2,10417.79,7.07,2.6,0
40000.87,0.323,0.902,0,5.9,15187.13,14.22,17.1,0
88690.19,0.178,0.643,0,15.7,9705.53,7.95,3.0,0
52238.62,0.337,0.248,0,3.6,8022.19,8.02,3.1,0
69302.02,0.093,0.174,0,15.9,11662.33,5.05,4.9,0
204963.73,0.211,0.376,0,23.5,80000.0,8.36,2.5,0
77190.1,0.185,0.059,0,8.6,17499.89,5.86,2.0,0
95340.66,0.176,0.49,0,25.2,11908.63,6.09,5.2,0
70363.95,0.295,0.833,1,1.8,11857.89,12.69,5.7,1
76138.68,0.206,0.448,1,13.3,38072.02,9.89,5.7,1
55470.25,0.331,0.304,0,6.3,25027.25,7.34,13.3,0
112937.11,0.335,0.633,0,13.9,46822.05,9.35,5.6,0
77197.84,0.29,0.44,1,4.8,37413.59,10.66,11.7,0
37944.98,0.42,0.243,0,11.2,16785.18,8.12,2.9,0
76942.52,0.201,0.068,1,12.7,9165.95,3.5,1.8,0
57196.57,0.38,0.274,0,15.4,13521.85,8.42,3.4,0
55517.21,0.4,0.252,0,8.7,11167.41,5.9,9.4,0
75258.31,0.339,0.25,2,8.6,16039.14,7.56,17.4,1
87728.36,0.299,0.7,1,2.9,21676.98,9.54,8.1,0
105052.6,0.074,0.585,0,3.4,33932.22,8.44,4.4,0
71645.67,0.322,0.727,0,12.1,28871.37,12.36,11.4,1
70869.12,0.419,0.253,0,7.7,26616.0,6.34,6.0,0
26158.29,0.291,0.482,0,10.3,8352.46,8.81,8.8,0
103548.27,0.152,0.762,1,3.6,29608.71,9.57,14.2,1
96001.02,0.367,0.715,0,7.4,24653.54,10.64,2.7,0
36767.24,0.303,0.252,1,14.1,9630.17,6.22,25.0,0
97620.31,0.216,0.01,0,9.8,40924.7,4.71,6.5,0
108796.15,0.155,0.502,0,10.8,45329.22,7.19,13.2,0
125751.78,0.447,0.65,0,8.1,57633.68,10.82,9.6,0
67104.58,0.31,0.738,1,13.7,21162.67,10.47,4.3,1
67033.45,0.407,0.611,0,12.2,13042.3,10.39,2.9,0
139280.93,0.24,0.354,0,9.0,15984.46,8.88,2.6,0
47283.1,0.293,0.863,2,8.0,12221.53,15.06,2.7,1
66777.22,0.221,0.206,0,6.5,23013.57,4.25,2.0,0
60898.88,0.16,0.357,0,6.8,17108.4,9.36,1.0,0
173448.97,0.35,0.109,0,30.7,8672.45,4.55,5.5,0
31766.17,0.391,0.674,0,14.2,15035.42,8.46,4.0,1
84095.55,0.201,0.518,0,3.3,26322.78,10.42,3.4,0
53165.31,0.443,0.749,3,8.8,26663.98,15.6,8.3,1
124241.34,0.324,0.273,0,11.7,32314.65,6.12,2.7,0
35322.84,0.281,0.369,1,1.1,17146.96,11.8,7.4,0
101409.73,0.066,0.128,0,17.7,22626.3,6.21,16.7,0
74254.49,0.366,0.206,0,13.9,17908.58,5.79,5.7,0
89525.68,0.289,0.796,2,19.2,38291.21,12.71,9.0,0
34202.68,0.256,0.576,0,22.8,4723.69,8.22,1.5,0
74975.59,0.195,0.4,2,1.4,8963.24,8.22,6.8,1
24066.06,0.373,0.418,0,1.8,7082.7,10.7,2.5,0
61254.15,0.268,0.017,0,8.7,19315.42,3.56,1.3,0
27976.87,0.344,0.337,1,1.8,10697.99,8.34,4.0,1
93280.05,0.357,0.679,0,6.4,31527.48,12.2,3.5,0
107658.91,0.261,0.062,0,6.2,8643.81,6.19,15.1,0
117816.52,0.234,0.683,0,11.2,42182.06,10.99,15.5,0
116811.36,0.347,0.18,1,6.8,35786.46,9.91,7.2,0
60139.78,0.317,0.853,0,14.0,11214.98,10.72,6.4,0
111914.81,0.081,0.133,0,22.0,10709.42,3.5,5.3,0
72566.69,0.35,0.218,0,6.5,26588.1,8.3,4.7,0
61551.15,0.255,0.7,1,7.3,9548.19,11.62,3.3,0
129017.01,0.359,0.279,0,7.8,38973.22,6.75,6.7,0
236779.09,0.131,0.154,0,10.6,17768.29,8.14,4.6,0
40883.01,0.52,0.427,2,4.5,17078.52,8.56,5.8,1
86402.64,0.509,0.787,1,14.7,14918.47,12.23,6.1,1
83625.14,0.138,0.176,0,12.6,25742.84,5.31,6.5,0
83567.68,0.177,0.325,3,5.9,13213.77,8.9,2.4,0
72286.33,0.464,0.147,1,2.7,32195.97,9.23,1.9,1
69433.52,0.226,0.138,0,23.4,29932.82,5.63,4.9,0
18000.0,0.298,0.118,0,14.5,8776.48,5.52,3.6,0
175762.45,0.074,0.263,0,2.9,48537.71,8.2,5.1,0
49270.3,0.207,0.562,1,31.8,9409.89,10.24,7.4,0
73005.28,0.12,0.301,0,17.5,13221.82,4.74,7.4,0
73160.86,0.231,0.577,0,13.2,31447.64,9.55,5.9,0
35872.34,0.462,0.598,0,5.2,15452.3,10.69,0.3,0
75591.73,0.408,0.228,1,13.9,20162.68,6.14,1.1,0
64396.08,0.251,0.466,1,2.8,24833.95,11.4,4.0,1
66512.59,0.117,0.01,0,8.7,10344.69,5.79,2.8,0
80374.18,0.381,0.233,1,18.2,25184.93,6.05,0.7,0
62168.68,0.364,0.485,1,9.5,8284.4,12.01,4.9,0
102905.22,0.354,0.462,1,14.7,15818.38,11.98,1.9,0
50439.2,0.199,0.01,1,5.7,16175.0,5.0,7.9,0
44691.3,0.372,0.109,1,6.1,8444.48,10.26,23.0,0
90831.05,0.35,0.67,1,12.1,24601.37,10.36,4.0,1
40732.62,0.217,0.507,1,13.1,8700.14,6.53,3.8,0
48945.7,0.228,0.371,0,10.1,8592.18,6.74,12.5,0
73324.81,0.233,0.01,0,13.6,8486.93,4.2,4.8,0
75983.88,0.077,0.022,0,11.6,14294.36,3.5,10.3,0
77353.99,0.339,0.43,0,8.6,33828.87,7.38,11.1,0
54644.81,0.322,0.624,0,7.0,6553.73,9.67,5.7,0
64101.92,0.11,0.114,0,12.4,20998.04,5.36,3.4,0
105885.79,0.339,0.242,1,8.9,43528.55,5.71,12.2,1
102305.75,0.536,0.331,1,14.5,38938.96,8.11,2.8,1
27149.21,0.165,0.411,0,15.8,5158.49,8.5,10.3,0
27949.45,0.385,0.206,1,8.6,6166.25,7.53,2.7,0
143103.31,0.292,0.01,0,9.0,12690.59,4.82,5.2,0
186667.37,0.088,0.01,0,14.2,60387.3,3.5,5.9,0
19444.09,0.326,0.789,1,13.9,4841.06,10.11,0.7,1
98960.7,0.305,0.639,0,1.8,42071.41,14.26,12.1,0
146813.95,0.397,0.085,0,13.1,61084.82,8.69,2.6,0
53755.95,0.112,0.309,0,21.8,15148.35,6.5,4.8,0
142825.44,0.146,0.272,0,15.6,38552.12,4.62,19.3,0
74994.93,0.376,0.549,0,11.0,12396.6,8.89,4.7,0
65407.32,0.278,0.401,1,26.1,26156.0,8.66,9.3,0
31119.13,0.464,1.0,2,11.4,16397.91,15.1,9.9,1
101755.29,0.284,0.153,1,7.6,39762.76,7.64,4.8,0
112351.93,0.265,0.408,3,17.0,33561.13,11.22,5.4,1
233399.96,0.092,0.315,0,11.1,23649.68,5.25,6.1,0
177774.07,0.144,0.455,0,17.6,66715.29,8.86,9.1,0
52790.85,0.21,0.698,1,10.7,20395.52,10.86,8.8,0
250000.0,0.128,0.088,0,10.5,80000.0,6.78,6.9,0
137995.59,0.239,0.65,0,11.6,21757.82,9.18,4.0,0
79368.63,0.261,0.618,0,6.1,20734.12,11.5,6.1,0
33238.45,0.369,0.872,0,6.2,5025.02,13.67,6.2,1
33684.1,0.18,0.102,0,14.0,5207.05,4.91,9.1,0
36257.31,0.28,0.154,0,14.6,4871.23,7.01,7.6,0
42943.65,0.32,0.598,0,20.8,5444.9,9.83,4.9,0
145625.03,0.12,0.346,1,11.7,67032.73,9.37,0.6,0
94171.86,0.308,0.439,0,13.6,17233.81,7.58,12.2,0
47426.81,0.294,0.322,1,3.5,16667.05,9.57,3.5,0
61845.78,0.238,0.725,0,5.4,24481.53,12.25,6.4,0
42722.79,0.371,0.968,3,7.3,16120.18,15.46,6.6,1
93066.68,0.417,0.308,1,10.4,33551.52,8.95,7.8,1
37095.72,0.345,0.149,1,5.5,7871.8,9.07,0.4,0
95465.3,0.14,0.359,1,15.4,10039.6,6.6,5.5,0
72206.04,0.203,0.151,1,9.3,27860.35,6.04,4.4,0
50791.45,0.255,0.531,1,9.2,10401.8,10.44,1.1,0
136794.26,0.246,0.288,0,12.7,65985.59,9.21,2.2,0
52850.71,0.369,0.76,1,11.4,16126.82,10.89,25.3,1
41888.39,0.241,0.634,0,8.0,5361.89,9.29,5.1,0
69666.39,0.356,0.811,1,11.5,25332.67,12.28,11.8,0
55544.74,0.356,0.619,1,8.1,27990.17,11.08,1.2,0
68524.68,0.306,0.613,1,9.5,21058.1,11.22,5.8,1
34075.4,0.303,0.434,0,15.4,8496.71,7.94,5.6,0
75741.77,0.215,0.624,2,15.4,10606.56,7.76,2.0,0
242787.94,0.079,0.01,0,13.5,48081.36,5.56,8.7,0
29787.9,0.332,0.545,3,10.6,7943.92,11.83,5.2,1
94455.33,0.164,0.252,0,9.8,29282.46,7.46,6.9,0
51052.44,0.22,0.389,0,7.8,23349.79,7.95,12.7,0
226036.35,0.238,0.364,0,27.8,26883.84,8.18,2.3,0
101211.87,0.192,0.678,0,19.9,17327.55,8.35,3.1,0
93643.17,0.239,0.392,0,9.1,9009.32,8.83,4.2,0
40941.27,0.271,0.876,1,13.6,8506.8,9.91,4.6,1
41703.94,0.274,0.626,0,15.9,7500.47,12.12,9.1,0
100237.06,0.194,0.645,1,5.5,39382.7,7.05,5.9,0
30841.66,0.323,0.763,0,9.8,9916.54,10.33,3.2,0
20714.31,0.454,0.754,2,9.6,4117.3,10.21,8.6,1
63857.59,0.284,0.515,1,23.7,25419.28,7.71,10.1,0
81546.97,0.16,0.23,1,11.6,6186.83,5.27,9.3,0
100420.27,0.135,0.433,0,5.2,25836.21,7.1,10.4,0
58007.72,0.238,0.209,0,17.0,16972.31,6.86,3.6,0
122930.36,0.252,0.571,1,16.7,43762.46,8.39,6.6,0
41722.0,0.397,0.542,0,10.0,6614.7,7.93,1.2,0
85453.6,0.484,0.29,0,7.2,39970.29,9.92,7.0,0
81157.57,0.247,0.697,0,11.7,8173.17,11.83,5.4,0
66037.74,0.377,0.864,1,10.5,33320.35,13.64,5.0,0
134900.62,0.358,0.276,0,17.3,24790.36,7.6,7.6,0
55704.29,0.43,0.425,1,9.6,18667.26,9.43,7.7,1
44697.81,0.257,0.629,0,18.9,15900.62,8.48,4.3,0
26215.48,0.235,0.458,0,6.8,5750.15,11.37,5.5,0
21030.51,0.48,0.824,0,12.9,8746.51,13.01,3.8,1
58351.24,0.303,0.919,0,5.0,12993.05,12.21,7.9,0
54584.54,0.146,0.517,1,11.6,18896.61,6.09,3.6,0
44907.51,0.142,0.01,0,7.1,19507.98,5.52,8.6,0
38647.68,0.449,0.461,1,7.2,13510.56,7.5,2.8,1
122242.76,0.385,0.492,0,5.3,49022.96,9.78,9.8,1
81275.85,0.344,0.436,0,11.9,41565.4,9.85,1.5,0
48467.15,0.099,0.323,0,8.6,11399.94,8.67,1.8,1
63581.97,0.084,0.488,0,4.4,19637.32,7.48,9.7,0
72434.77,0.255,0.41,1,3.6,8137.65,8.14,3.9,0
76940.28,0.09,0.212,0,23.2,23288.84,3.5,3.6,0
42632.33,0.475,0.342,0,14.2,18327.7,7.16,3.9,0
48792.72,0.399,0.35,0,5.7,10656.49,7.84,9.3,0
125869.41,0.169,0.702,0,2.6,10514.01,8.59,5.3,0
128433.43,0.228,0.642,0,5.8,20653.55,9.4,9.2,0
56732.95,0.104,0.114,0,13.6,6109.07,5.35,5.9,0
92205.5,0.351,0.067,0,17.7,35299.52,4.76,0.6,0
73349.89,0.152,0.212,0,24.4,21253.66,3.5,1.7,0
46749.77,0.193,0.54,1,11.4,6478.78,4.78,2.2,0
66349.78,0.305,0.504,0,6.9,9206.99,11.83,9.2,0
38707.6,0.384,0.383,0,4.8,7813.28,8.71,3.8,0
124346.36,0.304,0.84,0,9.8,29685.52,9.81,6.6,0
106147.88,0.429,0.809,2,1.4,33341.5,11.2,8.6,1
59471.8,0.222,0.705,0,8.1,5072.29,9.39,4.6,0
47128.86,0.284,0.248,1,16.5,14396.77,7.15,3.9,0
123719.18,0.297,0.556,1,16.7,45745.73,9.5,4.8,0
133967.14,0.198,0.502,0,6.9,18864.13,10.53,6.2,0
52315.33,0.03,0.136,0,13.9,10489.52,3.61,10.3,0
81439.86,0.183,0.175,0,13.3,28268.05,6.3,4.7,0
80185.04,0.084,0.199,0,6.9,27763.61,8.15,2.5,0
45610.76,0.381,0.048,1,11.0,16364.05,4.56,12.0,0
68895.52,0.406,0.67,0,2.4,29473.81,12.08,5.3,1
64676.65,0.137,0.026,1,5.9,11989.23,5.67,2.3,0
57284.77,0.162,0.372,0,12.3,7021.56,7.26,7.7,0
80605.41,0.106,0.124,0,4.0,13909.69,5.69,1.9,0
34710.5,0.312,0.485,0,2.5,6442.34,8.7,6.6,0
21333.68,0.387,0.743,4,13.6,4613.56,11.26,7.6,1
113497.37,0.356,0.378,0,3.0,24574.34,9.48,0.9,0
48026.62,0.491,0.254,0,6.0,4925.07,9.21,5.7,0
150115.64,0.422,0.649,0,20.2,36535.04,12.06,6.1,0
162833.1,0.428,0.683,2,4.1,19935.57,11.89,3.8,1
60220.49,0.237,0.446,0,14.0,26915.51,7.22,8.0,0
203736.34,0.357,0.131,1,7.0,65652.1,8.43,3.9,1
121747.75,0.295,0.297,0,10.3,13211.07,8.25,3.3,0
46641.0,0.194,0.247,1,5.8,9131.85,9.31,5.5,0
18133.67,0.141,0.373,0,14.7,6208.8,4.73,10.4,0
117750.47,0.359,0.586,0,12.7,27851.93,10.06,10.7,0
67121.59,0.212,0.442,1,14.0,15488.72,8.35,4.7,0
85231.66,0.233,0.136,0,15.4,36181.26,4.42,14.8,0
55841.54,0.42,0.324,2,13.5,9842.47,7.56,5.5,0
34378.83,0.206,0.539,0,9.5,11566.46,8.35,14.8,0
51323.2,0.303,0.152,2,10.1,18808.04,7.6,13.3,0
100203.64,0.189,0.517,1,6.1,47118.77,6.2,3.6,0
49406.14,0.226,0.454,0,8.4,5819.77,9.39,6.8,0
65772.19,0.173,0.553,0,13.3,18689.67,9.29,12.9,0
40507.43,0.147,0.136,0,8.2,2602.24,6.41,2.0,0
118454.6,0.203,0.246,0,10.9,5922.73,8.78,7.0,0
40326.26,0.214,0.64,2,3.0,9384.64,10.12,8.9,1
120523.86,0.246,0.521,0,6.1,44834.5,9.38,7.7,0
44857.85,0.379,0.438,3,10.5,4214.59,12.11,13.8,1
80879.96,0.237,0.639,0,11.4,19161.71,9.1,2.7,0
213101.46,0.138,0.162,0,12.0,76856.35,6.1,14.2,0
54440.53,0.26,0.572,0,23.1,23244.8,9.47,4.8,0
64897.27,0.218,0.346,0,10.8,9329.5,8.27,7.4,0
84362.68,0.477,0.887,0,6.4,10244.95,11.38,2.7,1
31554.17,0.268,0.54,0,10.1,12004.3,10.09,10.2,0
124604.6,0.14,0.339,0,32.1,43507.7,7.64,1.2,0
99621.07,0.185,0.487,0,8.7,29131.68,8.88,4.4,0
75098.23,0.342,0.456,2,1.6,26560.82,10.38,3.4,1
18000.0,0.355,0.479,1,28.1,7658.03,8.13,6.5,0
68390.35,0.259,0.01,0,11.9,21164.61,5.17,6.0,0
39718.54,0.265,0.032,2,6.7,6167.6,6.78,6.4,0
105337.14,0.283,0.153,2,7.1,35224.22,9.39,8.8,0
132706.19,0.136,0.289,0,6.5,55545.96,4.97,3.3,0
84288.3,0.277,0.346,0,3.6,15773.14,9.86,7.2,0
40599.5,0.333,0.176,0,18.0,7982.63,3.5,11.3,0
141642.58,0.249,0.783,0,15.1,64508.86,8.37,9.5,0
70464.4,0.165,0.04,0,5.6,31657.03,5.64,5.1,0
217543.08,0.315,0.015,0,8.8,50480.37,8.11,5.3,0
71063.56,0.177,0.296,0,19.2,12639.84,8.87,10.9,0
74329.99,0.445,0.302,0,4.5,22506.46,9.84,5.8,0
72625.03,0.09,0.162,1,6.1,28506.85,7.28,11.7,0
125941.59,0.276,0.391,1,16.6,31766.33,8.68,6.2,0
76573.17,0.311,0.267,1,9.6,14092.9,7.65,3.0,0
123562.85,0.255,0.661,0,22.1,59149.29,6.61,1.7,0
79153.95,0.138,0.057,1,15.1,22153.41,4.39,10.3,0
77315.04,0.142,0.057,0,11.6,5736.05,4.6,1.4,0
89318.95,0.163,0.107,0,4.2,16392.12,4.83,3.3,0
130618.59,0.374,0.818,0,23.3,27493.96,8.65,13.6,0
109094.12,0.131,0.735,1,18.1,46831.24,9.19,2.2,0
74789.44,0.155,0.301,0,13.9,10626.6,4.9,3.1,0
33157.44,0.165,0.241,0,18.3,10657.73,8.87,8.6,0
93771.68,0.397,0.144,2,6.7,19035.24,9.02,6.3,0
31613.77,0.51,0.139,1,7.9,7517.1,7.71,4.6,0
66965.59,0.332,0.148,0,2.8,10697.23,5.9,8.0,0
63192.2,0.282,0.58,0,11.1,27033.09,8.43,5.6,0
26319.21,0.271,0.77,1,3.9,6493.93,13.49,0.2,1
89856.13,0.294,0.547,0,7.3,37869.62,5.5,3.6,0
155796.49,0.343,0.328,1,1.0,78656.44,10.85,2.5,0
65818.5,0.064,0.405,0,20.4,19202.81,8.5,6.7,0
82244.61,0.214,0.376,1,14.4,26334.63,9.06,4.5,0
172932.27,0.531,0.264,1,2.0,40765.23,8.44,11.5,0
107818.61,0.34,0.472,0,16.8,42529.39,8.23,1.3,1
38253.26,0.184,0.293,0,5.8,4762.55,3.82,11.1,0
70684.69,0.385,0.578,0,4.0,29993.68,10.09,2.6,0
98558.06,0.229,0.344,0,5.7,38848.48,7.08,18.2,0
143682.08,0.272,0.371,0,11.6,42548.27,9.3,9.1,0
101596.58,0.363,0.257,0,18.7,41044.48,9.43,5.4,0
18000.0,0.327,0.852,0,2.2,7411.43,13.29,4.3,1
53400.28,0.211,0.035,0,17.9,3698.45,4.78,9.0,0
67233.8,0.204,0.337,0,7.5,19253.32,8.26,9.6,1
40431.38,0.386,0.649,0,13.2,17359.75,9.68,7.6,1
18000.0,0.177,0.322,1,4.0,8001.56,9.73,1.4,1
32916.13,0.457,0.547,1,4.2,7257.12,10.66,9.8,0
65391.25,0.156,0.214,0,7.1,20530.29,8.54,8.1,0
53370.65,0.234,0.524,0,5.8,4907.28,8.67,1.8,0
34828.6,0.235,0.638,1,13.4,10802.18,9.82,10.4,1
73541.13,0.295,0.397,0,8.5,15863.44,7.1,6.7,0
68238.0,0.38,0.673,2,6.2,27771.3,14.54,11.5,0
70910.48,0.032,0.223,0,11.9,11879.61,7.3,4.0,0
141249.72,0.416,0.253,0,10.8,48165.25,9.38,8.3,0
59107.59,0.425,0.49,0,9.8,25356.41,11.16,8.5,0
34811.56,0.412,0.577,1,10.8,5143.06,9.97,6.1,0
44855.99,0.17,0.395,0,30.3,6384.72,4.96,7.2,0
70785.46,0.212,0.108,0,5.4,13033.06,7.76,4.9,0
105970.23,0.27,0.811,0,6.9,46671.71,10.8,4.6,1
50593.47,0.265,0.11,0,11.6,13025.43,7.2,0.8,0
94490.79,0.357,0.169,1,12.1,12701.67,7.28,3.1,0
61847.41,0.276,0.188,1,5.1,10390.06,8.77,5.1,1
193120.8,0.307,0.514,2,7.1,38652.64,11.04,7.4,0
112313.78,0.249,0.045,0,13.4,32781.33,4.33,6.8,0
59891.38,0.2,0.546,0,9.6,24331.76,6.62,9.5,0
96676.68,0.356,0.711,0,6.0,15128.86,10.34,2.6,0
132590.57,0.03,0.229,0,16.2,49451.32,6.05,25.2,0
58938.12,0.27,0.321,0,7.4,10970.17,6.41,4.4,0
48595.22,0.099,0.287,1,12.6,15578.72,7.09,5.5,0
67654.53,0.196,0.701,2,6.8,31967.86,11.3,12.6,1
49579.24,0.386,0.649,1,13.2,16397.38,8.13,7.2,1
38895.37,0.333,0.141,0,5.6,12353.35,4.52,6.7,0
73743.76,0.267,0.649,0,19.5,17809.03,10.34,3.4,0
58405.83,0.367,0.237,0,23.8,22228.34,3.5,11.0,0
34518.98,0.158,0.363,1,4.1,12403.09,8.22,9.0,0
43031.69,0.456,0.878,1,17.9,19564.21,13.75,9.6,1
135636.55,0.128,0.747,0,15.2,53094.87,7.25,3.8,0
127121.49,0.2,0.316,0,10.4,40716.38,7.53,11.7,0
124555.75,0.166,0.301,1,6.6,39920.08,5.96,4.0,0
64415.17,0.374,0.584,2,4.2,31786.27,11.84,4.8,1
152568.4,0.03,0.27,0,8.5,39463.31,5.48,5.2,0
76531.67,0.19,0.17,0,4.0,34937.55,5.61,9.3,0
40302.97,0.368,0.363,1,8.0,3267.89,7.67,3.6,0
48942.16,0.318,0.611,1,8.1,9193.76,9.66,7.8,0
44251.69,0.232,0.614,1,7.6,14955.95,8.04,6.2,0
109929.11,0.418,0.743,3,14.8,55421.79,11.42,10.5,1
142914.36,0.221,0.131,0,7.5,22234.4,3.65,4.5,0
28968.49,0.49,0.561,1,9.4,6654.18,12.26,0.5,1
87606.65,0.149,0.122,0,7.2,34877.63,5.36,5.9,0
45607.65,0.46,0.336,0,2.7,7371.26,10.6,9.8,0
61626.19,0.193,0.287,1,6.6,7230.25,8.68,9.0,0
56985.64,0.335,0.234,1,4.6,8665.32,8.11,4.9,0
142556.5,0.167,0.682,1,15.1,61094.23,8.11,4.6,0
67747.98,0.16,0.206,0,14.4,29416.39,4.51,1.8,0
72960.35,0.163,0.595,0,14.2,26804.1,9.1,3.0,0
87739.86,0.246,0.451,0,13.3,32410.45,11.27,7.2,0
43103.68,0.095,0.477,1,5.3,16454.67,6.66,2.6,0
81038.24,0.134,0.275,0,7.2,18188.11,7.94,4.0,0
137528.02,0.197,0.225,0,18.7,30213.52,9.0,6.7,0
157145.05,0.318,0.147,0,21.2,41788.31,7.72,8.9,0
47113.16,0.43,0.041,0,6.0,7221.13,6.13,4.0,0
35086.06,0.18,0.273,0,4.3,4478.08,7.3,3.5,0
65374.76,0.365,0.13,0,5.2,28588.65,7.53,7.6,0
113590.98,0.379,0.461,0,15.0,49340.71,9.08,5.9,1
58922.25,0.33,0.685,1,6.0,13967.98,13.82,0.9,1
134252.49,0.113,0.01,1,11.3,24239.0,5.88,2.7,0
32834.95,0.16,0.745,0,4.5,12170.2,10.95,1.5,1
51620.89,0.222,0.533,1,9.7,4630.29,8.96,3.9,0
20798.2,0.272,0.496,0,7.3,3839.13,8.76,2.5,0
56626.61,0.315,0.675,1,13.2,9962.26,9.87,13.9,1
24706.86,0.4,0.587,0,28.9,5074.6,10.11,6.5,0
125406.58,0.151,0.375,2,12.2,21040.3,7.59,9.8,0
161559.43,0.221,0.271,0,3.0,67437.52,6.98,1.8,0
65945.44,0.305,0.662,1,8.1,15055.62,14.04,4.0,1
44437.9,0.244,0.01,0,12.2,2221.9,4.38,2.5,0
71920.23,0.342,0.366,1,34.0,26854.92,3.95,4.2,0
166600.56,0.42,0.517,0,5.0,36336.26,12.66,10.9,0
92368.93,0.381,0.398,1,17.5,38946.94,8.07,7.2,0
124649.44,0.278,0.364,1,11.9,39661.91,9.89,5.6,0
55262.79,0.332,0.525,0,8.0,8427.93,12.39,4.4,0
36370.51,0.266,0.859,0,25.9,7764.58,7.99,4.7,0
39178.77,0.357,0.744,7,20.5,9740.38,12.99,2.5,1
22187.07,0.19,0.661,1,5.8,10580.31,11.1,8.5,0
220681.91,0.281,0.139,0,25.8,25434.99,3.5,8.5,0
65744.41,0.319,0.705,1,8.4,27802.88,9.95,9.7,1
92557.13,0.443,0.678,1,6.1,15921.47,11.57,3.2,1
63181.36,0.276,0.664,1,19.7,10967.27,10.97,1.0,0
39668.37,0.298,0.439,0,8.8,8044.1,8.27,6.0,0
136186.3,0.325,0.469,1,14.2,23188.56,7.44,9.8,0
34837.92,0.176,0.554,0,27.2,11260.31,4.74,6.0,0
104046.68,0.101,0.214,0,17.2,11827.16,6.75,8.6,0
94399.15,0.171,0.273,0,5.0,10320.27,8.76,4.8,0
64288.45,0.396,0.734,1,15.9,24704.85,11.17,6.5,0
46350.47,0.33,0.665,0,5.5,8282.66,11.02,2.6,1
50454.93,0.298,0.493,1,4.3,7098.42,9.93,4.4,1
54017.18,0.286,0.522,0,9.7,11813.23,7.55,3.9,0
68824.97,0.548,0.919,2,5.4,19766.12,15.04,8.0,1
114426.08,0.108,0.04,0,18.4,24305.6,6.78,11.4,0
93121.09,0.259,0.01,0,9.0,13409.99,5.65,6.9,0
52254.45,0.365,0.208,1,8.8,8525.47,9.04,3.8,0
224198.93,0.301,0.117,0,5.6,52045.5,4.84,4.1,0
36624.52,0.352,0.183,0,10.9,8473.62,6.15,4.7,0
32782.33,0.17,0.488,0,8.3,3114.21,8.6,8.8,0
67455.54,0.272,0.487,0,16.2,23872.17,10.24,0.9,0
68746.84,0.393,0.283,0,21.3,20939.9,5.89,9.9,0
107460.39,0.23,0.449,3,15.0,29951.57,10.56,8.2,1
97555.12,0.22,0.773,1,7.4,33738.16,11.94,9.5,1
57806.06,0.496,0.448,1,10.4,7178.67,11.15,4.1,1
88990.48,0.309,0.743,1,13.6,20605.79,9.9,7.7,0
100012.07,0.366,0.351,0,7.7,8383.5,9.35,1.3,0
244508.14,0.257,0.166,0,10.0,80000.0,7.18,10.4,0
78937.76,0.35,0.565,0,9.0,18119.8,10.41,5.1,0
60079.18,0.319,0.272,0,12.3,3218.37,9.34,4.7,0
92831.14,0.174,0.01,0,13.9,21881.49,7.14,12.7,0
18000.0,0.445,0.286,0,7.0,7219.15,8.67,3.3,0
88966.87,0.336,0.01,0,5.7,4448.34,4.86,7.8,0
91669.37,0.497,0.432,0,2.9,23369.38,9.8,2.9,0
88499.9,0.268,0.159,0,10.7,7438.62,4.64,5.3,0
79030.15,0.305,0.187,0,19.7,26258.45,6.62,2.3,0
109585.5,0.319,0.25,0,4.3,27850.27,10.36,13.6,0
102183.61,0.144,0.761,0,5.8,13552.48,10.24,4.4,0
134839.41,0.305,0.547,2,11.8,20917.79,11.07,4.0,0
94072.15,0.298,0.225,0,21.5,28632.33,5.75,3.5,0
56588.3,0.307,0.765,0,10.8,8330.18,10.29,4.6,0
29319.79,0.166,0.01,0,3.2,7264.9,6.37,3.2,0
141271.46,0.201,0.352,0,11.4,30260.07,5.89,8.4,0
104171.09,0.22,0.708,0,10.3,14612.3,8.67,2.2,0
69190.25,0.34,0.284,0,2.1,30790.93,10.67,7.1,0
48899.36,0.13,0.191,0,22.5,14859.19,3.5,9.5,0
91372.45,0.176,0.351,1,1.5,43007.01,8.14,5.6,0
69632.58,0.19,0.126,0,16.3,7314.84,9.27,7.7,0
61010.03,0.531,0.631,0,6.2,5853.13,14.06,3.4,0
67413.98,0.249,0.665,0,7.7,28609.07,9.95,10.5,0
98133.01,0.37,0.343,0,3.7,25359.76,10.19,3.2,0
36837.45,0.29,0.285,0,5.8,12236.55,7.34,8.7,0
90025.64,0.336,0.721,0,25.9,12530.24,8.03,13.2,0
53204.36,0.204,0.683,0,16.8,14755.87,9.05,10.4,0
48598.96,0.333,0.486,1,6.2,15064.83,10.14,6.6,1
106181.28,0.323,0.15,1,16.7,44655.21,5.26,5.9,0
43227.81,0.145,0.294,0,5.8,15675.76,8.52,3.1,0
111004.97,0.253,0.26,1,7.8,15622.78,9.88,5.8,0
87966.45,0.139,0.257,1,11.2,17084.65,6.66,11.6,0
30458.72,0.246,0.451,0,8.1,12038.03,6.49,1.8,0
148842.76,0.097,0.278,1,14.3,53128.13,9.27,14.2,0
92914.72,0.225,0.04,0,3.2,32698.13,5.69,11.2,0
85387.53,0.326,0.577,1,3.0,32044.27,9.88,4.6,0
98056.1,0.392,0.107,0,5.9,12660.44,4.93,6.4,0
135562.87,0.321,0.293,0,6.8,18576.82,6.96,1.6,0
81531.0,0.28,0.415,0,8.2,35121.05,10.74,6.3,0
100205.29,0.315,0.697,0,3.9,30729.35,10.94,8.8,1
73401.68,0.301,0.867,1,8.6,20921.98,11.16,11.2,0
84640.17,0.184,0.048,1,9.4,16076.49,6.37,13.8,0
27990.91,0.277,0.413,0,10.5,3806.82,6.49,3.4,0
101749.39,0.44,0.451,1,7.2,41182.6,11.38,16.7,0
165316.72,0.187,0.44,0,15.5,42135.41,7.59,9.2,0
97689.11,0.314,0.016,0,10.6,17861.62,7.08,2.1,0
28787.02,0.401,0.667,0,4.1,7123.84,10.8,7.4,0
88052.3,0.435,0.661,2,6.1,44287.73,13.77,6.4,1
52348.54,0.232,0.218,0,9.5,21033.49,7.12,5.7,0
23530.29,0.171,0.473,0,17.4,10374.59,6.96,0.8,0
149316.15,0.341,0.295,0,11.8,18559.68,9.92,2.1,0
42125.1,0.298,0.37,0,8.8,17802.19,7.12,3.5,0
174536.3,0.143,0.351,0,13.5,63875.78,8.1,5.0,0
134438.39,0.202,0.371,0,10.4,36132.14,3.83,9.1,0
59465.46,0.298,0.259,1,15.1,28344.34,8.25,2.7,0
91412.12,0.114,0.688,0,9.5,31556.48,7.1,5.8,0
189407.48,0.223,0.377,0,23.6,52598.76,7.83,7.1,0
149794.42,0.03,0.453,0,27.5,35384.4,7.98,11.5,0
75327.25,0.266,0.187,0,11.8,14311.44,7.7,10.9,0
250000.0,0.351,0.302,0,23.1,80000.0,8.0,3.9,0
76821.79,0.157,0.442,0,2.3,6695.11,10.41,11.1,0
85630.25,0.141,0.452,1,4.7,35561.84,7.7,9.1,0
51877.99,0.062,0.087,0,9.4,22679.35,6.24,7.2,0
29647.14,0.342,0.402,0,15.0,8325.89,9.82,3.1,0
61272.84,0.157,0.523,0,9.1,12140.84,7.19,9.4,0
76987.07,0.215,0.504,0,7.9,24044.64,7.35,3.0,0
85870.97,0.392,0.112,1,3.7,35368.44,8.51,3.6,1
35259.88,0.262,0.432,0,8.3,11142.96,9.13,2.9,0
105581.72,0.282,0.357,0,8.5,36315.24,10.24,5.5,0
45594.52,0.176,0.305,0,18.8,10398.28,6.26,9.8,0
95221.76,0.293,0.399,2,8.6,14434.54,9.26,11.4,0
117457.62,0.116,0.164,2,5.4,35944.42,6.19,12.6,0
43610.09,0.437,0.279,0,12.0,17874.99,6.7,5.7,0
40062.32,0.338,0.725,0,5.3,18621.37,9.61,0.8,1
151667.91,0.438,0.792,0,7.9,59431.45,12.4,18.6,0
101004.78,0.464,0.462,0,6.1,17265.49,10.83,8.7,1
86206.67,0.141,0.659,1,6.4,18702.05,10.3,5.7,0
147560.24,0.08,0.173,0,16.8,40222.33,5.98,8.7,0
74491.55,0.216,0.356,1,4.8,30523.11,6.67,2.4,1
61630.15,0.191,0.273,0,8.7,10470.92,9.95,0.9,0
39516.33,0.179,0.272,0,8.1,5980.58,5.57,6.4,0
70011.68,0.38,0.268,0,15.1,32060.17,8.62,15.8,0
104251.7,0.416,0.519,0,4.3,23685.95,8.38,4.7,0
145123.82,0.29,0.237,0,13.4,19078.85,7.68,5.5,0
42834.25,0.492,0.617,3,7.2,23079.09,12.9,25.2,1
135344.87,0.371,0.675,0,9.7,21892.65,8.1,11.9,0
85425.67,0.354,0.01,1,13.9,14093.74,5.06,14.6,0
60360.19,0.2,0.35,0,4.7,9139.94,8.99,8.5,0
32168.54,0.223,0.757,0,9.2,12184.75,12.01,17.8,1
43063.69,0.447,0.259,0,0.5,10009.86,9.21,6.1,1
41249.53,0.188,0.366,0,16.0,7001.29,8.51,1.3,0
145393.13,0.245,0.596,1,12.2,31238.96,11.22,3.9,0
74568.31,0.294,0.718,0,3.8,31769.75,13.01,4.3,1
66948.88,0.28,0.731,1,5.1,21780.84,9.23,6.9,1
162023.27,0.183,0.405,1,8.4,62331.91,10.28,7.6,0
35356.43,0.279,0.592,0,23.1,8058.39,10.85,5.4,0
55328.39,0.403,0.29,0,5.5,7124.68,9.81,2.3,0
166631.37,0.479,0.31,0,10.7,46719.04,7.52,6.2,0
70714.99,0.212,0.195,0,6.3,29820.19,7.05,6.6,0
226297.71,0.261,0.433,0,7.6,65926.59,6.82,2.5,0
72211.25,0.47,0.909,3,3.9,20353.54,16.01,2.3,1
122260.98,0.274,0.64,0,19.6,36768.31,8.85,2.7,0
112299.02,0.315,0.681,2,13.3,30387.33,11.94,2.7,1
62420.6,0.284,0.461,0,8.3,29095.07,7.21,8.8,0
51492.12,0.281,0.395,0,7.2,24017.66,8.51,9.4,1
63225.3,0.406,0.55,0,3.5,12618.39,7.32,7.1,1
36678.75,0.265,0.215,1,3.5,14530.75,6.7,4.2,0
58724.84,0.235,0.687,0,17.9,9356.32,11.01,4.9,0
65050.89,0.191,0.632,0,7.6,25006.28,8.6,4.5,0
170945.11,0.076,0.594,0,20.3,11806.66,5.88,11.9,0
84994.85,0.463,0.313,0,7.8,14816.94,13.41,3.6,0
213638.51,0.366,0.589,0,2.2,69212.32,10.93,2.7,1
25336.54,0.142,0.161,0,8.7,5240.73,8.3,3.0,0
24698.01,0.304,0.895,5,9.6,5165.65,13.57,10.8,1
73346.16,0.363,0.01,0,5.9,8691.94,5.49,4.5,0
119407.62,0.457,0.338,1,10.4,49626.67,10.7,8.4,1
74064.62,0.208,0.313,0,5.9,32131.12,8.33,9.3,0
32916.02,0.367,0.885,0,9.7,11929.08,8.86,9.3,0
40079.86,0.385,1.0,2,18.1,8209.43,17.03,2.2,1
44640.41,0.174,0.25,0,9.9,6368.44,6.18,9.2,0
39110.34,0.312,0.488,0,13.8,11408.54,7.04,10.0,0
177993.54,0.331,0.313,1,15.0,48292.85,9.31,10.0,0
65778.31,0.193,0.542,0,11.6,16885.24,6.79,11.8,0
64146.66,0.282,0.666,1,13.4,18771.48,6.72,10.2,0
70839.26,0.34,0.777,0,11.3,14783.24,10.03,2.6,0
54279.59,0.38,0.338,0,9.4,7158.83,6.97,7.7,0
56185.61,0.209,0.165,0,12.0,13874.21,7.84,3.7,0
78217.71,0.038,0.094,0,11.7,31727.91,4.46,3.0,0
82931.78,0.413,0.306,3,15.0,26942.56,9.26,12.9,0
172675.47,0.1,0.108,0,13.2,48740.94,9.98,16.7,0
84045.12,0.194,0.736,0,9.4,37037.63,9.38,5.5,1
48381.82,0.227,0.01,0,5.3,17910.67,4.79,11.4,0
129028.48,0.208,0.592,0,13.1,22104.52,8.14,5.2,0
79960.98,0.232,0.599,1,6.2,32763.81,11.3,1.2,0
55338.0,0.342,0.325,1,21.0,22187.69,7.74,7.5,0
94618.82,0.118,0.406,0,3.1,21648.12,6.94,7.1,0
64573.96,0.368,0.442,0,3.1,22715.54,10.8,2.3,0
81642.87,0.305,0.429,0,3.5,27040.0,7.07,2.6,0
88360.56,0.236,0.029,0,5.7,33871.78,5.95,2.7,0
46467.91,0.262,0.459,0,6.4,6676.7,5.61,3.1,0
157971.97,0.452,0.137,0,8.5,64145.18,9.82,5.8,0
25014.97,0.413,0.488,0,8.6,2900.9,7.35,3.6,0
102428.45,0.083,0.433,0,11.3,38610.09,8.19,6.4,0
85429.08,0.152,0.01,0,10.1,11378.89,6.62,7.8,0
96007.67,0.136,0.126,1,10.9,20703.68,4.12,1.4,0
42933.67,0.3,0.213,1,4.2,17000.62,6.4,1.2,0
143689.37,0.197,0.01,0,6.4,28769.74,3.94,5.0,0
46748.37,0.337,0.82,2,9.8,7167.09,12.0,8.1,1
43449.26,0.399,0.081,0,7.3,4088.71,5.77,13.0,0
40261.62,0.235,0.079,1,8.6,10452.55,6.3,11.3,1
86917.94,0.314,0.467,0,5.0,25239.13,9.85,7.8,0
38895.67,0.152,0.13,0,23.2,7568.03,5.87,6.7,0
185612.12,0.329,0.251,0,9.1,71808.01,9.34,1.6,0
131403.62,0.268,0.326,0,17.2,48063.33,5.71,12.8,0
174630.81,0.204,0.174,0,3.5,35377.98,8.42,4.1,0
181712.43,0.237,0.662,0,13.1,52562.17,6.5,10.3,0
51382.84,0.283,0.552,2,15.2,17825.51,6.87,13.3,1
50780.22,0.139,0.372,0,7.5,11892.54,8.39,1.8,0
21697.29,0.256,0.273,0,4.6,2000.0,9.63,9.2,0
59584.19,0.308,0.325,1,10.9,21694.72,8.73,11.9,1
135391.0,0.248,0.178,2,6.1,49742.19,8.51,2.7,0
44157.34,0.343,0.174,1,14.2,8019.59,5.11,3.0,0
62470.59,0.411,0.378,0,15.9,18022.99,6.74,1.5,0
65536.1,0.14,0.123,0,3.5,21804.91,5.0,5.3,0
97742.72,0.15,0.222,1,5.4,39314.75,7.08,18.4,0
154682.39,0.41,0.107,0,4.6,58352.54,6.66,9.6,0
26353.22,0.432,0.268,0,1.3,9736.42,9.71,1.3,0
32710.14,0.34,0.391,1,21.9,3226.79,8.64,11.3,0
159324.76,0.16,0.257,0,1.4,59167.44,6.18,1.7,0
105813.62,0.2,0.253,1,25.6,13310.91,6.14,4.4,0
68514.92,0.244,0.426,0,17.2,26041.68,7.5,1.3,0
177797.49,0.402,0.338,0,3.9,56162.08,4.86,1.5,0
32807.12,0.22,0.371,2,6.2,15616.02,7.08,6.4,0
111329.69,0.341,0.576,2,13.8,31330.92,13.09,3.4,0
47170.4,0.384,0.56,3,11.3,14865.88,11.98,0.6,1
74484.51,0.582,0.864,2,14.1,17614.03,16.05,7.0,1
18000.0,0.286,0.237,1,7.6,3597.58,9.17,6.5,0
53890.43,0.315,0.87,1,8.1,6440.74,14.42,2.5,1
103626.76,0.278,0.11,2,6.6,47008.48,6.65,7.6,0
59947.11,0.282,0.431,0,10.1,7881.14,9.76,4.6,0
131349.78,0.406,0.046,1,3.2,18888.81,7.28,6.6,1
94172.66,0.198,0.266,0,14.9,47292.79,9.78,12.3,0
40234.0,0.166,0.468,0,12.2,14410.46,6.2,12.5,0
96838.68,0.279,0.82,0,14.7,13781.38,10.93,2.7,0
41375.88,0.15,0.578,0,2.6,14751.55,8.66,2.1,0
52825.42,0.437,0.309,0,20.6,21954.05,9.0,7.1,0
117196.18,0.172,0.747,0,2.1,27901.01,8.7,1.8,0
33934.96,0.458,0.34,0,9.9,12611.93,7.54,1.3,0
102208.71,0.218,0.359,1,5.1,26826.44,7.98,6.4,0
66814.54,0.213,0.523,0,9.9,5131.84,10.65,1.0,0
58039.65,0.11,0.01,0,14.4,8777.05,3.5,4.7,0
124316.33,0.085,0.126,0,26.3,32583.48,4.64,4.7,0
41003.43,0.245,0.408,0,10.2,5734.5,9.84,0.4,0
52454.89,0.399,0.163,0,10.1,18724.39,5.89,10.7,0
109101.19,0.132,0.653,0,11.6,49069.25,8.99,7.1,0
59748.28,0.268,0.515,0,9.7,12323.05,10.18,5.4,0
37677.12,0.37,0.7,1,14.3,6493.38,11.79,3.6,1
107030.32,0.264,0.312,1,6.8,22811.42,6.24,7.0,0
68915.27,0.325,0.256,0,12.0,22806.16,8.98,5.7,0
36899.52,0.396,0.39,0,9.5,7283.52,10.69,4.2,0
18000.0,0.247,1.0,2,10.5,2971.27,14.58,5.3,1
92635.95,0.383,0.791,0,9.2,19073.71,12.05,3.4,0
46950.97,0.387,0.088,0,5.8,5113.29,9.45,6.1,0
41278.11,0.163,0.173,0,24.6,2810.65,3.61,3.4,0
93059.81,0.415,0.591,0,14.7,11963.37,9.92,4.0,0
98050.2,0.248,0.507,0,10.4,19514.9,8.04,2.0,0
49836.59,0.239,0.693,0,12.2,17793.69,10.56,3.4,1
96811.5,0.396,0.433,0,7.4,37216.83,9.11,2.1,0
212386.54,0.119,0.436,0,17.4,64347.17,6.72,9.4,0
151297.5,0.34,0.132,0,7.2,39130.59,8.11,7.0,0
113520.55,0.179,0.295,0,7.0,12783.96,8.96,13.9,0
95323.12,0.335,0.361,1,25.3,31344.46,9.3,10.7,0
48905.03,0.427,0.611,1,2.7,13007.41,14.38,1.4,1
66351.56,0.164,0.323,2,9.6,13374.01,7.75,4.4,0
112564.81,0.124,0.134,0,12.7,33702.54,6.97,10.0,0
36539.07,0.273,0.51,1,15.5,5125.15,8.68,2.8,0
61548.65,0.321,0.4,0,2.2,21207.48,8.4,4.5,0
30668.92,0.501,0.372,0,7.1,10852.76,11.96,5.4,0
79217.05,0.136,0.249,0,12.0,14501.64,8.34,3.7,0
52625.46,0.406,0.611,0,9.3,13153.12,8.64,2.5,0
41879.54,0.461,0.414,1,7.4,12199.81,8.89,8.2,0
119469.14,0.103,0.334,0,9.3,44031.85,7.99,16.6,0
56906.97,0.257,0.01,0,8.0,7791.39,5.04,4.4,0
55102.95,0.359,0.173,1,6.1,13068.56,6.47,6.9,0
120248.66,0.123,0.585,0,8.4,29263.14,11.17,5.4,0
79298.66,0.505,0.897,0,7.3,32696.25,10.26,1.4,0
46488.71,0.139,0.414,0,10.6,8140.74,9.73,2.0,0
65466.67,0.355,0.727,0,9.7,32499.28,9.04,4.7,1
48973.79,0.288,0.314,0,8.2,4798.09,6.63,7.6,0
63658.42,0.254,0.555,1,13.3,9541.02,10.19,4.3,0
73242.07,0.293,0.525,0,1.6,17439.73,11.41,2.5,0
74547.55,0.195,0.814,0,3.6,22165.2,11.89,7.0,0
75344.89,0.439,0.781,0,6.8,15437.84,12.72,3.5,1
91817.14,0.211,0.184,0,24.1,25408.31,6.47,7.0,0
31256.47,0.379,0.539,0,10.9,11937.0,6.59,4.8,0
85861.11,0.264,0.256,0,9.5,15084.1,6.63,15.8,0
95287.85,0.144,0.341,0,7.9,12915.87,4.16,12.9,0
148846.73,0.257,0.01,0,24.3,52495.56,5.95,11.2,0
43494.48,0.199,0.601,0,15.0,5845.55,7.21,13.0,1
103837.46,0.29,0.07,0,10.9,43731.81,6.19,5.3,0
35560.91,0.26,0.283,0,14.7,15919.14,7.36,7.8,0
58978.14,0.328,0.637,1,8.5,4767.81,9.52,2.0,0
65319.68,0.258,0.637,0,2.5,26565.27,10.08,5.6,0
39357.41,0.179,0.287,0,3.5,9780.2,8.73,14.1,0
54919.07,0.166,0.146,0,11.6,23716.91,7.06,9.5,0
68276.09,0.14,0.643,0,4.9,17303.64,9.22,5.8,1
29373.77,0.12,0.152,0,16.5,6085.14,7.76,10.8,0
48338.45,0.398,0.314,3,0.9,12052.54,8.13,1.3,1
29752.44,0.397,0.268,0,8.6,9252.68,8.63,14.7,0
196393.94,0.134,0.561,1,10.6,77579.86,10.28,5.4,0
72948.74,0.165,0.318,1,5.1,13868.59,6.01,1.0,0
89784.07,0.234,0.361,0,13.4,24018.08,7.93,4.5,0
73234.6,0.345,0.935,0,7.7,14918.27,14.32,6.6,1
116329.51,0.205,0.01,0,12.1,25933.49,5.07,2.0,0
128182.93,0.261,0.542,0,10.8,41363.32,9.87,4.3,1
44344.67,0.171,0.191,1,14.0,7743.25,7.28,11.6,0
131159.18,0.355,0.264,2,15.3,46712.43,6.61,5.2,0
95579.89,0.449,0.242,2,14.1,36166.23,10.57,7.2,0
67114.06,0.479,0.054,0,3.8,7820.43,6.59,2.7,0
57947.9,0.24,0.366,1,2.5,10658.16,9.3,2.8,0
18000.0,0.268,0.496,3,27.5,6258.04,7.68,1.8,0
35083.92,0.13,0.206,1,7.0,4812.37,5.57,13.1,0
98591.92,0.223,0.318,0,3.6,39567.93,7.75,8.0,0
133782.46,0.116,0.347,0,4.3,50108.08,7.53,1.1,0
96471.16,0.256,0.226,0,5.2,35480.24,7.69,2.3,0
72561.0,0.17,0.13,0,6.7,8309.52,7.32,11.8,0
187395.34,0.435,0.797,0,5.7,17420.48,11.59,7.5,1
94099.37,0.54,0.635,0,4.6,43304.88,12.04,7.1,1
47764.66,0.355,0.54,0,8.5,10946.96,11.9,3.5,0
250000.0,0.201,0.476,0,14.5,37371.36,7.22,4.7,0
45798.65,0.092,0.669,0,14.9,8869.23,8.77,4.9,0
36135.11,0.222,0.239,0,5.1,11067.83,6.23,4.0,0
50477.26,0.499,0.451,1,12.6,20302.33,8.12,7.6,1
39348.91,0.392,0.308,1,13.3,8431.33,8.84,2.5,0
37041.01,0.486,0.768,2,12.3,12036.05,12.59,15.5,0
107457.88,0.255,0.252,0,5.2,22925.49,7.6,15.3,0
71501.19,0.254,0.736,0,3.8,12233.34,9.87,9.3,0
61642.65,0.572,0.812,1,12.1,18248.34,10.61,10.9,1
78014.41,0.349,0.2,1,8.0,6583.52,6.56,15.8,0
22923.11,0.444,0.106,0,6.5,4058.84,6.55,7.2,0
35113.61,0.261,0.249,0,4.4,3394.06,9.9,3.2,0
85972.11,0.198,0.331,0,3.9,4298.61,12.51,9.0,0
44486.45,0.206,0.667,1,3.9,3931.86,10.85,6.6,0
62641.47,0.331,0.07,0,5.6,24903.53,5.54,5.9,0
108863.23,0.284,0.565,2,2.9,45599.29,11.31,5.2,0
65555.26,0.457,0.174,0,10.7,13688.23,7.67,1.1,0
44063.27,0.339,0.094,0,5.0,11806.53,5.14,7.6,0
48429.81,0.226,0.267,2,1.8,8432.76,8.93,16.2,0
215973.86,0.1,0.078,0,17.4,10798.69,5.65,4.3,0
172233.59,0.197,0.017,0,8.3,40054.89,6.0,1.7,0
81764.89,0.354,0.147,0,12.6,12641.13,6.41,2.7,0
33417.85,0.106,0.13,1,12.6,9167.78,5.29,3.3,0
67977.23,0.218,0.5,1,3.7,15886.14,10.33,5.3,0
111987.26,0.221,0.113,0,6.1,35463.06,8.1,4.3,0
71561.76,0.246,0.439,0,9.0,21907.51,8.31,6.6,0
55811.75,0.437,0.496,0,2.9,15434.74,12.68,6.8,1
49033.76,0.493,0.575,2,3.6,10536.38,13.41,8.5,1
44916.38,0.303,0.751,1,5.8,8412.21,13.43,9.0,1
35414.16,0.309,0.524,1,8.7,15476.51,11.16,4.6,0
102366.17,0.348,0.379,0,2.4,26533.29,8.39,13.9,0
110157.62,0.098,0.523,0,16.2,13621.21,5.88,0.6,0
47900.63,0.244,0.186,0,6.6,13696.24,6.59,9.4,0
95166.34,0.125,0.328,0,5.6,28609.58,8.79,11.3,0
97466.09,0.318,0.634,0,17.8,7212.42,9.37,3.5,0
185610.87,0.259,0.263,0,4.8,40754.9,6.92,5.9,0
131512.14,0.115,0.348,0,6.2,49738.35,8.83,7.4,0
92624.59,0.246,0.158,0,9.8,43576.98,9.19,2.9,0
68137.55,0.147,0.392,0,1.0,23226.23,10.19,9.4,0
46501.65,0.297,0.469,1,5.2,23301.55,12.26,5.2,0
133315.65,0.381,0.077,0,12.2,17079.38,5.17,4.3,0
92169.61,0.167,0.385,0,5.4,35005.02,6.82,10.2,1
42091.47,0.265,0.693,0,12.9,18591.84,8.93,4.2,0
94008.72,0.163,0.467,0,8.1,30497.74,7.17,6.0,0
113800.4,0.3,0.327,0,13.7,44112.26,6.43,8.2,0
23048.49,0.39,0.167,1,9.9,8363.39,8.42,3.0,0
43879.54,0.38,0.128,1,13.5,14355.05,7.98,3.0,1
86384.22,0.396,0.331,0,3.8,31687.2,6.91,2.2,0
27358.08,0.379,0.722,0,11.3,6818.21,11.77,3.8,1
22570.31,0.396,0.772,1,6.2,6295.92,11.31,2.2,1
64107.99,0.323,0.699,0,8.9,7259.02,11.78,7.3,0
92848.77,0.257,0.372,0,2.5,42284.3,7.73,3.7,0
115680.83,0.343,0.22,0,17.9,8032.42,8.19,6.4,0
146325.85,0.39,0.462,2,11.9,69496.22,8.56,10.3,1
63681.43,0.205,0.265,1,4.6,7900.38,9.14,7.9,0
49741.65,0.287,0.663,1,3.4,23439.78,10.46,7.6,0
35682.5,0.128,0.873,0,21.1,8485.25,10.41,30.0,0
48518.88,0.369,0.282,2,4.0,23289.56,7.93,2.3,1
84955.27,0.431,0.339,0,15.9,28283.84,7.98,5.1,0
81674.54,0.222,0.203,0,9.3,20323.74,7.4,2.6,0
65959.2,0.331,0.24,0,8.6,9174.56,5.93,14.1,0
68780.92,0.49,0.588,2,6.1,28328.26,9.99,8.9,1
128936.85,0.453,0.178,1,3.6,41317.41,9.65,9.4,0
87179.35,0.189,0.092,1,15.3,20549.18,4.61,5.5,0
117875.12,0.188,0.891,1,8.2,37933.04,11.71,5.3,1
42344.08,0.188,0.511,1,5.2,7945.7,9.61,5.1,1
51066.5,0.386,0.948,1,9.1,19066.32,12.0,7.4,1
43978.52,0.33,0.94,1,7.9,14235.68,15.81,2.8,1
72873.9,0.398,0.537,2,6.0,11584.57,10.15,3.2,1
37840.45,0.369,0.427,1,23.2,16178.88,8.16,3.6,1
56173.81,0.338,0.631,0,14.0,17320.74,7.59,7.0,0
34759.76,0.213,0.361,1,5.9,14157.78,10.14,6.7,0
86100.29,0.32,0.671,0,5.5,25974.21,7.68,4.7,0
135147.61,0.258,0.489,0,5.6,59383.09,7.96,3.3,0
101779.22,0.346,0.527,1,27.5,36018.29,6.72,4.1,0
99568.6,0.256,0.158,1,17.5,16587.25,5.46,3.0,0
94343.51,0.553,0.392,1,14.2,40316.77,8.36,7.4,1
96634.29,0.248,0.28,0,14.4,13705.64,5.75,3.9,0
78634.8,0.412,0.629,1,20.1,20736.67,11.67,5.1,1
145633.16,0.16,0.218,0,7.1,50311.99,7.25,9.4,0
48152.9,0.388,0.357,0,4.4,11097.44,5.65,1.8,1
50958.75,0.498,0.634,2,7.9,5883.05,13.89,9.2,1
52144.4,0.54,0.394,1,21.9,8778.85,9.93,7.9,0
51483.19,0.325,0.958,1,12.2,9295.31,10.89,10.6,1
24485.91,0.403,0.941,2,6.6,3552.1,13.52,4.9,1
36586.29,0.27,0.552,0,6.4,10123.94,12.15,10.0,0
75901.64,0.385,0.446,0,9.8,17942.13,10.38,15.1,0
96502.96,0.34,0.458,1,7.1,24171.28,12.98,5.9,0
68340.52,0.386,0.144,0,3.5,21148.63,9.53,11.2,0
250000.0,0.336,0.567,0,6.3,63361.2,5.67,12.3,0
47487.2,0.318,0.62,0,1.4,18502.24,12.36,4.2,0
100587.14,0.153,0.575,0,17.2,16337.21,8.27,10.6,0
116133.99,0.405,0.597,0,13.6,28739.23,9.18,8.6,0
113206.1,0.18,0.355,0,23.7,23815.82,4.29,8.5,0
98650.72,0.09,0.732,0,20.3,13178.85,8.45,21.5,0
124449.38,0.417,0.523,1,24.0,31630.89,12.76,8.6,0
64411.23,0.215,0.388,0,4.6,11341.35,10.79,8.9,0
133328.93,0.18,0.327,0,6.1,34802.88,5.96,4.6,0
150853.07,0.061,0.43,0,6.1,29290.62,5.79,6.5,0
55504.72,0.178,0.24,0,8.9,23859.51,8.48,14.6,0
68111.0,0.332,0.242,0,21.1,21545.54,4.89,6.9,0
40319.15,0.283,0.256,0,13.6,16127.93,6.37,8.4,0
129330.16,0.338,0.731,1,2.8,22648.3,11.1,13.2,1
58465.29,0.407,0.362,0,22.3,14187.17,9.15,11.4,0
100267.45,0.395,0.668,2,17.2,12742.26,11.35,6.3,0
57337.59,0.273,0.314,2,14.5,24056.67,5.27,5.5,0
24905.53,0.232,0.605,1,6.8,4530.17,9.57,2.9,1
168197.51,0.476,0.721,2,4.7,75628.92,13.56,12.7,1
105207.39,0.179,0.087,0,7.8,5260.37,4.89,10.2,0
45317.86,0.19,0.064,0,2.0,7270.08,6.04,5.7,0
102895.6,0.375,0.341,1,1.9,41686.46,10.42,6.2,1
190696.87,0.101,0.102,2,15.3,65301.32,3.5,3.6,0
50601.08,0.291,0.64,1,10.7,23405.34,8.88,10.8,1
65246.21,0.301,0.516,0,10.8,19952.7,12.79,10.9,0
74641.07,0.333,0.316,1,7.1,13037.5,8.0,10.6,0
41687.02,0.131,0.542,1,9.6,17745.51,9.2,2.7,0
53068.79,0.289,0.272,0,5.5,10355.65,7.4,3.9,0
174577.66,0.476,0.371,2,5.2,12150.23,9.01,16.2,1
61109.17,0.302,0.082,0,7.6,9770.78,4.79,2.5,0
51491.19,0.326,0.315,0,15.8,15666.48,8.49,9.2,0
46993.76,0.439,0.301,0,11.0,7201.13,9.37,4.9,0
102508.62,0.195,0.475,0,7.0,14446.65,7.82,10.7,0
22091.01,0.54,0.751,1,8.2,2473.35,11.79,8.0,0
92053.28,0.156,0.568,0,5.6,31192.78,8.72,7.4,0
250000.0,0.323,0.139,0,10.6,31647.61,3.5,3.5,0
180383.92,0.099,0.667,0,7.5,42039.83,9.96,1.2,0
56308.02,0.367,0.836,1,15.3,9672.97,10.13,7.8,0
104460.26,0.462,0.753,0,16.9,48140.16,12.99,4.5,0
139142.1,0.071,0.524,0,9.5,14864.19,8.78,5.0,0
59810.24,0.294,0.534,0,12.0,22294.07,8.36,2.1,0
94348.45,0.297,0.601,1,10.1,10012.46,10.63,3.5,0
199730.64,0.085,0.422,0,3.0,48487.3,10.05,1.2,0
29777.76,0.383,0.757,0,15.7,5908.42,6.9,15.0,0
92119.62,0.209,0.161,0,15.2,13945.61,6.6,8.3,0
82066.09,0.262,0.1,0,3.5,35867.38,4.07,1.6,0
71180.66,0.293,0.818,0,14.5,17828.49,11.31,4.1,0
57020.18,0.206,0.202,0,2.3,8872.95,9.35,2.0,0
85758.78,0.286,0.312,0,6.6,14522.18,7.36,10.3,0
103969.5,0.045,0.337,0,19.0,27203.66,7.36,5.0,0
110472.9,0.535,0.813,1,14.2,37473.09,13.0,4.7,1
118536.39,0.03,0.425,0,9.6,38308.82,7.79,8.4,0
65516.6,0.154,0.283,2,5.2,4781.78,7.98,2.7,0
37579.01,0.201,0.724,0,11.3,4485.94,8.64,5.3,1
49406.41,0.44,0.201,1,7.8,4960.04,8.51,8.0,0
65241.15,0.31,0.766,1,3.6,8211.35,12.64,14.2,0
43874.69,0.214,0.415,0,12.8,8262.55,9.12,7.6,0
72811.59,0.289,0.776,0,6.2,13288.44,10.79,3.8,0
91840.42,0.253,0.582,0,4.6,26735.12,9.66,7.4,0
110465.12,0.49,0.944,0,21.8,40542.4,12.74,3.8,0
53676.42,0.287,0.405,0,31.5,21476.19,8.42,5.9,1
39154.17,0.447,0.301,2,14.0,19098.23,8.4,15.2,0
118470.88,0.131,0.27,1,10.0,31911.74,6.31,6.6,0
54974.55,0.351,0.789,1,8.4,16388.04,14.25,17.5,1
67170.22,0.373,0.52,0,10.2,9201.52,8.0,3.0,0
75923.37,0.487,0.461,1,4.2,32416.16,9.03,5.9,1
84953.24,0.358,0.532,1,8.8,23635.28,12.14,3.2,0
37409.88,0.347,0.221,2,6.4,9248.16,7.0,1.5,0
121188.43,0.24,0.597,0,13.5,26665.96,10.09,2.3,0
53555.05,0.271,0.784,1,1.7,13438.23,12.28,5.6,1
145265.58,0.486,0.673,0,10.9,35364.44,9.37,12.9,0
37058.72,0.287,0.423,0,9.0,13727.59,7.7,6.0,0
88598.36,0.314,0.21,1,22.4,35246.65,9.74,6.3,0
65629.21,0.254,0.022,0,14.1,6130.76,7.57,5.3,0
34490.99,0.03,0.01,0,9.8,3249.44,6.73,6.1,0
81510.82,0.384,0.754,0,8.8,8703.65,15.26,2.3,0
32905.64,0.131,0.192,0,16.0,8865.03,8.58,0.8,0
61211.26,0.341,0.504,0,7.6,10022.11,12.23,6.2,0
104154.22,0.389,0.636,2,14.1,25328.05,11.95,13.4,0
46098.8,0.168,0.247,2,9.6,5049.14,7.76,11.5,0
58537.03,0.197,0.043,0,8.1,11972.77,4.74,15.7,0
101329.19,0.236,0.535,0,4.8,23528.38,7.49,2.8,0
56046.4,0.433,0.879,2,6.8,23230.52,14.06,8.6,1
55520.73,0.355,0.09,0,8.3,7247.3,7.59,17.9,0
101134.58,0.44,0.196,0,4.0,19745.03,7.91,7.8,0
44287.52,0.118,0.615,0,9.2,14118.68,9.6,5.1,0
75697.32,0.2,0.453,0,11.8,17914.93,8.77,3.2,0
90536.23,0.345,0.24,0,2.4,33179.73,6.82,15.2,0
41021.93,0.32,0.391,0,9.9,9588.77,8.42,7.1,0
211249.7,0.102,0.583,0,34.3,13799.84,6.28,1.5,0
62852.01,0.122,0.353,0,10.9,18473.29,7.41,3.4,0
84977.93,0.433,0.743,0,7.3,30064.36,12.21,0.9,1
126519.57,0.219,0.543,0,3.3,6358.12,10.43,6.5,0
43495.18,0.469,0.465,1,10.3,7600.8,9.92,3.1,0
61783.91,0.433,0.113,0,22.5,10686.8,7.29,2.8,0
65691.07,0.388,0.663,0,3.6,13695.06,10.36,1.5,1
116356.33,0.182,0.159,0,5.4,13066.71,5.71,0.8,0
42071.31,0.243,0.569,0,10.8,18078.41,7.66,4.0,0
38991.48,0.305,0.493,1,20.3,9633.79,9.72,7.4,0
175957.77,0.216,0.109,0,3.6,67856.72,6.26,5.3,0
30406.15,0.521,1.0,2,14.5,10719.03,14.29,0.3,1
87245.15,0.105,0.083,0,6.4,37334.6,4.24,5.0,0
66790.69,0.196,0.614,0,15.2,16573.06,10.38,9.4,0
53983.93,0.438,0.932,0,22.3,16883.37,11.39,3.4,0
101070.07,0.461,0.774,3,4.6,22713.83,12.26,5.2,1
54510.68,0.473,0.721,1,8.5,26501.59,11.24,6.8,0
69437.01,0.153,0.265,0,19.3,28888.27,5.97,1.5,0
57732.41,0.338,0.266,0,10.8,6264.47,9.31,6.7,0
72158.66,0.159,0.385,0,8.7,7248.09,8.88,7.5,0
42674.07,0.318,0.293,1,3.0,15323.23,6.54,0.9,1
69505.32,0.353,0.281,0,5.3,28472.46,7.86,10.3,0
171805.11,0.111,0.152,0,10.4,18729.42,5.92,4.7,0
95730.27,0.382,0.402,0,9.3,20826.24,8.83,8.1,0
53657.02,0.424,0.326,2,6.6,7028.32,7.8,10.1,0
113573.7,0.186,0.673,0,11.6,31733.89,8.81,4.2,0
24893.36,0.259,0.607,1,11.1,3738.21,9.05,4.3,0
117227.32,0.177,0.508,0,9.8,27611.04,7.66,7.5,0
114208.59,0.266,0.261,0,8.1,53860.36,6.49,3.6,0
242172.96,0.173,0.292,0,6.1,80000.0,6.29,6.6,0
84196.52,0.262,0.429,1,11.5,42275.62,9.9,3.2,1
95380.17,0.334,0.526,0,12.8,7043.43,6.45,4.3,0
95702.87,0.5,0.951,2,12.9,16944.09,16.69,10.5,1
36436.39,0.263,0.668,0,8.5,6320.44,10.85,1.1,0
51815.16,0.202,0.423,0,7.4,18322.79,9.27,11.6,0
55899.09,0.499,0.348,0,9.8,23645.29,7.82,4.5,0
214828.06,0.096,0.123,0,5.4,80000.0,4.49,5.6,0
46520.19,0.217,0.108,0,1.8,14111.5,3.5,1.1,0
35922.78,0.318,0.657,0,17.5,14109.78,9.09,11.5,0
65701.67,0.314,0.525,1,15.3,9512.07,9.71,11.8,0
116638.34,0.361,0.535,0,13.2,28133.7,8.91,1.0,0
50857.34,0.087,0.819,0,7.9,15957.47,10.51,21.0,0
140769.92,0.258,0.01,0,11.2,37179.04,5.4,1.8,0
122763.6,0.455,0.46,0,8.7,21391.4,10.84,8.2,0
163540.7,0.142,0.01,0,4.9,26126.82,8.24,2.9,0
67236.2,0.443,0.922,0,12.8,25705.11,11.94,7.5,1
53881.37,0.431,0.222,3,7.6,15581.91,10.17,4.9,1
168764.75,0.215,0.235,0,4.8,74744.77,4.09,4.3,0
63022.86,0.515,0.814,0,15.1,22556.36,9.61,5.5,0
110566.12,0.299,0.567,0,2.0,20309.27,8.66,5.1,0
167465.52,0.213,0.271,1,8.9,26363.63,4.73,6.6,0
121997.18,0.086,0.632,0,5.8,38349.23,9.38,10.1,0
38141.58,0.48,0.237,0,5.0,16169.94,7.52,6.1,0
48782.24,0.268,0.223,1,4.4,8415.88,8.0,18.3,0
78998.94,0.283,0.593,0,22.4,32088.31,10.01,2.6,0
97473.04,0.282,0.261,0,13.8,34328.12,8.37,7.2,0
87077.96,0.306,0.313,0,20.9,41269.13,4.95,4.0,0
187792.72,0.287,0.294,1,2.6,50851.39,7.94,10.5,0
92968.05,0.207,0.349,0,5.4,27438.27,7.02,8.7,0
42975.29,0.382,0.606,0,6.2,15704.56,9.18,3.0,0
38467.23,0.211,0.246,0,10.4,13847.94,5.17,6.3,0
115452.2,0.176,0.399,1,9.7,27530.44,7.83,2.0,0
65696.19,0.348,0.22,0,2.4,22635.22,9.25,10.4,0
28109.15,0.508,0.816,0,4.2,4785.86,12.53,2.3,1
62679.22,0.435,0.17,0,6.9,28259.96,8.66,6.7,0
39284.52,0.431,0.48,1,11.8,12608.66,10.83,1.7,1
49276.35,0.334,0.393,1,11.6,10633.4,8.33,10.7,0
91324.42,0.238,0.209,0,13.3,19474.92,4.38,7.5,0
58610.73,0.087,0.415,0,13.7,24771.48,3.81,2.1,0
54468.22,0.311,0.55,0,23.4,12893.56,6.04,3.5,0
49104.86,0.48,0.799,0,19.8,22527.48,8.98,4.0,0
43923.05,0.391,0.419,1,14.9,16994.57,11.48,7.1,1
41781.56,0.252,0.47,0,5.2,8030.99,8.28,16.7,0
49140.44,0.249,0.422,0,16.3,20141.53,5.61,1.6,0
54019.64,0.176,0.157,0,5.0,21865.3,6.62,4.9,0
90268.38,0.333,0.395,0,3.6,18696.29,6.26,2.7,0
92801.31,0.29,0.272,1,6.6,27754.2,5.55,13.8,0
113417.28,0.325,0.112,0,13.9,40879.31,7.12,5.8,0
227159.17,0.261,0.354,0,5.8,43161.16,10.01,13.5,0
89022.94,0.228,0.664,2,8.8,34674.44,9.39,3.4,0
106735.03,0.233,0.543,0,13.4,26346.61,8.68,6.0,0
103155.14,0.282,0.499,0,19.2,26712.16,6.5,7.6,0
73720.57,0.156,0.598,1,17.4,11430.1,10.87,20.0,0
67169.72,0.277,0.208,0,20.4,19175.02,7.33,4.2,0
87246.46,0.271,0.041,0,16.5,11946.68,6.01,2.2,0
46371.69,0.405,0.086,1,14.7,13780.23,4.35,7.8,0
129335.48,0.255,0.504,0,8.4,22304.04,8.55,2.4,0
87851.47,0.096,0.132,0,6.6,29337.28,8.17,3.6,0
133813.99,0.199,0.47,0,5.3,50325.93,8.84,8.0,1
96459.69,0.294,0.455,0,16.7,33016.1,11.25,7.5,0
46925.16,0.304,0.428,0,7.9,11530.9,9.47,2.6,0
112336.53,0.241,0.671,0,7.4,11860.22,8.19,5.7,0
19930.62,0.262,0.71,1,9.1,4459.19,10.04,3.5,0
179425.22,0.298,0.517,1,25.9,43459.58,6.32,6.3,0
42467.75,0.265,0.281,1,4.3,13806.38,10.5,4.4,1
92533.83,0.193,0.605,0,10.9,22752.39,9.43,11.0,0
103139.58,0.097,0.226,0,3.4,31366.02,7.62,9.8,0
133502.24,0.184,0.677,0,21.7,39517.2,10.37,1.7,0
57254.43,0.283,0.291,1,14.3,11006.93,6.7,5.9,1
24742.14,0.12,0.192,0,2.2,9533.35,4.71,4.0,0
35589.58,0.425,0.893,3,3.0,15869.32,17.21,8.0,1
75916.73,0.199,0.313,0,7.1,8634.37,6.78,4.0,0
25943.25,0.141,0.364,0,6.7,7191.35,7.58,6.4,0
87276.67,0.412,0.323,0,2.0,5810.59,8.8,2.6,0
43169.95,0.281,0.503,0,8.1,9798.41,10.37,1.0,0
98160.46,0.27,0.176,0,11.6,10729.6,4.25,5.6,0
52784.03,0.582,0.656,0,7.9,9699.39,12.7,2.1,1
187312.79,0.412,0.536,0,6.2,41885.01,11.97,6.5,0
62001.16,0.403,0.556,1,15.4,27616.08,9.14,0.5,0
89563.37,0.4,0.433,0,5.1,25116.7,7.42,11.2,0
76815.13,0.072,0.361,0,19.5,11277.04,3.99,4.5,0
34628.44,0.238,0.611,0,24.3,5096.02,9.3,2.9,0
65519.99,0.13,0.171,0,26.1,15882.04,3.69,10.5,0
96479.83,0.292,0.264,0,3.8,34356.8,8.63,15.0,1
83015.82,0.206,0.731,0,6.3,22516.03,11.7,8.0,0
61330.34,0.463,0.672,0,16.4,26694.57,10.9,4.6,1
35184.76,0.491,0.439,0,10.8,13632.97,10.79,11.8,1
122019.14,0.213,0.623,0,8.5,39210.44,8.82,10.2,0
76287.09,0.267,0.937,0,22.0,7983.0,9.86,17.2,0
113941.89,0.245,0.494,0,3.7,38844.43,8.99,7.4,1
52899.51,0.322,0.532,1,6.0,11223.1,10.25,6.8,0
24541.79,0.402,0.712,1,14.8,4402.09,10.55,4.6,1
90538.85,0.204,0.309,1,15.2,12419.04,10.39,4.3,0
79746.19,0.266,0.121,0,3.3,30627.51,3.9,5.3,0
132978.53,0.205,0.688,0,2.3,43075.27,11.01,7.2,1
65203.11,0.374,0.316,0,6.6,24714.1,5.73,10.0,0
69977.01,0.272,0.019,1,7.8,18394.6,6.26,11.2,1
90925.09,0.203,0.706,0,12.3,38592.9,11.71,8.5,0
46656.66,0.312,0.219,0,0.9,22198.66,4.0,10.4,0
46073.14,0.293,0.176,0,10.4,17886.56,7.02,6.8,0
68574.75,0.433,0.682,1,9.5,31218.26,11.97,9.5,1
56960.8,0.343,0.451,1,10.4,23713.55,9.03,4.2,0
56629.01,0.335,0.565,0,4.0,8425.25,8.92,0.0,0
195052.65,0.318,0.031,1,9.2,55917.68,6.13,6.7,0
108383.66,0.388,0.07,0,7.9,40214.45,7.09,10.1,0
76951.92,0.183,0.196,0,12.1,15846.08,3.5,6.1,0
193745.29,0.206,0.24,0,11.7,50458.01,6.3,1.6,0
45176.84,0.429,0.363,0,6.8,7946.14,9.01,1.0,0
206974.09,0.154,0.62,2,12.4,80000.0,11.14,5.7,1
49230.93,0.349,0.72,0,15.4,8993.35,13.41,2.9,0
174610.19,0.212,0.165,1,11.8,55875.2,7.73,7.0,0
243610.57,0.152,0.01,0,6.0,80000.0,5.37,6.7,0
23893.93,0.395,0.54,0,5.8,11312.4,9.32,3.6,0
128759.76,0.215,0.492,0,4.3,27729.18,7.69,6.8,0
71934.96,0.222,0.41,0,8.8,12402.79,7.92,8.2,0
58728.49,0.174,0.451,1,3.7,7199.15,8.48,5.4,0
84296.31,0.288,0.481,0,8.2,21454.63,8.16,2.8,0
37597.7,0.232,0.45,0,7.2,16758.46,9.19,5.0,1
93554.15,0.272,0.516,2,7.9,7355.75,12.8,11.5,0
37933.79,0.401,0.262,1,6.8,11112.38,10.32,0.1,1
98627.33,0.158,0.161,0,8.2,38323.85,7.41,3.5,0
152516.87,0.071,0.385,0,7.7,33384.36,9.48,9.8,0
113901.56,0.173,0.199,0,24.5,29728.45,4.97,9.1,0
66048.71,0.267,0.022,0,23.6,28313.89,3.51,0.8,0
69275.6,0.481,0.316,1,1.4,31628.05,11.07,9.5,0
24907.0,0.6,0.527,2,7.6,11031.05,10.99,3.7,1
43786.26,0.231,0.096,1,7.2,13518.32,5.21,22.6,0
61259.98,0.144,0.451,0,4.6,10417.46,10.64,6.1,0
102786.93,0.284,0.01,0,12.1,35781.41,3.53,7.2,0
76596.91,0.29,0.74,1,9.8,19819.28,10.82,9.8,0
112895.72,0.046,0.23,0,13.9,43512.6,6.73,10.6,0
73549.89,0.216,0.256,0,5.8,18834.4,8.01,9.4,0
37026.62,0.309,0.295,0,12.2,18228.3,6.56,1.8,0
164205.3,0.219,0.298,0,10.0,67780.4,7.8,5.8,0
54839.51,0.292,0.01,0,8.8,21317.44,3.86,2.0,0
82974.67,0.442,0.407,1,29.0,21349.58,9.41,9.3,1
61583.55,0.256,0.819,1,4.4,19355.57,11.79,14.7,1
98469.32,0.331,0.666,0,20.9,16340.37,11.05,13.1,0
50227.35,0.3,0.209,1,2.5,4584.07,8.92,6.8,0
102260.39,0.385,0.617,0,3.1,33558.84,13.66,5.3,0
96278.86,0.215,0.648,1,7.1,33591.82,10.43,2.4,0
111669.31,0.123,0.308,0,12.1,34806.76,8.16,8.4,0
73830.76,0.326,0.254,0,3.7,29154.56,9.48,1.7,0
43217.92,0.383,0.652,1,13.6,5531.49,11.36,3.6,0
250000.0,0.239,0.196,0,11.3,79325.24,5.58,15.7,0
52217.85,0.246,0.557,0,17.0,4482.72,7.13,2.9,0
99729.15,0.236,0.289,1,15.0,33262.76,5.61,10.0,0
67158.56,0.459,0.409,2,9.7,11541.03,12.67,7.1,1
62285.1,0.2,0.802,2,1.7,28728.27,11.31,6.2,1
75483.07,0.197,0.727,0,4.0,33029.71,9.88,12.7,0
67110.96,0.134,0.021,0,26.0,29536.76,4.51,12.3,0
84253.78,0.436,0.361,2,21.0,17985.25,10.03,13.5,0
64992.94,0.481,0.537,3,16.1,16608.05,11.61,4.3,1
250000.0,0.331,0.311,0,20.5,80000.0,7.49,10.2,0
118233.55,0.346,0.315,0,1.4,17560.16,9.77,5.3,0
92677.8,0.233,0.804,0,3.2,29192.99,12.84,10.7,1
100224.1,0.226,0.255,0,15.0,13275.71,6.09,4.2,0
158035.25,0.181,0.132,2,22.8,19949.85,4.92,8.0,0
39756.53,0.158,0.463,1,4.7,9715.18,10.27,5.9,0
58121.97,0.305,0.241,1,22.3,21601.89,7.13,7.9,0
31828.77,0.257,0.541,0,2.7,6677.5,10.16,6.2,0
115708.78,0.358,0.413,0,13.0,20584.22,7.22,11.1,0
97968.79,0.141,0.766,0,0.8,34227.8,12.75,3.4,0
45721.41,0.247,0.642,1,12.6,4470.08,10.24,7.0,0
100908.7,0.275,0.827,0,7.6,50118.45,12.69,5.8,0
35620.59,0.33,0.713,0,4.1,17248.24,11.78,7.1,0
41955.63,0.399,0.913,3,11.5,6378.38,11.69,5.8,1
83706.54,0.275,0.01,0,13.4,16247.03,4.97,4.4,0
133436.13,0.214,0.778,1,5.7,48368.85,11.05,11.7,0
39182.11,0.376,0.85,0,18.9,5871.1,10.36,3.1,0
69267.07,0.335,0.29,0,11.2,8392.15,5.0,13.7,0
104389.96,0.268,0.325,0,4.4,45572.1,10.4,2.7,0
72799.35,0.26,0.347,2,6.2,33312.02,10.16,15.1,0
90924.02,0.198,0.561,1,14.5,8984.95,9.21,2.4,0
96017.54,0.293,0.714,0,6.2,36648.33,9.22,18.0,0
66639.28,0.165,0.211,0,16.7,12704.1,4.28,5.4,0
137893.22,0.293,0.526,0,7.3,55601.68,8.95,13.5,0
67209.99,0.253,0.154,1,5.0,11394.42,7.48,6.1,0
56153.89,0.257,0.166,2,14.8,11927.31,4.17,6.1,0
125054.51,0.327,0.069,0,21.1,33902.77,6.86,4.7,0
48807.59,0.277,0.519,0,5.4,17762.69,9.87,2.1,0
79882.39,0.282,0.286,2,8.2,16083.29,7.55,1.8,0
42380.62,0.266,0.613,1,32.0,12699.91,10.02,1.5,0
235229.99,0.19,0.21,0,17.4,23271.6,6.98,2.7,0
250000.0,0.312,0.013,0,20.4,80000.0,7.19,2.3,0
58883.4,0.44,0.487,0,19.3,12362.65,7.86,4.9,0
99333.22,0.157,0.538,0,6.3,15614.01,9.17,8.9,0
84258.17,0.169,0.235,0,3.7,30751.67,8.51,13.3,0
67744.2,0.343,0.352,0,13.8,24654.47,9.29,4.3,0
68827.11,0.32,0.815,0,4.9,15083.84,13.24,12.9,1
67725.45,0.4,0.262,1,4.3,29916.84,7.31,3.7,0
46100.17,0.125,0.339,1,16.5,3936.12,10.78,2.7,0
82034.82,0.369,0.327,1,15.4,18069.2,7.58,17.8,0
55264.47,0.296,0.343,0,1.5,7744.24,5.64,0.8,1
84908.25,0.307,0.443,1,6.2,29528.69,8.45,5.3,0
67274.11,0.306,0.275,1,5.2,29389.84,7.29,5.1,0
48408.05,0.469,0.926,0,21.5,18488.13,10.29,6.6,0
91120.81,0.483,0.425,2,2.3,40237.31,14.78,14.4,1
74584.45,0.34,0.693,1,8.7,26761.73,9.55,1.9,0
207103.57,0.03,0.036,0,6.8,10355.18,4.79,1.0,0
65340.65,0.555,0.499,0,9.6,21391.76,8.69,11.0,0
55859.1,0.182,0.455,1,4.6,13073.53,9.96,3.5,0
61665.24,0.44,0.489,2,8.6,32391.9,9.58,5.7,1
29784.42,0.199,0.391,0,10.0,11010.78,5.11,2.8,0
247503.85,0.198,0.226,0,8.3,80000.0,6.08,7.3,0
77482.74,0.208,0.222,0,11.9,26979.08,7.86,6.9,0
202776.85,0.29,0.326,2,7.3,39960.95,9.54,11.3,1
40351.79,0.357,0.174,1,12.1,18847.87,8.04,2.2,0
33483.39,0.397,0.369,1,8.1,15150.69,6.79,3.1,1
82193.38,0.372,0.264,0,2.2,17541.16,9.06,3.6,0
84102.62,0.199,0.643,1,7.3,37267.82,10.72,4.3,0
73569.46,0.524,0.222,0,8.5,16935.87,8.9,4.5,0
77456.53,0.337,0.579,1,18.9,26807.36,9.77,12.8,0
53112.3,0.192,0.344,0,9.1,17793.82,7.29,6.4,0
28235.93,0.421,0.944,0,8.5,5658.94,13.02,2.6,1
63679.04,0.186,0.565,1,8.3,32349.31,7.12,8.5,0
30889.89,0.359,0.352,0,4.9,12680.71,10.05,13.5,0
36070.0,0.428,0.268,0,26.3,15489.77,7.89,5.8,0
79771.85,0.03,0.01,0,11.8,13929.48,4.78,5.3,0
85621.55,0.285,0.756,0,24.8,39379.37,10.14,5.2,0
199319.48,0.315,0.601,0,22.7,47112.56,9.82,3.3,0
111086.39,0.15,0.156,0,6.1,23532.43,7.19,8.0,0
150630.03,0.163,0.135,0,2.1,29122.77,4.62,4.2,1
93371.27,0.221,0.293,0,3.3,28827.38,10.63,8.3,0
95763.5,0.083,0.386,0,23.0,33881.03,7.58,13.9,0
250000.0,0.281,0.412,0,10.8,80000.0,10.37,9.5,0
29633.53,0.275,0.283,0,11.2,10144.37,7.65,5.0,0
65124.6,0.232,0.076,1,11.4,10325.38,6.59,2.0,0
57891.37,0.134,0.35,0,5.6,5307.94,7.21,2.2,0
89630.23,0.365,0.467,0,2.1,41511.23,10.68,9.5,1
36723.11,0.208,0.729,1,19.8,4818.33,9.0,1.5,0
86381.9,0.526,0.601,1,7.9,18325.1,10.81,2.6,1
85565.4,0.219,0.529,2,9.4,11384.89,12.44,15.9,0
89485.26,0.393,0.552,0,9.6,24242.79,8.09,8.1,0
79959.53,0.342,0.388,1,5.7,39338.43,9.66,14.1,0
132939.95,0.382,0.215,0,5.8,58184.37,6.09,1.7,0
89107.15,0.304,0.341,1,13.3,19821.3,6.22,13.7,0
95444.87,0.124,0.825,1,7.2,35473.41,10.84,3.1,0
42714.77,0.22,0.156,1,19.4,8034.35,7.4,7.3,0
47310.93,0.178,0.312,0,14.4,19865.52,3.75,19.2,1
122413.98,0.313,0.675,3,19.7,20579.45,12.61,5.3,1
46516.15,0.289,0.475,0,6.5,15974.62,11.34,2.8,0
91258.64,0.307,0.512,0,8.1,9079.56,6.76,7.6,0
73291.83,0.423,0.557,2,13.2,20071.07,12.17,8.0,1
123070.15,0.422,0.5,0,2.6,22356.53,11.4,5.5,0
